video_id,word,gloss,source
0012.000,Anlamak,ANLAMAK,tid_sozluk
0022.000,Aynı,AYNI,tid_sozluk
0022.001,Aynı,AYNI,tid_sozluk
0035.001,"Ad, İsim",AD,tid_sozluk
0035.001,"Ad, İsim",İSİM,tid_sozluk
0035.001,"Ad, İsim",AD,tid_sozluk
0035.001,"Ad, İsim",İSİM,tid_sozluk
0035.000,"Ad, İsim",AD,tid_sozluk
0035.000,"Ad, İsim",İSİM,tid_sozluk
0035.000,"Ad, İsim",AD,tid_sozluk
0035.000,"Ad, İsim",İSİM,tid_sozluk
0038.000,Anne,ANNE,tid_sozluk
0043.000,Araba,ARABA,tid_sozluk
0044.001,Almak,ALMAK,tid_sozluk
0044.000,Almak,ALMAK,tid_sozluk
0055.000,Arkadaş,ARKADAŞ,tid_sozluk
0074.000,Aile,AİLE,tid_sozluk
0075.000,Anlatmak,ANLATMAK,tid_sozluk
0105.000,Ama,AMA,tid_sozluk
0120.000,Az,AZ,tid_sozluk
0144.000,Ağır,AĞIR,tid_sozluk
0144.001,Ağır,AĞIR,tid_sozluk
0152.000,Alışmak,ALIŞMAK,tid_sozluk
0152.001,Alışmak,ALIŞMAK,tid_sozluk
0159.001,Açmak,AÇMAK,tid_sozluk
0159.000,Açmak,AÇMAK,tid_sozluk
0159.002,Açmak,AÇMAK,tid_sozluk
0164.000,Ay,AY,tid_sozluk
0187.000,Allah,ALLAH,tid_sozluk
0196.000,Akıl,AKIL,tid_sozluk
0207.000,Atmak,ATMAK,tid_sozluk
0218.000,Altyazı,ALTYAZI,tid_sozluk
0218.001,Altyazı,ALTYAZI,tid_sozluk
0230.001,Akla gelmek,AKLA GELMEK,tid_sozluk
0230.000,Akla gelmek,AKLA GELMEK,tid_sozluk
0258.000,Akşam,AKŞAM,tid_sozluk
0262.000,Aramak,ARAMAK,tid_sozluk
0262.001,Aramak,ARAMAK,tid_sozluk
0262.002,Aramak,ARAMAK,tid_sozluk
0273.001,Adam,ADAM,tid_sozluk
0273.002,Adam,ADAM,tid_sozluk
0273.000,Adam,ADAM,tid_sozluk
0274.000,Ayrı,AYRI,tid_sozluk
0274.001,Ayrı,AYRI,tid_sozluk
0292.002,Ağrımak,AĞRIMAK,tid_sozluk
0292.000,Ağrımak,AĞRIMAK,tid_sozluk
0292.001,Ağrımak,AĞRIMAK,tid_sozluk
0299.000,Araştırmak,ARAŞTIRMAK,tid_sozluk
0312.000,Arka,ARKA,tid_sozluk
0332.001,Ağlamak,AĞLAMAK,tid_sozluk
0332.000,Ağlamak,AĞLAMAK,tid_sozluk
0343.000,Abla,ABLA,tid_sozluk
0343.001,Abla,ABLA,tid_sozluk
0343.002,Abla,ABLA,tid_sozluk
0344.000,Asker,ASKER,tid_sozluk
0350.001,Acı,ACI,tid_sozluk
0350.000,Acı,ACI,tid_sozluk
0350.002,Acı,ACI,tid_sozluk
0356.000,Ağız,AĞIZ,tid_sozluk
0357.000,An,AN,tid_sozluk
0357.001,An,AN,tid_sozluk
0358.001,Anlaşmak,ANLAŞMAK,tid_sozluk
0358.000,Anlaşmak,ANLAŞMAK,tid_sozluk
0366.000,Aşağı,AŞAĞI,tid_sozluk
0366.001,Aşağı,AŞAĞI,tid_sozluk
0396.001,Acı çekmek,ACI ÇEKMEK,tid_sozluk
0396.002,Acı çekmek,ACI ÇEKMEK,tid_sozluk
0396.000,Acı çekmek,ACI ÇEKMEK,tid_sozluk
0409.000,Aşk,AŞK,tid_sozluk
0430.001,Acımak,ACIMAK,tid_sozluk
0430.002,Acımak,ACIMAK,tid_sozluk
0430.000,Acımak,ACIMAK,tid_sozluk
0461.000,Altın,ALTIN,tid_sozluk
0461.001,Altın,ALTIN,tid_sozluk
0476.000,Ameliyat,AMELİYAT,tid_sozluk
0476.001,Ameliyat,AMELİYAT,tid_sozluk
0484.001,Akraba,AKRABA,tid_sozluk
0484.000,Akraba,AKRABA,tid_sozluk
0485.001,Amca,AMCA,tid_sozluk
0485.000,Amca,AMCA,tid_sozluk
0485.002,Amca,AMCA,tid_sozluk
0493.000,Ayak,AYAK,tid_sozluk
0509.001,"Akıllı, Zeki",AKILLI,tid_sozluk
0509.001,"Akıllı, Zeki",ZEKİ,tid_sozluk
0509.001,"Akıllı, Zeki",AKILLI,tid_sozluk
0509.001,"Akıllı, Zeki",ZEKİ,tid_sozluk
0509.000,"Akıllı, Zeki",AKILLI,tid_sozluk
0509.000,"Akıllı, Zeki",ZEKİ,tid_sozluk
0509.000,"Akıllı, Zeki",AKILLI,tid_sozluk
0509.000,"Akıllı, Zeki",ZEKİ,tid_sozluk
0538.000,"Abi, Ağabey",ABİ,tid_sozluk
0538.000,"Abi, Ağabey",AĞABEY,tid_sozluk
0539.002,Açık,AÇIK,tid_sozluk
0539.001,Açık,AÇIK,tid_sozluk
0539.000,Açık,AÇIK,tid_sozluk
0552.000,Aferin,AFERİN,tid_sozluk
0553.000,Ayakkabı,AYAKKABI,tid_sozluk
0601.000,Ayıp,AYIP,tid_sozluk
0601.001,Ayıp,AYIP,tid_sozluk
0616.002,Ait,AİT,tid_sozluk
0616.001,Ait,AİT,tid_sozluk
0616.000,Ait,AİT,tid_sozluk
0617.000,Antrenman,ANTRENMAN,tid_sozluk
0634.000,Ara,ARA,tid_sozluk
0657.000,Ağaç,AĞAÇ,tid_sozluk
0657.001,Ağaç,AĞAÇ,tid_sozluk
0692.000,Aday,ADAY,tid_sozluk
0693.001,Alt,ALT,tid_sozluk
0693.000,Alt,ALT,tid_sozluk
0722.000,Akmak,AKMAK,tid_sozluk
0722.001,Akmak,AKMAK,tid_sozluk
0723.000,Aptal,APTAL,tid_sozluk
0723.001,Aptal,APTAL,tid_sozluk
0724.000,Atlamak,ATLAMAK,tid_sozluk
0724.001,Atlamak,ATLAMAK,tid_sozluk
0746.000,Ateş,ATEŞ,tid_sozluk
0747.000,Ayrılmak,AYRILMAK,tid_sozluk
0747.001,Ayrılmak,AYRILMAK,tid_sozluk
0768.000,Anjiyo,ANJİYO,tid_sozluk
0769.002,Azalmak,AZALMAK,tid_sozluk
0769.001,Azalmak,AZALMAK,tid_sozluk
0769.000,Azalmak,AZALMAK,tid_sozluk
0798.001,Acemi,ACEMİ,tid_sozluk
0798.000,Acemi,ACEMİ,tid_sozluk
0798.002,Acemi,ACEMİ,tid_sozluk
0832.000,"Araba Sürmek, Araba kullanmak",ARABA SÜRMEK,tid_sozluk
0832.000,"Araba Sürmek, Araba kullanmak",ARABA KULLANMAK,tid_sozluk
0872.002,Aman,AMAN,tid_sozluk
0872.000,Aman,AMAN,tid_sozluk
0872.001,Aman,AMAN,tid_sozluk
0873.000,Ambulans,AMBULANS,tid_sozluk
0873.001,Ambulans,AMBULANS,tid_sozluk
0874.000,Ayrımcılık,AYRIMCILIK,tid_sozluk
0916.000,Acele,ACELE,tid_sozluk
0917.001,Adres,ADRES,tid_sozluk
0917.002,Adres,ADRES,tid_sozluk
0917.000,Adres,ADRES,tid_sozluk
0918.002,Artmak,ARTMAK,tid_sozluk
0918.001,Artmak,ARTMAK,tid_sozluk
0918.000,Artmak,ARTMAK,tid_sozluk
0919.001,Aşık olmak,AŞIK OLMAK,tid_sozluk
0919.000,Aşık olmak,AŞIK OLMAK,tid_sozluk
0920.000,Avantaj,AVANTAJ,tid_sozluk
0920.001,Avantaj,AVANTAJ,tid_sozluk
0921.001,Ayran,AYRAN,tid_sozluk
0921.000,Ayran,AYRAN,tid_sozluk
0964.000,Altı,ALTI,tid_sozluk
0967.000,Affetmek,AFFETMEK,tid_sozluk
0967.001,Affetmek,AFFETMEK,tid_sozluk
0968.000,Akıtmak,AKITMAK,tid_sozluk
0969.001,Asla,ASLA,tid_sozluk
0969.000,Asla,ASLA,tid_sozluk
0970.000,Aynen,AYNEN,tid_sozluk
0970.001,Aynen,AYNEN,tid_sozluk
1011.001,Aç,AÇ,tid_sozluk
1011.000,Aç,AÇ,tid_sozluk
1012.000,Anneanne,ANNEANNE,tid_sozluk
1013.000,Artı,ARTI,tid_sozluk
1014.000,At,AT,tid_sozluk
1015.000,Avukat,AVUKAT,tid_sozluk
1016.000,Ayırmak,AYIRMAK,tid_sozluk
1016.001,Ayırmak,AYIRMAK,tid_sozluk
1016.002,Ayırmak,AYIRMAK,tid_sozluk
1069.001,Açıklamak,AÇIKLAMAK,tid_sozluk
1069.000,Açıklamak,AÇIKLAMAK,tid_sozluk
1070.000,Akıcı,AKICI,tid_sozluk
1070.001,Akıcı,AKICI,tid_sozluk
1071.001,"Arzu, İstek",ARZU,tid_sozluk
1071.001,"Arzu, İstek",İSTEK,tid_sozluk
1071.001,"Arzu, İstek",ARZU,tid_sozluk
1071.001,"Arzu, İstek",İSTEK,tid_sozluk
1071.000,"Arzu, İstek",ARZU,tid_sozluk
1071.000,"Arzu, İstek",İSTEK,tid_sozluk
1071.000,"Arzu, İstek",ARZU,tid_sozluk
1071.000,"Arzu, İstek",İSTEK,tid_sozluk
1072.000,Aslan,ASLAN,tid_sozluk
1132.000,Abartmak,ABARTMAK,tid_sozluk
1132.001,Abartmak,ABARTMAK,tid_sozluk
1133.000,Adet,ADET,tid_sozluk
1134.000,Afiş,AFİŞ,tid_sozluk
1135.000,Ağrı,AĞRI,tid_sozluk
1135.001,Ağrı,AĞRI,tid_sozluk
1135.002,Ağrı,AĞRI,tid_sozluk
1136.000,Alet,ALET,tid_sozluk
1137.001,Allah korusun,ALLAH KORUSUN,tid_sozluk
1137.000,Allah korusun,ALLAH KORUSUN,tid_sozluk
1138.001,Arap,ARAP,tid_sozluk
1138.000,Arap,ARAP,tid_sozluk
1139.001,Aşağılamak,AŞAĞILAMAK,tid_sozluk
1139.000,Aşağılamak,AŞAĞILAMAK,tid_sozluk
1295.000,Ağır konuşma,AĞIR KONUŞMA,tid_sozluk
1296.000,Adalet,ADALET,tid_sozluk
1296.001,Adalet,ADALET,tid_sozluk
1297.001,Ağrıtmak,AĞRITMAK,tid_sozluk
1297.000,Ağrıtmak,AĞRITMAK,tid_sozluk
1297.002,Ağrıtmak,AĞRITMAK,tid_sozluk
1298.001,Alerji,ALERJİ,tid_sozluk
1298.002,Alerji,ALERJİ,tid_sozluk
1298.000,Alerji,ALERJİ,tid_sozluk
1299.000,Anahtar,ANAHTAR,tid_sozluk
1300.000,Antrenör,ANTRENÖR,tid_sozluk
1301.000,Araştırma,ARAŞTIRMA,tid_sozluk
1302.000,Asmak,ASMAK,tid_sozluk
1302.001,Asmak,ASMAK,tid_sozluk
1303.000,Azim,AZİM,tid_sozluk
1395.000,Acil,ACİL,tid_sozluk
1396.000,Ada,ADA,tid_sozluk
1396.001,Ada,ADA,tid_sozluk
1398.000,Alan,ALAN,tid_sozluk
1399.001,Alay,ALAY,tid_sozluk
1399.000,Alay,ALAY,tid_sozluk
1400.000,Alçı,ALÇI,tid_sozluk
1400.001,Alçı,ALÇI,tid_sozluk
1402.001,Allaha şükür,ALLAHA ŞÜKÜR,tid_sozluk
1402.000,Allaha şükür,ALLAHA ŞÜKÜR,tid_sozluk
1403.000,Amin,AMİN,tid_sozluk
1404.001,Asgari,ASGARİ,tid_sozluk
1404.000,Asgari,ASGARİ,tid_sozluk
1405.000,Atılmak,ATILMAK,tid_sozluk
1406.000,Ayak basmak,AYAK BASMAK,tid_sozluk
1407.000,Aynen iletmek,AYNEN İLETMEK,tid_sozluk
1408.000,Ayrımcı,AYRIMCI,tid_sozluk
1498.001,Altmış,ALTMIŞ,tid_sozluk
1498.000,Altmış,ALTMIŞ,tid_sozluk
1500.000,Abdest,ABDEST,tid_sozluk
1501.000,Açgözlü,AÇGÖZLÜ,tid_sozluk
1502.000,Açılmak,AÇILMAK,tid_sozluk
1502.001,Açılmak,AÇILMAK,tid_sozluk
1503.000,Ağzı açık kalmak,AĞZI AÇIK KALMAK,tid_sozluk
1504.001,Aldatmak,ALDATMAK,tid_sozluk
1504.000,Aldatmak,ALDATMAK,tid_sozluk
1505.000,"Alfabe, Abece",ALFABE,tid_sozluk
1505.000,"Alfabe, Abece",ABECE,tid_sozluk
1506.001,"Alkol, İçki",ALKOL,tid_sozluk
1506.001,"Alkol, İçki",İÇKİ,tid_sozluk
1506.001,"Alkol, İçki",ALKOL,tid_sozluk
1506.001,"Alkol, İçki",İÇKİ,tid_sozluk
1506.000,"Alkol, İçki",ALKOL,tid_sozluk
1506.000,"Alkol, İçki",İÇKİ,tid_sozluk
1506.000,"Alkol, İçki",ALKOL,tid_sozluk
1506.000,"Alkol, İçki",İÇKİ,tid_sozluk
1507.000,Ana,ANA,tid_sozluk
1508.000,Anadolu,ANADOLU,tid_sozluk
1509.000,Anten,ANTEN,tid_sozluk
1510.000,Atıştırmak,ATIŞTIRMAK,tid_sozluk
1511.002,Ayarlamak,AYARLAMAK,tid_sozluk
1511.000,Ayarlamak,AYARLAMAK,tid_sozluk
1511.001,Ayarlamak,AYARLAMAK,tid_sozluk
1683.000,Ağustos,AĞUSTOS,tid_sozluk
1684.000,Akılsız,AKILSIZ,tid_sozluk
1684.001,Akılsız,AKILSIZ,tid_sozluk
1686.002,Alaka,ALAKA,tid_sozluk
1686.001,Alaka,ALAKA,tid_sozluk
1686.000,Alaka,ALAKA,tid_sozluk
1687.000,Alçalmak,ALÇALMAK,tid_sozluk
1688.001,Alışveriş,ALIŞVERİŞ,tid_sozluk
1688.000,Alışveriş,ALIŞVERİŞ,tid_sozluk
1689.001,Alkış,ALKIŞ,tid_sozluk
1689.000,Alkış,ALKIŞ,tid_sozluk
1690.000,Apartman,APARTMAN,tid_sozluk
1691.000,Ayna,AYNA,tid_sozluk
1692.002,Azaltmak,AZALTMAK,tid_sozluk
1692.001,Azaltmak,AZALTMAK,tid_sozluk
1692.000,Azaltmak,AZALTMAK,tid_sozluk
1752.000,Avans,AVANS,tid_sozluk
1752.001,Avans,AVANS,tid_sozluk
1759.000,Atkı,ATKI,tid_sozluk
1805.000,Akciğer,AKCİĞER,tid_sozluk
1816.000,Aralık,ARALIK,tid_sozluk
1910.000,Acaba,ACABA,tid_sozluk
1911.001,Açlık,AÇLIK,tid_sozluk
1911.000,Açlık,AÇLIK,tid_sozluk
1912.000,Aklına almak,AKLINA ALMAK,tid_sozluk
1913.000,Aktarmak,AKTARMAK,tid_sozluk
1914.000,Alın,ALIN,tid_sozluk
1915.000,Alınmak,ALINMAK,tid_sozluk
1915.001,Alınmak,ALINMAK,tid_sozluk
1916.000,Alıştırmak,ALIŞTIRMAK,tid_sozluk
1917.000,Alman,ALMAN,tid_sozluk
1918.001,Amir,AMİR,tid_sozluk
1918.000,Amir,AMİR,tid_sozluk
1919.000,Anlam,ANLAM,tid_sozluk
1920.000,Anlaşma,ANLAŞMA,tid_sozluk
1920.001,Anlaşma,ANLAŞMA,tid_sozluk
1921.000,Antlaşma,ANTLAŞMA,tid_sozluk
1922.000,Apandisit,APANDİSİT,tid_sozluk
1923.000,Artırmak,ARTIRMAK,tid_sozluk
1923.001,Artırmak,ARTIRMAK,tid_sozluk
1924.002,Aşçı,AŞÇI,tid_sozluk
1924.000,Aşçı,AŞÇI,tid_sozluk
1924.001,Aşçı,AŞÇI,tid_sozluk
1925.000,Aşı,AŞI,tid_sozluk
1926.000,Aut,AUT,tid_sozluk
1927.000,Aylık,AYLIK,tid_sozluk
1960.000,Anaokulu,ANAOKULU,tid_sozluk
0001.002,Ben,BEN,tid_sozluk
0001.000,Ben,BEN,tid_sozluk
0001.001,Ben,BEN,tid_sozluk
0004.000,Bu,BU,tid_sozluk
0004.001,Bu,BU,tid_sozluk
0006.000,Bilmek,BİLMEK,tid_sozluk
0013.002,Bakmak,BAKMAK,tid_sozluk
0013.001,Bakmak,BAKMAK,tid_sozluk
0013.000,Bakmak,BAKMAK,tid_sozluk
0025.000,Baba,BABA,tid_sozluk
0030.000,Bitmek,BİTMEK,tid_sozluk
0030.001,Bitmek,BİTMEK,tid_sozluk
0030.002,Bitmek,BİTMEK,tid_sozluk
0051.000,Bir,BİR,tid_sozluk
0080.000,Beraber,BERABER,tid_sozluk
0080.001,Beraber,BERABER,tid_sozluk
0081.000,Biraz,BİRAZ,tid_sozluk
0088.000,Başka,BAŞKA,tid_sozluk
0088.001,Başka,BAŞKA,tid_sozluk
0101.001,Bazen,BAZEN,tid_sozluk
0101.000,Bazen,BAZEN,tid_sozluk
0101.002,Bazen,BAZEN,tid_sozluk
0118.000,Büyük,BÜYÜK,tid_sozluk
0118.001,Büyük,BÜYÜK,tid_sozluk
0121.000,Birşey,BİRŞEY,tid_sozluk
0121.001,Birşey,BİRŞEY,tid_sozluk
0123.002,Bırakmak,BIRAKMAK,tid_sozluk
0123.000,Bırakmak,BIRAKMAK,tid_sozluk
0123.001,Bırakmak,BIRAKMAK,tid_sozluk
0128.000,Beklemek,BEKLEMEK,tid_sozluk
0140.001,Boş,BOŞ,tid_sozluk
0140.000,Boş,BOŞ,tid_sozluk
0140.002,Boş,BOŞ,tid_sozluk
0153.001,Büyümek,BÜYÜMEK,tid_sozluk
0153.000,Büyümek,BÜYÜMEK,tid_sozluk
0153.002,Büyümek,BÜYÜMEK,tid_sozluk
0175.001,Boş vermek,BOŞ VERMEK,tid_sozluk
0175.000,Boş vermek,BOŞ VERMEK,tid_sozluk
0179.000,Bulmak,BULMAK,tid_sozluk
0184.000,Binmek,BİNMEK,tid_sozluk
0184.001,Binmek,BİNMEK,tid_sozluk
0193.000,Bilgisayar,BİLGİSAYAR,tid_sozluk
0219.000,Burada,BURADA,tid_sozluk
0238.002,Bağırmak,BAĞIRMAK,tid_sozluk
0238.000,Bağırmak,BAĞIRMAK,tid_sozluk
0238.001,Bağırmak,BAĞIRMAK,tid_sozluk
0245.000,Balık,BALIK,tid_sozluk
0245.001,Balık,BALIK,tid_sozluk
0246.000,Böyle,BÖYLE,tid_sozluk
0246.001,Böyle,BÖYLE,tid_sozluk
0246.002,Böyle,BÖYLE,tid_sozluk
0253.001,Beğenmek,BEĞENMEK,tid_sozluk
0253.000,Beğenmek,BEĞENMEK,tid_sozluk
0263.000,Bacak,BACAK,tid_sozluk
0264.000,Belediye,BELEDİYE,tid_sozluk
0269.000,Başlamak,BAŞLAMAK,tid_sozluk
0276.000,Başkan,BAŞKAN,tid_sozluk
0302.000,Bebek,BEBEK,tid_sozluk
0303.001,Belki,BELKİ,tid_sozluk
0303.000,Belki,BELKİ,tid_sozluk
0313.000,Bedava,BEDAVA,tid_sozluk
0314.001,Buluşmak,BULUŞMAK,tid_sozluk
0314.000,Buluşmak,BULUŞMAK,tid_sozluk
0330.001,Başarmak,BAŞARMAK,tid_sozluk
0330.000,Başarmak,BAŞARMAK,tid_sozluk
0333.000,Bağlamak,BAĞLAMAK,tid_sozluk
0333.001,Bağlamak,BAĞLAMAK,tid_sozluk
0355.000,Birinci,BİRİNCİ,tid_sozluk
0355.001,Birinci,BİRİNCİ,tid_sozluk
0388.000,Basmak,BASMAK,tid_sozluk
0388.001,Basmak,BASMAK,tid_sozluk
0410.001,Burun,BURUN,tid_sozluk
0410.000,Burun,BURUN,tid_sozluk
0424.000,Buçuk,BUÇUK,tid_sozluk
0431.000,Bıkmak,BIKMAK,tid_sozluk
0431.002,Bıkmak,BIKMAK,tid_sozluk
0431.001,Bıkmak,BIKMAK,tid_sozluk
0440.001,Bölüm,BÖLÜM,tid_sozluk
0440.000,Bölüm,BÖLÜM,tid_sozluk
0451.000,Bilgi,BİLGİ,tid_sozluk
0510.000,Bel,BEL,tid_sozluk
0524.000,Beş vakit,BEŞ VAKİT,tid_sozluk
0525.001,Beyaz,BEYAZ,tid_sozluk
0525.002,Beyaz,BEYAZ,tid_sozluk
0525.000,Beyaz,BEYAZ,tid_sozluk
0526.001,Bölge,BÖLGE,tid_sozluk
0526.000,Bölge,BÖLGE,tid_sozluk
0537.000,Beş,BEŞ,tid_sozluk
0540.000,Benzemek,BENZEMEK,tid_sozluk
0540.002,Benzemek,BENZEMEK,tid_sozluk
0540.001,Benzemek,BENZEMEK,tid_sozluk
0541.000,Bozuk,BOZUK,tid_sozluk
0554.000,Burnunu sokmak,BURNUNU SOKMAK,tid_sozluk
0572.000,Başvurmak,BAŞVURMAK,tid_sozluk
0572.001,Başvurmak,BAŞVURMAK,tid_sozluk
0572.002,Başvurmak,BAŞVURMAK,tid_sozluk
0573.000,Birleşmek,BİRLEŞMEK,tid_sozluk
0573.002,Birleşmek,BİRLEŞMEK,tid_sozluk
0573.001,Birleşmek,BİRLEŞMEK,tid_sozluk
0589.001,Baltalamak,BALTALAMAK,tid_sozluk
0589.000,Baltalamak,BALTALAMAK,tid_sozluk
0602.000,Bekar,BEKAR,tid_sozluk
0603.001,Bıçak,BIÇAK,tid_sozluk
0603.000,Bıçak,BIÇAK,tid_sozluk
0604.000,Boğaz,BOĞAZ,tid_sozluk
0605.000,Bugün,BUGÜN,tid_sozluk
0605.001,Bugün,BUGÜN,tid_sozluk
0618.002,Bayılmak,BAYILMAK,tid_sozluk
0618.001,Bayılmak,BAYILMAK,tid_sozluk
0618.000,Bayılmak,BAYILMAK,tid_sozluk
0635.000,Baş başa,BAŞ BAŞA,tid_sozluk
0636.001,Başarı,BAŞARI,tid_sozluk
0636.000,Başarı,BAŞARI,tid_sozluk
0636.002,Başarı,BAŞARI,tid_sozluk
0637.000,Bayrak,BAYRAK,tid_sozluk
0658.001,Bağlı,BAĞLI,tid_sozluk
0658.000,Bağlı,BAĞLI,tid_sozluk
0676.000,Bisiklet,BİSİKLET,tid_sozluk
0694.001,Benim,BENİM,tid_sozluk
0694.000,Benim,BENİM,tid_sozluk
0725.000,Barışmak,BARIŞMAK,tid_sozluk
0725.002,Barışmak,BARIŞMAK,tid_sozluk
0725.001,Barışmak,BARIŞMAK,tid_sozluk
0726.001,Buz,BUZ,tid_sozluk
0726.000,Buz,BUZ,tid_sozluk
0748.000,Banane,BANANE,tid_sozluk
0770.002,Balkon,BALKON,tid_sozluk
0770.001,Balkon,BALKON,tid_sozluk
0770.000,Balkon,BALKON,tid_sozluk
0771.001,Bardak,BARDAK,tid_sozluk
0771.002,Bardak,BARDAK,tid_sozluk
0771.000,Bardak,BARDAK,tid_sozluk
0772.001,Başarılı,BAŞARILI,tid_sozluk
0772.000,Başarılı,BAŞARILI,tid_sozluk
0772.002,Başarılı,BAŞARILI,tid_sozluk
0773.000,Biz,BİZ,tid_sozluk
0774.000,Borç,BORÇ,tid_sozluk
0775.000,Börek,BÖREK,tid_sozluk
0775.001,Börek,BÖREK,tid_sozluk
0776.001,Buyurmak,BUYURMAK,tid_sozluk
0776.002,Buyurmak,BUYURMAK,tid_sozluk
0776.000,Buyurmak,BUYURMAK,tid_sozluk
0777.001,Büyütmek,BÜYÜTMEK,tid_sozluk
0777.000,Büyütmek,BÜYÜTMEK,tid_sozluk
0777.002,Büyütmek,BÜYÜTMEK,tid_sozluk
0799.002,Bağlanmak,BAĞLANMAK,tid_sozluk
0799.000,Bağlanmak,BAĞLANMAK,tid_sozluk
0799.001,Bağlanmak,BAĞLANMAK,tid_sozluk
0800.000,Bakışmak,BAKIŞMAK,tid_sozluk
0801.000,Belli,BELLİ,tid_sozluk
0801.001,Belli,BELLİ,tid_sozluk
0802.000,Beri,BERİ,tid_sozluk
0833.002,Basit,BASİT,tid_sozluk
0833.000,Basit,BASİT,tid_sozluk
0833.001,Basit,BASİT,tid_sozluk
0834.000,Bilgi vermek,BİLGİ VERMEK,tid_sozluk
0875.000,Banka,BANKA,tid_sozluk
0876.002,Başbakan,BAŞBAKAN,tid_sozluk
0876.000,Başbakan,BAŞBAKAN,tid_sozluk
0876.001,Başbakan,BAŞBAKAN,tid_sozluk
0877.001,Benzin,BENZİN,tid_sozluk
0877.000,Benzin,BENZİN,tid_sozluk
0878.000,Boşanmak,BOŞANMAK,tid_sozluk
0879.000,Bozulmak,BOZULMAK,tid_sozluk
0922.002,Bakkal,BAKKAL,tid_sozluk
0922.001,Bakkal,BAKKAL,tid_sozluk
0922.000,Bakkal,BAKKAL,tid_sozluk
0971.001,Başarısız,BAŞARISIZ,tid_sozluk
0971.002,Başarısız,BAŞARISIZ,tid_sozluk
0971.000,Başarısız,BAŞARISIZ,tid_sozluk
0972.001,"Başvuru, Müracaat",BAŞVURU,tid_sozluk
0972.001,"Başvuru, Müracaat",MÜRACAAT,tid_sozluk
0972.001,"Başvuru, Müracaat",BAŞVURU,tid_sozluk
0972.001,"Başvuru, Müracaat",MÜRACAAT,tid_sozluk
0972.000,"Başvuru, Müracaat",BAŞVURU,tid_sozluk
0972.000,"Başvuru, Müracaat",MÜRACAAT,tid_sozluk
0972.000,"Başvuru, Müracaat",BAŞVURU,tid_sozluk
0972.000,"Başvuru, Müracaat",MÜRACAAT,tid_sozluk
0973.000,Bu kadar,BU KADAR,tid_sozluk
0973.001,Bu kadar,BU KADAR,tid_sozluk
1010.000,Bin,BİN,tid_sozluk
1017.001,Biber,BİBER,tid_sozluk
1017.000,Biber,BİBER,tid_sozluk
1018.000,Bilet,BİLET,tid_sozluk
1019.000,Biriktirmek,BİRİKTİRMEK,tid_sozluk
1019.001,Biriktirmek,BİRİKTİRMEK,tid_sozluk
1020.001,Broşür,BROŞÜR,tid_sozluk
1020.000,Broşür,BROŞÜR,tid_sozluk
1073.000,Berbat,BERBAT,tid_sozluk
1074.000,Bira,BİRA,tid_sozluk
1074.001,Bira,BİRA,tid_sozluk
1075.000,Biri,BİRİ,tid_sozluk
1076.001,Boğulmak,BOĞULMAK,tid_sozluk
1076.002,Boğulmak,BOĞULMAK,tid_sozluk
1076.000,Boğulmak,BOĞULMAK,tid_sozluk
1077.000,Bol,BOL,tid_sozluk
1077.001,Bol,BOL,tid_sozluk
1077.002,Bol,BOL,tid_sozluk
1078.000,Boy,BOY,tid_sozluk
1140.000,Bahçe,BAHÇE,tid_sozluk
1140.001,Bahçe,BAHÇE,tid_sozluk
1141.000,Balta,BALTA,tid_sozluk
1142.000,Basketbol,BASKETBOL,tid_sozluk
1143.000,Bayram,BAYRAM,tid_sozluk
1143.001,Bayram,BAYRAM,tid_sozluk
1143.002,Bayram,BAYRAM,tid_sozluk
1144.001,Bir daha,BİR DAHA,tid_sozluk
1144.000,Bir daha,BİR DAHA,tid_sozluk
1145.000,Bok,BOK,tid_sozluk
1146.000,Boya,BOYA,tid_sozluk
1215.000,Bal,BAL,tid_sozluk
1216.001,Banyo,BANYO,tid_sozluk
1216.000,Banyo,BANYO,tid_sozluk
1217.000,Batmak,BATMAK,tid_sozluk
1217.001,Batmak,BATMAK,tid_sozluk
1218.000,Bıyık,BIYIK,tid_sozluk
1218.001,Bıyık,BIYIK,tid_sozluk
1219.000,Bina,BİNA,tid_sozluk
1220.000,Boğa,BOĞA,tid_sozluk
1221.000,Boyamak,BOYAMAK,tid_sozluk
1221.002,Boyamak,BOYAMAK,tid_sozluk
1221.001,Boyamak,BOYAMAK,tid_sozluk
1222.000,Bravo,BRAVO,tid_sozluk
1222.002,Bravo,BRAVO,tid_sozluk
1222.001,Bravo,BRAVO,tid_sozluk
1223.001,Bütün,BÜTÜN,tid_sozluk
1223.000,Bütün,BÜTÜN,tid_sozluk
1223.002,Bütün,BÜTÜN,tid_sozluk
1224.001,Büyükşehir,BÜYÜKŞEHİR,tid_sozluk
1224.000,Büyükşehir,BÜYÜKŞEHİR,tid_sozluk
1304.000,Babaanne,BABAANNE,tid_sozluk
1305.000,Balon,BALON,tid_sozluk
1306.000,Baş üstüne,BAŞ ÜSTÜNE,tid_sozluk
1307.000,Başörtüsü (Eşarp),BAŞÖRTÜSÜ (EŞARP),tid_sozluk
1308.001,Bayat,BAYAT,tid_sozluk
1308.000,Bayat,BAYAT,tid_sozluk
1309.002,Beyin,BEYİN,tid_sozluk
1309.000,Beyin,BEYİN,tid_sozluk
1309.001,Beyin,BEYİN,tid_sozluk
1310.001,Birlik,BİRLİK,tid_sozluk
1310.000,Birlik,BİRLİK,tid_sozluk
1310.002,Birlik,BİRLİK,tid_sozluk
1311.000,Birlikte,BİRLİKTE,tid_sozluk
1312.001,Bitirmek,BİTİRMEK,tid_sozluk
1312.002,Bitirmek,BİTİRMEK,tid_sozluk
1312.000,Bitirmek,BİTİRMEK,tid_sozluk
1409.001,Bağımsız,BAĞIMSIZ,tid_sozluk
1409.000,Bağımsız,BAĞIMSIZ,tid_sozluk
1410.000,Baklava,BAKLAVA,tid_sozluk
1411.000,Bank,BANK,tid_sozluk
1412.000,Başı dönmek,BAŞI DÖNMEK,tid_sozluk
1413.000,Bavul,BAVUL,tid_sozluk
1414.000,Belgesel,BELGESEL,tid_sozluk
1415.000,Bembeyaz,BEMBEYAZ,tid_sozluk
1416.000,Birbiri,BİRBİRİ,tid_sozluk
1417.000,Bowling,BOWLİNG,tid_sozluk
1418.000,Boyun,BOYUN,tid_sozluk
1418.001,Boyun,BOYUN,tid_sozluk
1419.000,Bunalmak,BUNALMAK,tid_sozluk
1512.002,Bahşiş,BAHŞİŞ,tid_sozluk
1512.001,Bahşiş,BAHŞİŞ,tid_sozluk
1512.000,Bahşiş,BAHŞİŞ,tid_sozluk
1513.000,Bar,BAR,tid_sozluk
1513.001,Bar,BAR,tid_sozluk
1514.001,Bay,BAY,tid_sozluk
1514.000,Bay,BAY,tid_sozluk
1515.000,Beden,BEDEN,tid_sozluk
1515.001,Beden,BEDEN,tid_sozluk
1516.000,Belge,BELGE,tid_sozluk
1516.001,Belge,BELGE,tid_sozluk
1517.000,Besbelli,BESBELLİ,tid_sozluk
1518.000,Borçlanmak,BORÇLANMAK,tid_sozluk
1519.001,Boru,BORU,tid_sozluk
1519.000,Boru,BORU,tid_sozluk
1519.002,Boru,BORU,tid_sozluk
1520.000,Boş oturmak,BOŞ OTURMAK,tid_sozluk
1521.000,Buhar,BUHAR,tid_sozluk
1522.001,Bulanmak,BULANMAK,tid_sozluk
1522.000,Bulanmak,BULANMAK,tid_sozluk
1523.001,Bulaşık,BULAŞIK,tid_sozluk
1523.002,Bulaşık,BULAŞIK,tid_sozluk
1523.000,Bulaşık,BULAŞIK,tid_sozluk
1524.001,Bura,BURA,tid_sozluk
1524.000,Bura,BURA,tid_sozluk
1524.002,Bura,BURA,tid_sozluk
1525.000,Buzdolabı,BUZDOLABI,tid_sozluk
1682.000,Beşinci,BEŞİNCİ,tid_sozluk
1685.000,Baş,BAŞ,tid_sozluk
1685.001,Baş,BAŞ,tid_sozluk
1693.000,Badana,BADANA,tid_sozluk
1695.002,Barış,BARIŞ,tid_sozluk
1695.000,Barış,BARIŞ,tid_sozluk
1695.001,Barış,BARIŞ,tid_sozluk
1696.000,Başın sağolsun,BAŞIN SAĞOLSUN,tid_sozluk
1697.000,Bence,BENCE,tid_sozluk
1698.002,Benzetmek,BENZETMEK,tid_sozluk
1698.001,Benzetmek,BENZETMEK,tid_sozluk
1698.000,Benzetmek,BENZETMEK,tid_sozluk
1699.000,Birden,BİRDEN,tid_sozluk
1700.000,Bomba,BOMBA,tid_sozluk
1701.001,Böbrek,BÖBREK,tid_sozluk
1701.000,Böbrek,BÖBREK,tid_sozluk
1702.000,Bulanık,BULANIK,tid_sozluk
1703.000,Bulantı,BULANTI,tid_sozluk
1704.000,Bulut,BULUT,tid_sozluk
1704.001,Bulut,BULUT,tid_sozluk
1750.000,Boynuz,BOYNUZ,tid_sozluk
1928.000,Bakım,BAKIM,tid_sozluk
1928.001,Bakım,BAKIM,tid_sozluk
1928.002,Bakım,BAKIM,tid_sozluk
1929.000,Bakış,BAKIŞ,tid_sozluk
1930.001,Bakışma,BAKIŞMA,tid_sozluk
1930.000,Bakışma,BAKIŞMA,tid_sozluk
1931.000,Bantlamak,BANTLAMAK,tid_sozluk
1933.002,Başparmak,BAŞPARMAK,tid_sozluk
1933.000,Başparmak,BAŞPARMAK,tid_sozluk
1933.001,Başparmak,BAŞPARMAK,tid_sozluk
1934.000,Batı,BATI,tid_sozluk
1934.001,Batı,BATI,tid_sozluk
1936.000,Bencil,BENCİL,tid_sozluk
1937.000,Besmele,BESMELE,tid_sozluk
1938.000,Bıçaklamak,BIÇAKLAMAK,tid_sozluk
1939.000,Bilardo,BİLARDO,tid_sozluk
1940.000,Bileme,BİLEME,tid_sozluk
1941.000,Bilezik,BİLEZİK,tid_sozluk
1942.000,Birkaç,BİRKAÇ,tid_sozluk
1943.000,Bluz,BLUZ,tid_sozluk
1943.001,Bluz,BLUZ,tid_sozluk
1944.001,Bombalamak,BOMBALAMAK,tid_sozluk
1944.000,Bombalamak,BOMBALAMAK,tid_sozluk
1944.002,Bombalamak,BOMBALAMAK,tid_sozluk
1945.001,Bot,BOT,tid_sozluk
1945.000,Bot,BOT,tid_sozluk
1946.001,Bölme,BÖLME,tid_sozluk
1946.000,Bölme,BÖLME,tid_sozluk
1946.002,Bölme,BÖLME,tid_sozluk
1947.000,Bölmek,BÖLMEK,tid_sozluk
1948.000,Bulaşmak,BULAŞMAK,tid_sozluk
1949.000,Bulgur,BULGUR,tid_sozluk
1949.001,Bulgur,BULGUR,tid_sozluk
1950.000,Buruşuk,BURUŞUK,tid_sozluk
1951.000,Büyü,BÜYÜ,tid_sozluk
1951.002,Büyü,BÜYÜ,tid_sozluk
1951.001,Büyü,BÜYÜ,tid_sozluk
1952.001,Büyüme,BÜYÜME,tid_sozluk
1952.002,Büyüme,BÜYÜME,tid_sozluk
1952.000,Büyüme,BÜYÜME,tid_sozluk
0078.000,"Cümle, Tümce",CÜMLE,tid_sozluk
0078.000,"Cümle, Tümce",TÜMCE,tid_sozluk
0078.000,"Cümle, Tümce",CÜMLE,tid_sozluk
0078.000,"Cümle, Tümce",TÜMCE,tid_sozluk
0194.001,Cep,CEP,tid_sozluk
0194.000,Cep,CEP,tid_sozluk
0397.000,Cevap,CEVAP,tid_sozluk
0511.000,Cahil,CAHİL,tid_sozluk
0511.001,Cahil,CAHİL,tid_sozluk
0512.000,CD,CD,tid_sozluk
0513.000,Ceza,CEZA,tid_sozluk
0590.000,Cami,CAMİ,tid_sozluk
0590.001,Cami,CAMİ,tid_sozluk
0592.000,Cuma,CUMA,tid_sozluk
0695.000,Can,CAN,tid_sozluk
0835.002,Cam,CAM,tid_sozluk
0835.000,Cam,CAM,tid_sozluk
0835.001,Cam,CAM,tid_sozluk
0836.001,Cep telefonu,CEP TELEFONU,tid_sozluk
0836.000,Cep telefonu,CEP TELEFONU,tid_sozluk
0837.000,Ciğer,CİĞER,tid_sozluk
0837.001,Ciğer,CİĞER,tid_sozluk
0880.000,Ciddi,CİDDİ,tid_sozluk
0974.001,Cumhurbaşkanı,CUMHURBAŞKANI,tid_sozluk
0974.000,Cumhurbaşkanı,CUMHURBAŞKANI,tid_sozluk
0974.002,Cumhurbaşkanı,CUMHURBAŞKANI,tid_sozluk
0975.001,Cumhuriyet,CUMHURİYET,tid_sozluk
0975.000,Cumhuriyet,CUMHURİYET,tid_sozluk
1021.001,Canı acımak,CANI ACIMAK,tid_sozluk
1021.000,Canı acımak,CANI ACIMAK,tid_sozluk
1022.000,Canı çekmek,CANI ÇEKMEK,tid_sozluk
1022.001,Canı çekmek,CANI ÇEKMEK,tid_sozluk
1079.000,Cesaret,CESARET,tid_sozluk
1079.001,Cesaret,CESARET,tid_sozluk
1123.000,"Ten, Cild",TEN,tid_sozluk
1123.000,"Ten, Cild",CİLD,tid_sozluk
1123.000,"Ten, Cild",TEN,tid_sozluk
1123.000,"Ten, Cild",CİLD,tid_sozluk
1225.000,Canlı,CANLI,tid_sozluk
1225.001,Canlı,CANLI,tid_sozluk
1313.000,Cadde,CADDE,tid_sozluk
1526.000,Canavar,CANAVAR,tid_sozluk
1527.000,Cesur,CESUR,tid_sozluk
1590.000,"Koda, Coda",KODA,tid_sozluk
1590.000,"Koda, Coda",CODA,tid_sozluk
1590.000,"Koda, Coda",KODA,tid_sozluk
1590.000,"Koda, Coda",CODA,tid_sozluk
1705.000,Canı sıkılmak,CANI SIKILMAK,tid_sozluk
1706.000,Cennet,CENNET,tid_sozluk
1707.000,"Ceza kesmek, ceza vermek",CEZA KESMEK,tid_sozluk
1707.000,"Ceza kesmek, ceza vermek",CEZA VERMEK,tid_sozluk
1708.001,Cimri,CİMRİ,tid_sozluk
1708.000,Cimri,CİMRİ,tid_sozluk
1709.000,Cips,CİPS,tid_sozluk
1710.001,Coğrafya,COĞRAFYA,tid_sozluk
1710.000,Coğrafya,COĞRAFYA,tid_sozluk
1711.002,Cumartesi,CUMARTESİ,tid_sozluk
1711.000,Cumartesi,CUMARTESİ,tid_sozluk
1711.001,Cumartesi,CUMARTESİ,tid_sozluk
1953.000,"Cevap vermek, Cevaplamak",CEVAP VERMEK,tid_sozluk
1953.000,"Cevap vermek, Cevaplamak",CEVAPLAMAK,tid_sozluk
1954.000,Cımbız,CIMBIZ,tid_sozluk
0036.001,Çok,ÇOK,tid_sozluk
0036.000,Çok,ÇOK,tid_sozluk
0066.000,Çıkmak,ÇIKMAK,tid_sozluk
0066.001,Çıkmak,ÇIKMAK,tid_sozluk
0072.000,Çalışmak,ÇALIŞMAK,tid_sozluk
0072.001,Çalışmak,ÇALIŞMAK,tid_sozluk
0087.000,Çağırmak,ÇAĞIRMAK,tid_sozluk
0160.000,Çeşit,ÇEŞİT,tid_sozluk
0160.001,Çeşit,ÇEŞİT,tid_sozluk
0209.002,Çekmek,ÇEKMEK,tid_sozluk
0209.001,Çekmek,ÇEKMEK,tid_sozluk
0209.000,Çekmek,ÇEKMEK,tid_sozluk
0231.001,Çocuk,ÇOCUK,tid_sozluk
0231.000,Çocuk,ÇOCUK,tid_sozluk
0235.000,Çabuk,ÇABUK,tid_sozluk
0411.001,Çıkarmak,ÇIKARMAK,tid_sozluk
0411.002,Çıkarmak,ÇIKARMAK,tid_sozluk
0411.000,Çıkarmak,ÇIKARMAK,tid_sozluk
0452.000,Çoğalmak,ÇOĞALMAK,tid_sozluk
0452.001,Çoğalmak,ÇOĞALMAK,tid_sozluk
0468.000,Çiğ köfte,ÇİĞ KÖFTE,tid_sozluk
0606.002,Çalmak,ÇALMAK,tid_sozluk
0606.000,Çalmak,ÇALMAK,tid_sozluk
0606.001,Çalmak,ÇALMAK,tid_sozluk
0607.000,Çizmek,ÇİZMEK,tid_sozluk
0607.001,Çizmek,ÇİZMEK,tid_sozluk
0638.000,Çarpmak,ÇARPMAK,tid_sozluk
0638.001,Çarpmak,ÇARPMAK,tid_sozluk
0677.000,Çamaşır,ÇAMAŞIR,tid_sozluk
0677.001,Çamaşır,ÇAMAŞIR,tid_sozluk
0696.002,Çevirmek,ÇEVİRMEK,tid_sozluk
0696.000,Çevirmek,ÇEVİRMEK,tid_sozluk
0696.001,Çevirmek,ÇEVİRMEK,tid_sozluk
0727.000,Çay,ÇAY,tid_sozluk
0727.001,Çay,ÇAY,tid_sozluk
0728.000,Çift,ÇİFT,tid_sozluk
0728.002,Çift,ÇİFT,tid_sozluk
0728.001,Çift,ÇİFT,tid_sozluk
0749.001,Çile,ÇİLE,tid_sozluk
0749.000,Çile,ÇİLE,tid_sozluk
0778.000,Çarşı,ÇARŞI,tid_sozluk
0778.001,Çarşı,ÇARŞI,tid_sozluk
0803.000,Çekinmek,ÇEKİNMEK,tid_sozluk
0804.000,Çorba,ÇORBA,tid_sozluk
0881.001,Çağrı,ÇAĞRI,tid_sozluk
0881.002,Çağrı,ÇAĞRI,tid_sozluk
0881.000,Çağrı,ÇAĞRI,tid_sozluk
0923.000,Çiçek,ÇİÇEK,tid_sozluk
0924.001,Çirkin,ÇİRKİN,tid_sozluk
0924.000,Çirkin,ÇİRKİN,tid_sozluk
0976.001,Çanta,ÇANTA,tid_sozluk
0976.000,Çanta,ÇANTA,tid_sozluk
0976.002,Çanta,ÇANTA,tid_sozluk
0977.000,Çarşamba,ÇARŞAMBA,tid_sozluk
1023.001,Çekilmek,ÇEKİLMEK,tid_sozluk
1023.002,Çekilmek,ÇEKİLMEK,tid_sozluk
1023.000,Çekilmek,ÇEKİLMEK,tid_sozluk
1024.001,Çıkartmak,ÇIKARTMAK,tid_sozluk
1024.000,Çıkartmak,ÇIKARTMAK,tid_sozluk
1025.001,Çoğaltmak,ÇOĞALTMAK,tid_sozluk
1025.000,Çoğaltmak,ÇOĞALTMAK,tid_sozluk
1080.000,Çünkü,ÇÜNKÜ,tid_sozluk
1147.000,Çöp,ÇÖP,tid_sozluk
1147.002,Çöp,ÇÖP,tid_sozluk
1147.001,Çöp,ÇÖP,tid_sozluk
1226.000,Çekiç,ÇEKİÇ,tid_sozluk
1227.001,Çiftlik,ÇİFTLİK,tid_sozluk
1227.000,Çiftlik,ÇİFTLİK,tid_sozluk
1228.000,Çiş,ÇİŞ,tid_sozluk
1314.000,Çaresiz,ÇARESİZ,tid_sozluk
1314.001,Çaresiz,ÇARESİZ,tid_sozluk
1314.002,Çaresiz,ÇARESİZ,tid_sozluk
1315.000,Çerçeve,ÇERÇEVE,tid_sozluk
1315.001,Çerçeve,ÇERÇEVE,tid_sozluk
1316.001,Çevre,ÇEVRE,tid_sozluk
1316.000,Çevre,ÇEVRE,tid_sozluk
1317.001,Çizgili,ÇİZGİLİ,tid_sozluk
1317.000,Çizgili,ÇİZGİLİ,tid_sozluk
1420.001,Çiğnemek,ÇİĞNEMEK,tid_sozluk
1420.000,Çiğnemek,ÇİĞNEMEK,tid_sozluk
1421.000,Çilek,ÇİLEK,tid_sozluk
1422.000,Çukur,ÇUKUR,tid_sozluk
1528.000,Çare,ÇARE,tid_sozluk
1528.001,Çare,ÇARE,tid_sozluk
1529.001,Çıktı,ÇIKTI,tid_sozluk
1529.000,Çıktı,ÇIKTI,tid_sozluk
1530.000,Çivi,ÇİVİ,tid_sozluk
1530.001,Çivi,ÇİVİ,tid_sozluk
1531.000,Çoban,ÇOBAN,tid_sozluk
1712.000,Çadır,ÇADIR,tid_sozluk
1713.000,Çamur,ÇAMUR,tid_sozluk
1713.001,Çamur,ÇAMUR,tid_sozluk
1714.000,Çarpı,ÇARPI,tid_sozluk
1715.000,Çarpım,ÇARPIM,tid_sozluk
1716.001,Çarşaf,ÇARŞAF,tid_sozluk
1716.000,Çarşaf,ÇARŞAF,tid_sozluk
1717.000,Çekim,ÇEKİM,tid_sozluk
1718.000,Çıplak,ÇIPLAK,tid_sozluk
1719.000,Çikolata,ÇİKOLATA,tid_sozluk
1719.001,Çikolata,ÇİKOLATA,tid_sozluk
1720.001,Çizim,ÇİZİM,tid_sozluk
1720.000,Çizim,ÇİZİM,tid_sozluk
1721.000,Çürümek,ÇÜRÜMEK,tid_sozluk
1721.001,Çürümek,ÇÜRÜMEK,tid_sozluk
1955.000,Çarpık,ÇARPIK,tid_sozluk
1956.000,Çatal,ÇATAL,tid_sozluk
1957.000,Çatı,ÇATI,tid_sozluk
1958.000,Çatlamak,ÇATLAMAK,tid_sozluk
1959.000,Çıkarma,ÇIKARMA,tid_sozluk
1961.001,Çingene,ÇİNGENE,tid_sozluk
1961.000,Çingene,ÇİNGENE,tid_sozluk
1962.000,Çiş yapmak,ÇİŞ YAPMAK,tid_sozluk
1963.001,Çorap,ÇORAP,tid_sozluk
1963.000,Çorap,ÇORAP,tid_sozluk
1964.000,Çözüm,ÇÖZÜM,tid_sozluk
1965.000,Çubuk,ÇUBUK,tid_sozluk
1965.001,Çubuk,ÇUBUK,tid_sozluk
1966.001,Çürük,ÇÜRÜK,tid_sozluk
1966.000,Çürük,ÇÜRÜK,tid_sozluk
0015.002,"Söylemek, Demek",SÖYLEMEK,tid_sozluk
0015.002,"Söylemek, Demek",DEMEK,tid_sozluk
0015.002,"Söylemek, Demek",SÖYLEMEK,tid_sozluk
0015.002,"Söylemek, Demek",DEMEK,tid_sozluk
0015.000,"Söylemek, Demek",SÖYLEMEK,tid_sozluk
0015.000,"Söylemek, Demek",DEMEK,tid_sozluk
0015.000,"Söylemek, Demek",SÖYLEMEK,tid_sozluk
0015.000,"Söylemek, Demek",DEMEK,tid_sozluk
0015.001,"Söylemek, Demek",SÖYLEMEK,tid_sozluk
0015.001,"Söylemek, Demek",DEMEK,tid_sozluk
0015.001,"Söylemek, Demek",SÖYLEMEK,tid_sozluk
0015.001,"Söylemek, Demek",DEMEK,tid_sozluk
0052.000,Değil,DEĞİL,tid_sozluk
0069.000,Doğru,DOĞRU,tid_sozluk
0070.000,Daha,DAHA,tid_sozluk
0079.000,Düşünmek,DÜŞÜNMEK,tid_sozluk
0079.001,Düşünmek,DÜŞÜNMEK,tid_sozluk
0082.001,Durmak,DURMAK,tid_sozluk
0082.000,Durmak,DURMAK,tid_sozluk
0097.001,Duymak,DUYMAK,tid_sozluk
0097.000,Duymak,DUYMAK,tid_sozluk
0137.000,Dakika,DAKİKA,tid_sozluk
0157.000,Doktor,DOKTOR,tid_sozluk
0185.001,Dikkat,DİKKAT,tid_sozluk
0185.000,Dikkat,DİKKAT,tid_sozluk
0188.000,Dede,DEDE,tid_sozluk
0204.000,Deniz,DENİZ,tid_sozluk
0208.001,Değişmek,DEĞİŞMEK,tid_sozluk
0208.000,Değişmek,DEĞİŞMEK,tid_sozluk
0232.000,Defa,DEFA,tid_sozluk
0233.000,Dışarı,DIŞARI,tid_sozluk
0233.001,Dışarı,DIŞARI,tid_sozluk
0254.000,Devlet,DEVLET,tid_sozluk
0270.000,Dernek,DERNEK,tid_sozluk
0285.002,Düşmek,DÜŞMEK,tid_sozluk
0285.001,Düşmek,DÜŞMEK,tid_sozluk
0285.000,Düşmek,DÜŞMEK,tid_sozluk
0287.000,Dövmek,DÖVMEK,tid_sozluk
0287.001,Dövmek,DÖVMEK,tid_sozluk
0316.000,Doğmak,DOĞMAK,tid_sozluk
0323.000,Dolaşmak,DOLAŞMAK,tid_sozluk
0323.001,Dolaşmak,DOLAŞMAK,tid_sozluk
0334.000,"Düşünce, Fikir",DÜŞÜNCE,tid_sozluk
0334.000,"Düşünce, Fikir",FİKİR,tid_sozluk
0334.000,"Düşünce, Fikir",DÜŞÜNCE,tid_sozluk
0334.000,"Düşünce, Fikir",FİKİR,tid_sozluk
0334.001,"Düşünce, Fikir",DÜŞÜNCE,tid_sozluk
0334.001,"Düşünce, Fikir",FİKİR,tid_sozluk
0334.001,"Düşünce, Fikir",DÜŞÜNCE,tid_sozluk
0334.001,"Düşünce, Fikir",FİKİR,tid_sozluk
0334.002,"Düşünce, Fikir",DÜŞÜNCE,tid_sozluk
0334.002,"Düşünce, Fikir",FİKİR,tid_sozluk
0334.002,"Düşünce, Fikir",DÜŞÜNCE,tid_sozluk
0334.002,"Düşünce, Fikir",FİKİR,tid_sozluk
0336.000,Dil,DİL,tid_sozluk
0345.000,Desteklemek,DESTEKLEMEK,tid_sozluk
0351.000,Dokunmak,DOKUNMAK,tid_sozluk
0359.001,Destek,DESTEK,tid_sozluk
0359.000,Destek,DESTEK,tid_sozluk
0361.000,Dört,DÖRT,tid_sozluk
0372.000,"İşitmek, Duymak",İŞİTMEK,tid_sozluk
0372.000,"İşitmek, Duymak",DUYMAK,tid_sozluk
0372.000,"İşitmek, Duymak",İŞİTMEK,tid_sozluk
0372.000,"İşitmek, Duymak",DUYMAK,tid_sozluk
0389.001,Düz,DÜZ,tid_sozluk
0389.000,Düz,DÜZ,tid_sozluk
0398.001,Disko,DİSKO,tid_sozluk
0398.000,Disko,DİSKO,tid_sozluk
0412.002,Dünya,DÜNYA,tid_sozluk
0412.001,Dünya,DÜNYA,tid_sozluk
0412.000,Dünya,DÜNYA,tid_sozluk
0425.000,Dinlenmek,DİNLENMEK,tid_sozluk
0453.001,Dinlemek,DİNLEMEK,tid_sozluk
0453.000,Dinlemek,DİNLEMEK,tid_sozluk
0486.001,Ders,DERS,tid_sozluk
0486.000,Ders,DERS,tid_sozluk
0494.000,Denemek,DENEMEK,tid_sozluk
0495.000,Dönmek,DÖNMEK,tid_sozluk
0495.002,Dönmek,DÖNMEK,tid_sozluk
0495.001,Dönmek,DÖNMEK,tid_sozluk
0501.000,Dua,DUA,tid_sozluk
0502.000,Dükkan,DÜKKAN,tid_sozluk
0502.001,Dükkan,DÜKKAN,tid_sozluk
0527.000,Deli,DELİ,tid_sozluk
0527.001,Deli,DELİ,tid_sozluk
0528.000,Dilekçe,DİLEKÇE,tid_sozluk
0528.002,Dilekçe,DİLEKÇE,tid_sozluk
0528.001,Dilekçe,DİLEKÇE,tid_sozluk
0555.001,Dikiş,DİKİŞ,tid_sozluk
0555.000,Dikiş,DİKİŞ,tid_sozluk
0556.001,Diploma,DİPLOMA,tid_sozluk
0556.000,Diploma,DİPLOMA,tid_sozluk
0556.002,Diploma,DİPLOMA,tid_sozluk
0574.000,Duygulanmak,DUYGULANMAK,tid_sozluk
0574.001,Duygulanmak,DUYGULANMAK,tid_sozluk
0608.000,Defter,DEFTER,tid_sozluk
0609.000,Düğün,DÜĞÜN,tid_sozluk
0609.001,Düğün,DÜĞÜN,tid_sozluk
0619.001,Diğer,DİĞER,tid_sozluk
0619.000,Diğer,DİĞER,tid_sozluk
0620.001,Diz,DİZ,tid_sozluk
0620.000,Diz,DİZ,tid_sozluk
0621.000,Dökmek,DÖKMEK,tid_sozluk
0621.001,Dökmek,DÖKMEK,tid_sozluk
0621.002,Dökmek,DÖKMEK,tid_sozluk
0622.000,Düşman,DÜŞMAN,tid_sozluk
0639.001,Değer,DEĞER,tid_sozluk
0639.000,Değer,DEĞER,tid_sozluk
0640.000,Değerli,DEĞERLİ,tid_sozluk
0640.001,Değerli,DEĞERLİ,tid_sozluk
0656.000,Dokuz,DOKUZ,tid_sozluk
0659.001,Dizi,DİZİ,tid_sozluk
0659.000,Dizi,DİZİ,tid_sozluk
0660.000,Doğal,DOĞAL,tid_sozluk
0661.001,Doğum,DOĞUM,tid_sozluk
0661.000,Doğum,DOĞUM,tid_sozluk
0697.001,Değişik,DEĞİŞİK,tid_sozluk
0697.002,Değişik,DEĞİŞİK,tid_sozluk
0697.000,Değişik,DEĞİŞİK,tid_sozluk
0729.000,Dokunmatik,DOKUNMATİK,tid_sozluk
0730.001,Dolmuş,DOLMUŞ,tid_sozluk
0730.000,Dolmuş,DOLMUŞ,tid_sozluk
0730.002,Dolmuş,DOLMUŞ,tid_sozluk
0750.001,Dans,DANS,tid_sozluk
0750.000,Dans,DANS,tid_sozluk
0751.000,Dayanmak,DAYANMAK,tid_sozluk
0751.001,Dayanmak,DAYANMAK,tid_sozluk
0751.002,Dayanmak,DAYANMAK,tid_sozluk
0779.001,Din,DİN,tid_sozluk
0779.000,Din,DİN,tid_sozluk
0779.002,Din,DİN,tid_sozluk
0780.000,Dinci,DİNCİ,tid_sozluk
0805.001,Dağ,DAĞ,tid_sozluk
0805.000,Dağ,DAĞ,tid_sozluk
0806.000,Damar,DAMAR,tid_sozluk
0807.000,Dayı,DAYI,tid_sozluk
0808.000,Değiştirmek,DEĞİŞTİRMEK,tid_sozluk
0808.002,Değiştirmek,DEĞİŞTİRMEK,tid_sozluk
0808.001,Değiştirmek,DEĞİŞTİRMEK,tid_sozluk
0809.000,Düzeltmek,DÜZELTMEK,tid_sozluk
0810.000,Düzenlemek,DÜZENLEMEK,tid_sozluk
0810.001,Düzenlemek,DÜZENLEMEK,tid_sozluk
0838.000,Davet etmek,DAVET ETMEK,tid_sozluk
0839.000,Dev,DEV,tid_sozluk
0839.001,Dev,DEV,tid_sozluk
0840.000,Dış,DIŞ,tid_sozluk
0841.001,Dolma,DOLMA,tid_sozluk
0841.000,Dolma,DOLMA,tid_sozluk
0882.001,Dikmek,DİKMEK,tid_sozluk
0882.000,Dikmek,DİKMEK,tid_sozluk
0882.002,Dikmek,DİKMEK,tid_sozluk
0883.000,Doğu,DOĞU,tid_sozluk
0883.001,Doğu,DOĞU,tid_sozluk
0925.000,Davet,DAVET,tid_sozluk
0925.002,Davet,DAVET,tid_sozluk
0925.001,Davet,DAVET,tid_sozluk
0926.000,Duvar,DUVAR,tid_sozluk
0978.000,Dava,DAVA,tid_sozluk
0979.001,Devam etmek,DEVAM ETMEK,tid_sozluk
0979.000,Devam etmek,DEVAM ETMEK,tid_sozluk
0979.002,Devam etmek,DEVAM ETMEK,tid_sozluk
0980.001,Doldurmak,DOLDURMAK,tid_sozluk
0980.000,Doldurmak,DOLDURMAK,tid_sozluk
0981.000,Dost,DOST,tid_sozluk
1009.000,Doksan (90),DOKSAN (90),tid_sozluk
1026.000,Dar,DAR,tid_sozluk
1026.001,Dar,DAR,tid_sozluk
1027.001,Değiş tokuş,DEĞİŞ TOKUŞ,tid_sozluk
1027.000,Değiş tokuş,DEĞİŞ TOKUŞ,tid_sozluk
1028.000,Demir,DEMİR,tid_sozluk
1029.000,Demokrasi,DEMOKRASİ,tid_sozluk
1030.000,Dilemek,DİLEMEK,tid_sozluk
1031.001,"Dizüstü Bilgisayar, Laptop",DİZÜSTÜ BİLGİSAYAR,tid_sozluk
1031.001,"Dizüstü Bilgisayar, Laptop",LAPTOP,tid_sozluk
1031.001,"Dizüstü Bilgisayar, Laptop",DİZÜSTÜ BİLGİSAYAR,tid_sozluk
1031.001,"Dizüstü Bilgisayar, Laptop",LAPTOP,tid_sozluk
1031.000,"Dizüstü Bilgisayar, Laptop",DİZÜSTÜ BİLGİSAYAR,tid_sozluk
1031.000,"Dizüstü Bilgisayar, Laptop",LAPTOP,tid_sozluk
1031.000,"Dizüstü Bilgisayar, Laptop",DİZÜSTÜ BİLGİSAYAR,tid_sozluk
1031.000,"Dizüstü Bilgisayar, Laptop",LAPTOP,tid_sozluk
1032.000,Dosya,DOSYA,tid_sozluk
1033.001,Doymak,DOYMAK,tid_sozluk
1033.000,Doymak,DOYMAK,tid_sozluk
1081.002,Dağıtmak,DAĞITMAK,tid_sozluk
1081.001,Dağıtmak,DAĞITMAK,tid_sozluk
1081.000,Dağıtmak,DAĞITMAK,tid_sozluk
1082.001,Dikkat etmek,DİKKAT ETMEK,tid_sozluk
1082.000,Dikkat etmek,DİKKAT ETMEK,tid_sozluk
1083.000,Dudak,DUDAK,tid_sozluk
1083.001,Dudak,DUDAK,tid_sozluk
1148.000,Damla,DAMLA,tid_sozluk
1149.000,Devretmek,DEVRETMEK,tid_sozluk
1150.001,Döner,DÖNER,tid_sozluk
1150.000,Döner,DÖNER,tid_sozluk
1151.002,Düşük,DÜŞÜK,tid_sozluk
1151.000,Düşük,DÜŞÜK,tid_sozluk
1151.001,Düşük,DÜŞÜK,tid_sozluk
1230.001,Dalış,DALIŞ,tid_sozluk
1230.000,Dalış,DALIŞ,tid_sozluk
1231.000,Dua etmek,DUA ETMEK,tid_sozluk
1233.001,Düğme,DÜĞME,tid_sozluk
1233.000,Düğme,DÜĞME,tid_sozluk
1233.002,Düğme,DÜĞME,tid_sozluk
1318.000,Dere,DERE,tid_sozluk
1319.001,Deri,DERİ,tid_sozluk
1319.002,Deri,DERİ,tid_sozluk
1319.000,Deri,DERİ,tid_sozluk
1320.000,Dolandırmak,DOLANDIRMAK,tid_sozluk
1423.000,Dalga geçmek,DALGA GEÇMEK,tid_sozluk
1424.000,Deneme,DENEME,tid_sozluk
1425.000,Dolu,DOLU,tid_sozluk
1426.001,Dün,DÜN,tid_sozluk
1426.000,Dün,DÜN,tid_sozluk
1533.000,Dahil,DAHİL,tid_sozluk
1534.000,Dans etmek,DANS ETMEK,tid_sozluk
1536.000,Değirmen,DEĞİRMEN,tid_sozluk
1536.001,Değirmen,DEĞİRMEN,tid_sozluk
1537.000,Derece,DERECE,tid_sozluk
1538.002,Derin,DERİN,tid_sozluk
1538.001,Derin,DERİN,tid_sozluk
1538.000,Derin,DERİN,tid_sozluk
1539.001,Devamlı,DEVAMLI,tid_sozluk
1539.000,Devamlı,DEVAMLI,tid_sozluk
1540.001,Dikiş dikmek,DİKİŞ DİKMEK,tid_sozluk
1540.000,Dikiş dikmek,DİKİŞ DİKMEK,tid_sozluk
1541.000,Diş,DİŞ,tid_sozluk
1542.000,Dönüş,DÖNÜŞ,tid_sozluk
1542.001,Dönüş,DÖNÜŞ,tid_sozluk
1574.000,Domates,DOMATES,tid_sozluk
1618.000,Dolap,DOLAP,tid_sozluk
1618.001,Dolap,DOLAP,tid_sozluk
1722.000,Dalga,DALGA,tid_sozluk
1723.001,Danışman,DANIŞMAN,tid_sozluk
1723.000,Danışman,DANIŞMAN,tid_sozluk
1724.000,Davul,DAVUL,tid_sozluk
1725.000,Dergi,DERGİ,tid_sozluk
1726.001,Devrilmek,DEVRİLMEK,tid_sozluk
1726.002,Devrilmek,DEVRİLMEK,tid_sozluk
1726.000,Devrilmek,DEVRİLMEK,tid_sozluk
1727.001,Dikilmek,DİKİLMEK,tid_sozluk
1727.000,Dikilmek,DİKİLMEK,tid_sozluk
1728.001,"Direkt, Doğrudan",DİREKT,tid_sozluk
1728.001,"Direkt, Doğrudan",DOĞRUDAN,tid_sozluk
1728.000,"Direkt, Doğrudan",DİREKT,tid_sozluk
1728.000,"Direkt, Doğrudan",DOĞRUDAN,tid_sozluk
1729.001,Doğalgaz,DOĞALGAZ,tid_sozluk
1729.000,Doğalgaz,DOĞALGAZ,tid_sozluk
1730.001,Dondurma,DONDURMA,tid_sozluk
1730.000,Dondurma,DONDURMA,tid_sozluk
1731.000,Dönüştürmek,DÖNÜŞTÜRMEK,tid_sozluk
1731.001,Dönüştürmek,DÖNÜŞTÜRMEK,tid_sozluk
1732.000,Duman,DUMAN,tid_sozluk
1733.000,Durdurmak,DURDURMAK,tid_sozluk
1734.000,Düzelmek,DÜZELMEK,tid_sozluk
1935.000,Delege,DELEGE,tid_sozluk
1967.001,Daire,DAİRE,tid_sozluk
1967.000,Daire,DAİRE,tid_sozluk
1968.000,Daktilo,DAKTİLO,tid_sozluk
1968.002,Daktilo,DAKTİLO,tid_sozluk
1968.001,Daktilo,DAKTİLO,tid_sozluk
1970.000,Değerlendirmek,DEĞERLENDİRMEK,tid_sozluk
1971.000,Delil,DELİL,tid_sozluk
1972.000,Ders çalışmak,DERS ÇALIŞMAK,tid_sozluk
1973.000,Devamsız,DEVAMSIZ,tid_sozluk
1974.000,Devralmak,DEVRALMAK,tid_sozluk
1974.001,Devralmak,DEVRALMAK,tid_sozluk
1975.000,Dikdörtgen,DİKDÖRTGEN,tid_sozluk
1976.000,Dolar,DOLAR,tid_sozluk
1977.000,Dolmak,DOLMAK,tid_sozluk
1978.001,Durak,DURAK,tid_sozluk
1978.000,Durak,DURAK,tid_sozluk
0017.000,Evet,EVET,tid_sozluk
0017.001,Evet,EVET,tid_sozluk
0031.001,Eski,ESKİ,tid_sozluk
0031.000,Eski,ESKİ,tid_sozluk
0073.000,Ev,EV,tid_sozluk
0091.000,El,EL,tid_sozluk
0091.001,El,EL,tid_sozluk
0091.002,El,EL,tid_sozluk
0129.000,Eğitim,EĞİTİM,tid_sozluk
0134.000,Evlenmek,EVLENMEK,tid_sozluk
0138.000,Eş,EŞ,tid_sozluk
0172.000,En,EN,tid_sozluk
0176.000,Evvel,EVVEL,tid_sozluk
0189.001,Erkek,ERKEK,tid_sozluk
0189.000,Erkek,ERKEK,tid_sozluk
0214.000,Eğlenmek,EĞLENMEK,tid_sozluk
0278.001,Elbise,ELBİSE,tid_sozluk
0278.000,Elbise,ELBİSE,tid_sozluk
0288.000,Engelli,ENGELLİ,tid_sozluk
0317.001,Eksik,EKSİK,tid_sozluk
0317.000,Eksik,EKSİK,tid_sozluk
0317.002,Eksik,EKSİK,tid_sozluk
0371.000,Et,ET,tid_sozluk
0401.000,Eğlence,EĞLENCE,tid_sozluk
0402.000,Elektrik,ELEKTRİK,tid_sozluk
0402.001,Elektrik,ELEKTRİK,tid_sozluk
0403.000,Emir,EMİR,tid_sozluk
0413.000,Eşit,EŞİT,tid_sozluk
0413.002,Eşit,EŞİT,tid_sozluk
0413.001,Eşit,EŞİT,tid_sozluk
0477.000,Ekran,EKRAN,tid_sozluk
0477.001,Ekran,EKRAN,tid_sozluk
0529.001,Ekmek,EKMEK,tid_sozluk
0529.000,Ekmek,EKMEK,tid_sozluk
0542.000,Eylem,EYLEM,tid_sozluk
0575.002,Ezmek,EZMEK,tid_sozluk
0575.000,Ezmek,EZMEK,tid_sozluk
0575.001,Ezmek,EZMEK,tid_sozluk
0698.001,Etek,ETEK,tid_sozluk
0698.000,Etek,ETEK,tid_sozluk
0699.002,Eziyet,EZİYET,tid_sozluk
0699.000,Eziyet,EZİYET,tid_sozluk
0699.001,Eziyet,EZİYET,tid_sozluk
0731.000,Emekli,EMEKLİ,tid_sozluk
0732.000,Erken,ERKEN,tid_sozluk
0752.000,Ekonomik,EKONOMİK,tid_sozluk
0752.001,Ekonomik,EKONOMİK,tid_sozluk
0811.002,Engel,ENGEL,tid_sozluk
0811.000,Engel,ENGEL,tid_sozluk
0811.001,Engel,ENGEL,tid_sozluk
0830.000,Elli (50),ELLİ (50),tid_sozluk
0830.001,Elli (50),ELLİ (50),tid_sozluk
0842.000,Ezberlemek,EZBERLEMEK,tid_sozluk
0842.001,Ezberlemek,EZBERLEMEK,tid_sozluk
0884.000,"Emretmek, Emir vermek",EMRETMEK,tid_sozluk
0884.000,"Emretmek, Emir vermek",EMİR VERMEK,tid_sozluk
0982.001,Efendi,EFENDİ,tid_sozluk
0982.000,Efendi,EFENDİ,tid_sozluk
0983.000,Ehliyet,EHLİYET,tid_sozluk
0984.000,Emek,EMEK,tid_sozluk
0984.002,Emek,EMEK,tid_sozluk
0984.001,Emek,EMEK,tid_sozluk
1034.000,El sıkmak,EL SIKMAK,tid_sozluk
1034.001,El sıkmak,EL SIKMAK,tid_sozluk
1035.000,Etraf,ETRAF,tid_sozluk
1035.001,Etraf,ETRAF,tid_sozluk
1084.000,Evrak,EVRAK,tid_sozluk
1152.000,Ebe,EBE,tid_sozluk
1152.001,Ebe,EBE,tid_sozluk
1153.000,Eldiven,ELDİVEN,tid_sozluk
1234.001,Emzik,EMZİK,tid_sozluk
1234.000,Emzik,EMZİK,tid_sozluk
1234.002,Emzik,EMZİK,tid_sozluk
1321.002,Ekonomi,EKONOMİ,tid_sozluk
1321.000,Ekonomi,EKONOMİ,tid_sozluk
1321.001,Ekonomi,EKONOMİ,tid_sozluk
1322.001,Elemek,ELEMEK,tid_sozluk
1322.000,Elemek,ELEMEK,tid_sozluk
1323.000,Elma,ELMA,tid_sozluk
1323.001,Elma,ELMA,tid_sozluk
1324.000,Ertelemek,ERTELEMEK,tid_sozluk
1325.000,Eşya,EŞYA,tid_sozluk
1326.000,Etkilemek,ETKİLEMEK,tid_sozluk
1326.001,Etkilemek,ETKİLEMEK,tid_sozluk
1327.000,Evli,EVLİ,tid_sozluk
1328.000,Evlilik,EVLİLİK,tid_sozluk
1329.001,Ezilmek,EZİLMEK,tid_sozluk
1329.002,Ezilmek,EZİLMEK,tid_sozluk
1329.000,Ezilmek,EZİLMEK,tid_sozluk
1427.000,Eğitmek,EĞİTMEK,tid_sozluk
1428.001,El öpmek,EL ÖPMEK,tid_sozluk
1428.000,El öpmek,EL ÖPMEK,tid_sozluk
1428.002,El öpmek,EL ÖPMEK,tid_sozluk
1429.000,Enayi,ENAYİ,tid_sozluk
1429.001,Enayi,ENAYİ,tid_sozluk
1430.001,Eylül,EYLÜL,tid_sozluk
1430.002,Eylül,EYLÜL,tid_sozluk
1430.000,Eylül,EYLÜL,tid_sozluk
1543.000,Eğmek,EĞMEK,tid_sozluk
1543.001,Eğmek,EĞMEK,tid_sozluk
1543.002,Eğmek,EĞMEK,tid_sozluk
1544.000,Ekip,EKİP,tid_sozluk
1545.000,Eksi,EKSİ,tid_sozluk
1546.000,Elhamdülillah,ELHAMDÜLİLLAH,tid_sozluk
1546.001,Elhamdülillah,ELHAMDÜLİLLAH,tid_sozluk
1546.002,Elhamdülillah,ELHAMDÜLİLLAH,tid_sozluk
1547.000,Emmek,EMMEK,tid_sozluk
1548.000,Ertelenmek,ERTELENMEK,tid_sozluk
1550.000,Ekşi,EKŞİ,tid_sozluk
1735.001,Eğer,EĞER,tid_sozluk
1735.000,Eğer,EĞER,tid_sozluk
1736.000,El sallamak,EL SALLAMAK,tid_sozluk
1736.001,El sallamak,EL SALLAMAK,tid_sozluk
1737.001,Elektronik,ELEKTRONİK,tid_sozluk
1737.000,Elektronik,ELEKTRONİK,tid_sozluk
1738.000,"Elektronik posta, E-posta",ELEKTRONİK POSTA,tid_sozluk
1738.000,"Elektronik posta, E-posta",E-POSTA,tid_sozluk
1739.000,Endişeli,ENDİŞELİ,tid_sozluk
1739.001,Endişeli,ENDİŞELİ,tid_sozluk
1740.000,Enişte,ENİŞTE,tid_sozluk
1741.000,Erik,ERİK,tid_sozluk
1741.001,Erik,ERİK,tid_sozluk
1742.000,Erişte,ERİŞTE,tid_sozluk
1743.000,Ermeni,ERMENİ,tid_sozluk
1744.001,Espri,ESPRİ,tid_sozluk
1744.000,Espri,ESPRİ,tid_sozluk
1979.002,Ekim,EKİM,tid_sozluk
1979.000,Ekim,EKİM,tid_sozluk
1979.001,Ekim,EKİM,tid_sozluk
1980.000,Ellemek,ELLEMEK,tid_sozluk
1981.001,Emin,EMİN,tid_sozluk
1981.000,Emin,EMİN,tid_sozluk
1982.000,Emir almak,EMİR ALMAK,tid_sozluk
1983.002,Emniyet,EMNİYET,tid_sozluk
1983.000,Emniyet,EMNİYET,tid_sozluk
1983.001,Emniyet,EMNİYET,tid_sozluk
1984.001,Emzirmek,EMZİRMEK,tid_sozluk
1984.002,Emzirmek,EMZİRMEK,tid_sozluk
1984.000,Emzirmek,EMZİRMEK,tid_sozluk
1985.001,Engellemek,ENGELLEMEK,tid_sozluk
1985.000,Engellemek,ENGELLEMEK,tid_sozluk
1985.002,Engellemek,ENGELLEMEK,tid_sozluk
1986.000,Eşofman,EŞOFMAN,tid_sozluk
1986.001,Eşofman,EŞOFMAN,tid_sozluk
1987.000,Ezan,EZAN,tid_sozluk
1988.000,Ezber,EZBER,tid_sozluk
0100.000,Film,FİLM,tid_sozluk
0100.002,Film,FİLM,tid_sozluk
0100.001,Film,FİLM,tid_sozluk
0112.000,Fazla,FAZLA,tid_sozluk
0112.002,Fazla,FAZLA,tid_sozluk
0112.001,Fazla,FAZLA,tid_sozluk
0119.001,Fark,FARK,tid_sozluk
0119.000,Fark,FARK,tid_sozluk
0169.000,Fotoğraf,FOTOĞRAF,tid_sozluk
0289.000,Futbol,FUTBOL,tid_sozluk
0289.001,Futbol,FUTBOL,tid_sozluk
0334.000,"Düşünce, Fikir",DÜŞÜNCE,tid_sozluk
0334.000,"Düşünce, Fikir",FİKİR,tid_sozluk
0334.000,"Düşünce, Fikir",DÜŞÜNCE,tid_sozluk
0334.000,"Düşünce, Fikir",FİKİR,tid_sozluk
0334.001,"Düşünce, Fikir",DÜŞÜNCE,tid_sozluk
0334.001,"Düşünce, Fikir",FİKİR,tid_sozluk
0334.001,"Düşünce, Fikir",DÜŞÜNCE,tid_sozluk
0334.001,"Düşünce, Fikir",FİKİR,tid_sozluk
0334.002,"Düşünce, Fikir",DÜŞÜNCE,tid_sozluk
0334.002,"Düşünce, Fikir",FİKİR,tid_sozluk
0334.002,"Düşünce, Fikir",DÜŞÜNCE,tid_sozluk
0334.002,"Düşünce, Fikir",FİKİR,tid_sozluk
0346.000,Falan,FALAN,tid_sozluk
0390.000,Fena,FENA,tid_sozluk
0469.000,Fayda,FAYDA,tid_sozluk
0557.001,Farketmek,FARKETMEK,tid_sozluk
0557.000,Farketmek,FARKETMEK,tid_sozluk
0576.001,Fırın,FIRIN,tid_sozluk
0576.000,Fırın,FIRIN,tid_sozluk
0678.000,Folklor,FOLKLOR,tid_sozluk
0753.000,Fabrika,FABRİKA,tid_sozluk
0812.000,Faaliyet,FAALİYET,tid_sozluk
0843.000,Fotoğraf çekmek,FOTOĞRAF ÇEKMEK,tid_sozluk
0927.001,Farklı,FARKLI,tid_sozluk
0927.000,Farklı,FARKLI,tid_sozluk
0928.000,Federasyon,FEDERASYON,tid_sozluk
0959.000,Fena,FENA,tid_sozluk
0985.000,Final,FİNAL,tid_sozluk
1085.000,Festival,FESTİVAL,tid_sozluk
1154.000,Favori,FAVORİ,tid_sozluk
1155.000,Flüt,FLÜT,tid_sozluk
1235.000,Fatura,FATURA,tid_sozluk
1236.000,Fitness,FİTNESS,tid_sozluk
1237.001,Fotokopi,FOTOKOPİ,tid_sozluk
1237.000,Fotokopi,FOTOKOPİ,tid_sozluk
1431.000,Fasulye,FASULYE,tid_sozluk
1432.000,Fuar,FUAR,tid_sozluk
1535.001,Firma,FİRMA,tid_sozluk
1535.000,Firma,FİRMA,tid_sozluk
1549.000,Felç,FELÇ,tid_sozluk
1551.000,Fren,FREN,tid_sozluk
1551.001,Fren,FREN,tid_sozluk
1604.000,"Fare, Mouse",FARE,tid_sozluk
1604.000,"Fare, Mouse",MOUSE,tid_sozluk
1604.000,"Fare, Mouse",FARE,tid_sozluk
1604.000,"Fare, Mouse",MOUSE,tid_sozluk
1680.001,Flört,FLÖRT,tid_sozluk
1680.000,Flört,FLÖRT,tid_sozluk
1745.001,Fakir,FAKİR,tid_sozluk
1745.000,Fakir,FAKİR,tid_sozluk
1746.000,Fare,FARE,tid_sozluk
1746.001,Fare,FARE,tid_sozluk
1747.000,Fındık,FINDIK,tid_sozluk
1748.001,Fırça,FIRÇA,tid_sozluk
1748.002,Fırça,FIRÇA,tid_sozluk
1748.000,Fırça,FIRÇA,tid_sozluk
1749.000,Fırlamak,FIRLAMAK,tid_sozluk
1751.001,Fiş,FİŞ,tid_sozluk
1751.000,Fiş,FİŞ,tid_sozluk
1803.001,Fark etmez,FARK ETMEZ,tid_sozluk
1803.000,Fark etmez,FARK ETMEZ,tid_sozluk
1803.002,Fark etmez,FARK ETMEZ,tid_sozluk
1989.000,Ferahlamak,FERAHLAMAK,tid_sozluk
0005.001,Gitmek,GİTMEK,tid_sozluk
0005.002,Gitmek,GİTMEK,tid_sozluk
0005.000,Gitmek,GİTMEK,tid_sozluk
0014.000,Güzel,GÜZEL,tid_sozluk
0014.001,Güzel,GÜZEL,tid_sozluk
0014.002,Güzel,GÜZEL,tid_sozluk
0020.000,Gelmek,GELMEK,tid_sozluk
0020.002,Gelmek,GELMEK,tid_sozluk
0020.001,Gelmek,GELMEK,tid_sozluk
0026.001,Görmek,GÖRMEK,tid_sozluk
0026.000,Görmek,GÖRMEK,tid_sozluk
0026.002,Görmek,GÖRMEK,tid_sozluk
0050.000,Girmek,GİRMEK,tid_sozluk
0050.002,Girmek,GİRMEK,tid_sozluk
0050.001,Girmek,GİRMEK,tid_sozluk
0065.000,Gibi,GİBİ,tid_sozluk
0065.001,Gibi,GİBİ,tid_sozluk
0089.000,Gezmek,GEZMEK,tid_sozluk
0092.000,Göre,GÖRE,tid_sozluk
0108.002,Geçmek,GEÇMEK,tid_sozluk
0108.001,Geçmek,GEÇMEK,tid_sozluk
0108.000,Geçmek,GEÇMEK,tid_sozluk
0109.001,Gün,GÜN,tid_sozluk
0109.000,Gün,GÜN,tid_sozluk
0125.000,Grup,GRUP,tid_sozluk
0213.000,Göz,GÖZ,tid_sozluk
0224.000,Görüntü,GÖRÜNTÜ,tid_sozluk
0234.000,"Göndermek, Yollamak",GÖNDERMEK,tid_sozluk
0234.000,"Göndermek, Yollamak",YOLLAMAK,tid_sozluk
0234.000,"Göndermek, Yollamak",GÖNDERMEK,tid_sozluk
0234.000,"Göndermek, Yollamak",YOLLAMAK,tid_sozluk
0255.001,Göstermek,GÖSTERMEK,tid_sozluk
0255.000,Göstermek,GÖSTERMEK,tid_sozluk
0255.002,Göstermek,GÖSTERMEK,tid_sozluk
0275.002,Güvenlik,GÜVENLİK,tid_sozluk
0275.000,Güvenlik,GÜVENLİK,tid_sozluk
0275.001,Güvenlik,GÜVENLİK,tid_sozluk
0293.001,Gelişmek,GELİŞMEK,tid_sozluk
0293.002,Gelişmek,GELİŞMEK,tid_sozluk
0293.000,Gelişmek,GELİŞMEK,tid_sozluk
0352.001,"Gülmek, Kahkaha atmak",GÜLMEK,tid_sozluk
0352.001,"Gülmek, Kahkaha atmak",KAHKAHA ATMAK,tid_sozluk
0352.001,"Gülmek, Kahkaha atmak",GÜLMEK,tid_sozluk
0352.001,"Gülmek, Kahkaha atmak",KAHKAHA ATMAK,tid_sozluk
0352.000,"Gülmek, Kahkaha atmak",GÜLMEK,tid_sozluk
0352.000,"Gülmek, Kahkaha atmak",KAHKAHA ATMAK,tid_sozluk
0352.000,"Gülmek, Kahkaha atmak",GÜLMEK,tid_sozluk
0352.000,"Gülmek, Kahkaha atmak",KAHKAHA ATMAK,tid_sozluk
0352.002,"Gülmek, Kahkaha atmak",GÜLMEK,tid_sozluk
0352.002,"Gülmek, Kahkaha atmak",KAHKAHA ATMAK,tid_sozluk
0352.002,"Gülmek, Kahkaha atmak",GÜLMEK,tid_sozluk
0352.002,"Gülmek, Kahkaha atmak",KAHKAHA ATMAK,tid_sozluk
0362.000,Geri,GERİ,tid_sozluk
0378.000,Geç,GEÇ,tid_sozluk
0379.002,Götürmek,GÖTÜRMEK,tid_sozluk
0379.001,Götürmek,GÖTÜRMEK,tid_sozluk
0379.000,Götürmek,GÖTÜRMEK,tid_sozluk
0381.000,Genç,GENÇ,tid_sozluk
0391.001,Güçlü,GÜÇLÜ,tid_sozluk
0391.002,Güçlü,GÜÇLÜ,tid_sozluk
0391.000,Güçlü,GÜÇLÜ,tid_sozluk
0414.000,Grafik,GRAFİK,tid_sozluk
0414.001,Grafik,GRAFİK,tid_sozluk
0426.000,Gazete,GAZETE,tid_sozluk
0427.000,Günah,GÜNAH,tid_sozluk
0432.001,Gerçek,GERÇEK,tid_sozluk
0432.000,Gerçek,GERÇEK,tid_sozluk
0478.001,Görüşmek,GÖRÜŞMEK,tid_sozluk
0478.000,Görüşmek,GÖRÜŞMEK,tid_sozluk
0503.002,Gerek,GEREK,tid_sozluk
0503.000,Gerek,GEREK,tid_sozluk
0503.001,Gerek,GEREK,tid_sozluk
0514.001,Getirmek,GETİRMEK,tid_sozluk
0514.000,Getirmek,GETİRMEK,tid_sozluk
0558.000,Giymek,GİYMEK,tid_sozluk
0558.001,Giymek,GİYMEK,tid_sozluk
0577.001,Görev,GÖREV,tid_sozluk
0577.000,Görev,GÖREV,tid_sozluk
0577.002,Görev,GÖREV,tid_sozluk
0700.000,Genetik,GENETİK,tid_sozluk
0701.000,Gizli,GİZLİ,tid_sozluk
0701.002,Gizli,GİZLİ,tid_sozluk
0701.001,Gizli,GİZLİ,tid_sozluk
0733.000,Gece,GECE,tid_sozluk
0734.001,Geliştirmek,GELİŞTİRMEK,tid_sozluk
0734.000,Geliştirmek,GELİŞTİRMEK,tid_sozluk
0735.000,Gözlük,GÖZLÜK,tid_sozluk
0754.000,Güç,GÜÇ,tid_sozluk
0754.002,Güç,GÜÇ,tid_sozluk
0754.001,Güç,GÜÇ,tid_sozluk
0813.001,Gövde,GÖVDE,tid_sozluk
0813.002,Gövde,GÖVDE,tid_sozluk
0813.000,Gövde,GÖVDE,tid_sozluk
1036.001,Giriş,GİRİŞ,tid_sozluk
1036.000,Giriş,GİRİŞ,tid_sozluk
1037.000,Giyim,GİYİM,tid_sozluk
1037.001,Giyim,GİYİM,tid_sozluk
1038.001,Güneş,GÜNEŞ,tid_sozluk
1038.000,Güneş,GÜNEŞ,tid_sozluk
1156.000,Geçit,GEÇİT,tid_sozluk
1157.000,Gürültü,GÜRÜLTÜ,tid_sozluk
1157.001,Gürültü,GÜRÜLTÜ,tid_sozluk
1158.000,Güvenmek,GÜVENMEK,tid_sozluk
1238.000,Gecikmek,GECİKMEK,tid_sozluk
1239.002,Geçmiş olsun,GEÇMİŞ OLSUN,tid_sozluk
1239.001,Geçmiş olsun,GEÇMİŞ OLSUN,tid_sozluk
1239.000,Geçmiş olsun,GEÇMİŞ OLSUN,tid_sozluk
1240.000,Geleneksel,GELENEKSEL,tid_sozluk
1241.000,Genel,GENEL,tid_sozluk
1241.001,Genel,GENEL,tid_sozluk
1242.000,Geometri,GEOMETRİ,tid_sozluk
1243.000,Gündüz,GÜNDÜZ,tid_sozluk
1330.000,Gelin,GELİN,tid_sozluk
1330.001,Gelin,GELİN,tid_sozluk
1330.002,Gelin,GELİN,tid_sozluk
1331.000,Güreş,GÜREŞ,tid_sozluk
1433.000,Geniş,GENİŞ,tid_sozluk
1434.000,Gezdirmek,GEZDİRMEK,tid_sozluk
1434.001,Gezdirmek,GEZDİRMEK,tid_sozluk
1435.000,Gitar,GİTAR,tid_sozluk
1436.000,Gönül,GÖNÜL,tid_sozluk
1437.000,Gülümsemek,GÜLÜMSEMEK,tid_sozluk
1552.001,Garanti,GARANTİ,tid_sozluk
1552.000,Garanti,GARANTİ,tid_sozluk
1553.000,Geçmiş,GEÇMİŞ,tid_sozluk
1553.001,Geçmiş,GEÇMİŞ,tid_sozluk
1553.002,Geçmiş,GEÇMİŞ,tid_sozluk
1554.002,Gelecek,GELECEK,tid_sozluk
1554.001,Gelecek,GELECEK,tid_sozluk
1554.000,Gelecek,GELECEK,tid_sozluk
1555.000,Gelenek,GELENEK,tid_sozluk
1556.001,Gol,GOL,tid_sozluk
1556.000,Gol,GOL,tid_sozluk
1557.000,Göçmen,GÖÇMEN,tid_sozluk
1557.001,Göçmen,GÖÇMEN,tid_sozluk
1558.002,"Göğüs, Meme",GÖĞÜS,tid_sozluk
1558.002,"Göğüs, Meme",MEME,tid_sozluk
1558.002,"Göğüs, Meme",GÖĞÜS,tid_sozluk
1558.002,"Göğüs, Meme",MEME,tid_sozluk
1558.000,"Göğüs, Meme",GÖĞÜS,tid_sozluk
1558.000,"Göğüs, Meme",MEME,tid_sozluk
1558.000,"Göğüs, Meme",GÖĞÜS,tid_sozluk
1558.000,"Göğüs, Meme",MEME,tid_sozluk
1558.001,"Göğüs, Meme",GÖĞÜS,tid_sozluk
1558.001,"Göğüs, Meme",MEME,tid_sozluk
1558.001,"Göğüs, Meme",GÖĞÜS,tid_sozluk
1558.001,"Göğüs, Meme",MEME,tid_sozluk
1559.000,Görsel,GÖRSEL,tid_sozluk
1560.000,Gül,GÜL,tid_sozluk
1561.000,Güle güle,GÜLE GÜLE,tid_sozluk
1753.001,Galiba,GALİBA,tid_sozluk
1753.000,Galiba,GALİBA,tid_sozluk
1754.000,Gasp etmek,GASP ETMEK,tid_sozluk
1754.001,Gasp etmek,GASP ETMEK,tid_sozluk
1755.000,Gemi,GEMİ,tid_sozluk
1756.001,Gerekmek,GEREKMEK,tid_sozluk
1756.002,Gerekmek,GEREKMEK,tid_sozluk
1756.000,Gerekmek,GEREKMEK,tid_sozluk
1757.000,Geveze,GEVEZE,tid_sozluk
1757.001,Geveze,GEVEZE,tid_sozluk
1758.001,Giysi,GİYSİ,tid_sozluk
1758.000,Giysi,GİYSİ,tid_sozluk
1760.000,Görüntülü (görüşme),GÖRÜNTÜLÜ (GÖRÜŞME),tid_sozluk
1761.000,Gururlanmak,GURURLANMAK,tid_sozluk
1761.001,Gururlanmak,GURURLANMAK,tid_sozluk
1762.000,Güldürmek,GÜLDÜRMEK,tid_sozluk
1762.001,Güldürmek,GÜLDÜRMEK,tid_sozluk
1762.002,Güldürmek,GÜLDÜRMEK,tid_sozluk
1763.001,Gümüş,GÜMÜŞ,tid_sozluk
1763.000,Gümüş,GÜMÜŞ,tid_sozluk
1990.000,Gavur,GAVUR,tid_sozluk
1991.001,Gidiş dönüş,GİDİŞ DÖNÜŞ,tid_sozluk
1991.002,Gidiş dönüş,GİDİŞ DÖNÜŞ,tid_sozluk
1991.000,Gidiş dönüş,GİDİŞ DÖNÜŞ,tid_sozluk
1992.000,Gram,GRAM,tid_sozluk
1993.000,Günlük,GÜNLÜK,tid_sozluk
1994.000,Güven,GÜVEN,tid_sozluk
0024.000,Hepsi,HEPSİ,tid_sozluk
0024.002,Hepsi,HEPSİ,tid_sozluk
0024.001,Hepsi,HEPSİ,tid_sozluk
0029.002,Hiç,HİÇ,tid_sozluk
0029.000,Hiç,HİÇ,tid_sozluk
0029.001,Hiç,HİÇ,tid_sozluk
0054.000,Hasta,HASTA,tid_sozluk
0054.002,Hasta,HASTA,tid_sozluk
0054.001,Hasta,HASTA,tid_sozluk
0067.000,Hep,HEP,tid_sozluk
0085.000,Herkes,HERKES,tid_sozluk
0133.000,Hemen,HEMEN,tid_sozluk
0133.002,Hemen,HEMEN,tid_sozluk
0133.001,Hemen,HEMEN,tid_sozluk
0139.000,Hayır,HAYIR,tid_sozluk
0158.000,Haber,HABER,tid_sozluk
0158.002,Haber,HABER,tid_sozluk
0158.001,Haber,HABER,tid_sozluk
0198.000,Hatırlamak,HATIRLAMAK,tid_sozluk
0215.000,Hem,HEM,tid_sozluk
0265.000,Hayat,HAYAT,tid_sozluk
0265.001,Hayat,HAYAT,tid_sozluk
0277.000,Hafta,HAFTA,tid_sozluk
0290.000,Hata,HATA,tid_sozluk
0290.001,Hata,HATA,tid_sozluk
0294.000,Hızlı,HIZLI,tid_sozluk
0294.002,Hızlı,HIZLI,tid_sozluk
0294.001,Hızlı,HIZLI,tid_sozluk
0295.002,Hoca,HOCA,tid_sozluk
0295.000,Hoca,HOCA,tid_sozluk
0295.001,Hoca,HOCA,tid_sozluk
0304.001,Hava,HAVA,tid_sozluk
0304.000,Hava,HAVA,tid_sozluk
0318.000,Hastane,HASTANE,tid_sozluk
0325.000,Heyecan,HEYECAN,tid_sozluk
0325.001,Heyecan,HEYECAN,tid_sozluk
0367.000,Hedef,HEDEF,tid_sozluk
0367.002,Hedef,HEDEF,tid_sozluk
0367.001,Hedef,HEDEF,tid_sozluk
0382.000,Hak,HAK,tid_sozluk
0383.000,Hazır,HAZIR,tid_sozluk
0384.000,Hazırlamak,HAZIRLAMAK,tid_sozluk
0392.001,Hayal,HAYAL,tid_sozluk
0392.000,Hayal,HAYAL,tid_sozluk
0415.000,Haydi,HAYDİ,tid_sozluk
0433.000,Hafif,HAFİF,tid_sozluk
0454.000,Hap,HAP,tid_sozluk
0455.001,Hareket,HAREKET,tid_sozluk
0455.002,Hareket,HAREKET,tid_sozluk
0455.000,Hareket,HAREKET,tid_sozluk
0456.000,Hırsız,HIRSIZ,tid_sozluk
0456.002,Hırsız,HIRSIZ,tid_sozluk
0456.001,Hırsız,HIRSIZ,tid_sozluk
0470.000,Hangi,HANGİ,tid_sozluk
0470.002,Hangi,HANGİ,tid_sozluk
0470.001,Hangi,HANGİ,tid_sozluk
0504.000,Her gün,HER GÜN,tid_sozluk
0515.000,Hediye,HEDİYE,tid_sozluk
0543.000,Hapis,HAPİS,tid_sozluk
0544.001,Her,HER,tid_sozluk
0544.002,Her,HER,tid_sozluk
0544.000,Her,HER,tid_sozluk
0551.002,Herşey,HERŞEY,tid_sozluk
0551.001,Herşey,HERŞEY,tid_sozluk
0551.000,Herşey,HERŞEY,tid_sozluk
0578.000,Hayvan,HAYVAN,tid_sozluk
0578.001,Hayvan,HAYVAN,tid_sozluk
0641.002,Hesap,HESAP,tid_sozluk
0641.000,Hesap,HESAP,tid_sozluk
0641.001,Hesap,HESAP,tid_sozluk
0642.000,Hissetmek,HİSSETMEK,tid_sozluk
0662.000,Haklı,HAKLI,tid_sozluk
0702.002,Harika,HARİKA,tid_sozluk
0702.001,Harika,HARİKA,tid_sozluk
0702.000,Harika,HARİKA,tid_sozluk
0703.000,Hatıra,HATIRA,tid_sozluk
0703.001,Hatıra,HATIRA,tid_sozluk
0705.000,Hükümet,HÜKÜMET,tid_sozluk
0755.000,Haram,HARAM,tid_sozluk
0781.001,Hristiyan,HRİSTİYAN,tid_sozluk
0781.000,Hristiyan,HRİSTİYAN,tid_sozluk
0844.001,Hamile,HAMİLE,tid_sozluk
0844.000,Hamile,HAMİLE,tid_sozluk
0845.001,Hamur,HAMUR,tid_sozluk
0845.000,Hamur,HAMUR,tid_sozluk
0885.000,"Hediye vermek, Hediye etmek",HEDİYE VERMEK,tid_sozluk
0885.000,"Hediye vermek, Hediye etmek",HEDİYE ETMEK,tid_sozluk
0886.001,Hesaplamak,HESAPLAMAK,tid_sozluk
0886.000,Hesaplamak,HESAPLAMAK,tid_sozluk
0886.002,Hesaplamak,HESAPLAMAK,tid_sozluk
0887.000,Heves,HEVES,tid_sozluk
0887.001,Heves,HEVES,tid_sozluk
0888.000,Hizmet,HİZMET,tid_sozluk
0888.001,Hizmet,HİZMET,tid_sozluk
0888.002,Hizmet,HİZMET,tid_sozluk
0929.000,Hala,HALA,tid_sozluk
0930.000,Hayırlı olsun,HAYIRLI OLSUN,tid_sozluk
0930.001,Hayırlı olsun,HAYIRLI OLSUN,tid_sozluk
1039.000,Haber vermek,HABER VERMEK,tid_sozluk
1040.000,Hakim,HAKİM,tid_sozluk
1040.001,Hakim,HAKİM,tid_sozluk
1041.001,Hız,HIZ,tid_sozluk
1041.002,Hız,HIZ,tid_sozluk
1041.000,Hız,HIZ,tid_sozluk
1086.000,Halk,HALK,tid_sozluk
1087.000,Heykel,HEYKEL,tid_sozluk
1087.001,Heykel,HEYKEL,tid_sozluk
1159.001,Harcamak,HARCAMAK,tid_sozluk
1159.000,Harcamak,HARCAMAK,tid_sozluk
1160.000,Hayal etmek,HAYAL ETMEK,tid_sozluk
1160.001,Hayal etmek,HAYAL ETMEK,tid_sozluk
1161.001,Hayran,HAYRAN,tid_sozluk
1161.000,Hayran,HAYRAN,tid_sozluk
1162.002,Hazırlık,HAZIRLIK,tid_sozluk
1162.000,Hazırlık,HAZIRLIK,tid_sozluk
1162.001,Hazırlık,HAZIRLIK,tid_sozluk
1332.000,Hava atmak,HAVA ATMAK,tid_sozluk
1332.001,Hava atmak,HAVA ATMAK,tid_sozluk
1333.000,Hesap makinesi,HESAP MAKİNESİ,tid_sozluk
1333.001,Hesap makinesi,HESAP MAKİNESİ,tid_sozluk
1334.001,Hile,HİLE,tid_sozluk
1334.002,Hile,HİLE,tid_sozluk
1334.000,Hile,HİLE,tid_sozluk
1335.000,His,HİS,tid_sozluk
1336.000,Hoparlör,HOPARLÖR,tid_sozluk
1337.000,Hoş,HOŞ,tid_sozluk
1438.000,Haziran,HAZİRAN,tid_sozluk
1438.002,Haziran,HAZİRAN,tid_sozluk
1438.001,Haziran,HAZİRAN,tid_sozluk
1439.000,Heveslenmek,HEVESLENMEK,tid_sozluk
1562.000,Hacı,HACI,tid_sozluk
1563.000,Hamburger,HAMBURGER,tid_sozluk
1564.000,Havalı,HAVALI,tid_sozluk
1564.002,Havalı,HAVALI,tid_sozluk
1564.001,Havalı,HAVALI,tid_sozluk
1565.000,Hemşire,HEMŞİRE,tid_sozluk
1565.001,Hemşire,HEMŞİRE,tid_sozluk
1566.000,Hentbol,HENTBOL,tid_sozluk
1567.000,Hey,HEY,tid_sozluk
1567.001,Hey,HEY,tid_sozluk
1568.000,Hobi,HOBİ,tid_sozluk
1569.000,Hurma,HURMA,tid_sozluk
1764.000,Haberleşmek,HABERLEŞMEK,tid_sozluk
1765.001,Hafıza,HAFIZA,tid_sozluk
1765.000,Hafıza,HAFIZA,tid_sozluk
1766.000,Hamam,HAMAM,tid_sozluk
1767.000,Havuz,HAVUZ,tid_sozluk
1767.001,Havuz,HAVUZ,tid_sozluk
1768.001,Hayran kalmak,HAYRAN KALMAK,tid_sozluk
1768.000,Hayran kalmak,HAYRAN KALMAK,tid_sozluk
1769.000,Helikopter,HELİKOPTER,tid_sozluk
1770.001,Hikaye,HİKAYE,tid_sozluk
1770.000,Hikaye,HİKAYE,tid_sozluk
0505.000,Işık,IŞIK,tid_sozluk
1771.000,Izgara,IZGARA,tid_sozluk
0011.001,"Sağır, İşitme Engelli",SAĞIR,tid_sozluk
0011.001,"Sağır, İşitme Engelli",İŞİTME ENGELLİ,tid_sozluk
0011.001,"Sağır, İşitme Engelli",SAĞIR,tid_sozluk
0011.001,"Sağır, İşitme Engelli",İŞİTME ENGELLİ,tid_sozluk
0011.000,"Sağır, İşitme Engelli",SAĞIR,tid_sozluk
0011.000,"Sağır, İşitme Engelli",İŞİTME ENGELLİ,tid_sozluk
0011.000,"Sağır, İşitme Engelli",SAĞIR,tid_sozluk
0011.000,"Sağır, İşitme Engelli",İŞİTME ENGELLİ,tid_sozluk
0016.000,İşaret,İŞARET,tid_sozluk
0023.000,İçin,İÇİN,tid_sozluk
0028.000,İstemek,İSTEMEK,tid_sozluk
0028.001,İstemek,İSTEMEK,tid_sozluk
0028.002,İstemek,İSTEMEK,tid_sozluk
0033.000,İyi,İYİ,tid_sozluk
0035.001,"Ad, İsim",AD,tid_sozluk
0035.001,"Ad, İsim",İSİM,tid_sozluk
0035.001,"Ad, İsim",AD,tid_sozluk
0035.001,"Ad, İsim",İSİM,tid_sozluk
0035.000,"Ad, İsim",AD,tid_sozluk
0035.000,"Ad, İsim",İSİM,tid_sozluk
0035.000,"Ad, İsim",AD,tid_sozluk
0035.000,"Ad, İsim",İSİM,tid_sozluk
0037.001,İş,İŞ,tid_sozluk
0037.000,İş,İŞ,tid_sozluk
0059.001,"İzlemek, Seyretmek",İZLEMEK,tid_sozluk
0059.001,"İzlemek, Seyretmek",SEYRETMEK,tid_sozluk
0059.001,"İzlemek, Seyretmek",İZLEMEK,tid_sozluk
0059.001,"İzlemek, Seyretmek",SEYRETMEK,tid_sozluk
0059.000,"İzlemek, Seyretmek",İZLEMEK,tid_sozluk
0059.000,"İzlemek, Seyretmek",SEYRETMEK,tid_sozluk
0059.000,"İzlemek, Seyretmek",İZLEMEK,tid_sozluk
0059.000,"İzlemek, Seyretmek",SEYRETMEK,tid_sozluk
0099.000,İnsan,İNSAN,tid_sozluk
0104.000,İlk,İLK,tid_sozluk
0122.000,İki,İKİ,tid_sozluk
0141.001,İmkansız,İMKANSIZ,tid_sozluk
0141.000,İmkansız,İMKANSIZ,tid_sozluk
0145.000,İletişim,İLETİŞİM,tid_sozluk
0177.002,İnşallah,İNŞALLAH,tid_sozluk
0177.000,İnşallah,İNŞALLAH,tid_sozluk
0177.001,İnşallah,İNŞALLAH,tid_sozluk
0212.002,İkinci,İKİNCİ,tid_sozluk
0212.001,İkinci,İKİNCİ,tid_sozluk
0212.000,İkinci,İKİNCİ,tid_sozluk
0300.000,İnanmak,İNANMAK,tid_sozluk
0337.000,İzin,İZİN,tid_sozluk
0337.001,İzin,İZİN,tid_sozluk
0368.001,İçki,İÇKİ,tid_sozluk
0368.000,İçki,İÇKİ,tid_sozluk
0369.001,İnternet,İNTERNET,tid_sozluk
0369.000,İnternet,İNTERNET,tid_sozluk
0372.000,"İşitmek, Duymak",İŞİTMEK,tid_sozluk
0372.000,"İşitmek, Duymak",DUYMAK,tid_sozluk
0372.000,"İşitmek, Duymak",İŞİTMEK,tid_sozluk
0372.000,"İşitmek, Duymak",DUYMAK,tid_sozluk
0393.001,İdare,İDARE,tid_sozluk
0393.000,İdare,İDARE,tid_sozluk
0404.000,İşte,İŞTE,tid_sozluk
0416.000,İndirim,İNDİRİM,tid_sozluk
0416.001,İndirim,İNDİRİM,tid_sozluk
0434.000,İçmek,İÇMEK,tid_sozluk
0441.001,İlgilenmek,İLGİLENMEK,tid_sozluk
0441.000,İlgilenmek,İLGİLENMEK,tid_sozluk
0506.000,İleri,İLERİ,tid_sozluk
0516.000,İnmek,İNMEK,tid_sozluk
0516.001,İnmek,İNMEK,tid_sozluk
0545.000,İfade,İFADE,tid_sozluk
0559.001,İslam,İSLAM,tid_sozluk
0559.000,İslam,İSLAM,tid_sozluk
0579.002,İğne,İĞNE,tid_sozluk
0579.001,İğne,İĞNE,tid_sozluk
0579.000,İğne,İĞNE,tid_sozluk
0593.000,İlginç,İLGİNÇ,tid_sozluk
0643.000,İlçe,İLÇE,tid_sozluk
0706.002,İntikam,İNTİKAM,tid_sozluk
0706.000,İntikam,İNTİKAM,tid_sozluk
0706.001,İntikam,İNTİKAM,tid_sozluk
0707.001,İptal etmek,İPTAL ETMEK,tid_sozluk
0707.002,İptal etmek,İPTAL ETMEK,tid_sozluk
0707.000,İptal etmek,İPTAL ETMEK,tid_sozluk
0756.000,İmza,İMZA,tid_sozluk
0756.001,İmza,İMZA,tid_sozluk
0847.001,İhtiyaç,İHTİYAÇ,tid_sozluk
0847.000,İhtiyaç,İHTİYAÇ,tid_sozluk
0848.000,İletmek,İLETMEK,tid_sozluk
0849.001,İstifa,İSTİFA,tid_sozluk
0849.000,İstifa,İSTİFA,tid_sozluk
0870.000,İşaretleşmek,İŞARETLEŞMEK,tid_sozluk
0889.001,İlaç,İLAÇ,tid_sozluk
0889.000,İlaç,İLAÇ,tid_sozluk
0931.000,İcat,İCAT,tid_sozluk
0932.000,İlkokul,İLKOKUL,tid_sozluk
0933.001,İnek,İNEK,tid_sozluk
0933.000,İnek,İNEK,tid_sozluk
0934.000,İnşaat,İNŞAAT,tid_sozluk
0934.001,İnşaat,İNŞAAT,tid_sozluk
0986.000,İnce,İNCE,tid_sozluk
0986.002,İnce,İNCE,tid_sozluk
0986.001,İnce,İNCE,tid_sozluk
1045.000,İcra,İCRA,tid_sozluk
1071.001,"Arzu, İstek",ARZU,tid_sozluk
1071.001,"Arzu, İstek",İSTEK,tid_sozluk
1071.001,"Arzu, İstek",ARZU,tid_sozluk
1071.001,"Arzu, İstek",İSTEK,tid_sozluk
1071.000,"Arzu, İstek",ARZU,tid_sozluk
1071.000,"Arzu, İstek",İSTEK,tid_sozluk
1071.000,"Arzu, İstek",ARZU,tid_sozluk
1071.000,"Arzu, İstek",İSTEK,tid_sozluk
1088.000,İp,İP,tid_sozluk
1163.001,İçli köfte,İÇLİ KÖFTE,tid_sozluk
1163.002,İçli köfte,İÇLİ KÖFTE,tid_sozluk
1163.000,İçli köfte,İÇLİ KÖFTE,tid_sozluk
1164.000,İhtiyar,İHTİYAR,tid_sozluk
1165.000,İyileşmek,İYİLEŞMEK,tid_sozluk
1244.000,İdman,İDMAN,tid_sozluk
1245.000,İkisi,İKİSİ,tid_sozluk
1338.000,İlerlemek,İLERLEMEK,tid_sozluk
1338.001,İlerlemek,İLERLEMEK,tid_sozluk
1338.002,İlerlemek,İLERLEMEK,tid_sozluk
1440.000,İğrenç,İĞRENÇ,tid_sozluk
1440.001,İğrenç,İĞRENÇ,tid_sozluk
1441.001,İkna etmek,İKNA ETMEK,tid_sozluk
1441.000,İkna etmek,İKNA ETMEK,tid_sozluk
1441.002,İkna etmek,İKNA ETMEK,tid_sozluk
1442.000,İlk defa,İLK DEFA,tid_sozluk
1443.000,İstifa etmek,İSTİFA ETMEK,tid_sozluk
1443.001,İstifa etmek,İSTİFA ETMEK,tid_sozluk
1444.000,İtmek,İTMEK,tid_sozluk
1506.001,"Alkol, İçki",ALKOL,tid_sozluk
1506.001,"Alkol, İçki",İÇKİ,tid_sozluk
1506.001,"Alkol, İçki",ALKOL,tid_sozluk
1506.001,"Alkol, İçki",İÇKİ,tid_sozluk
1506.000,"Alkol, İçki",ALKOL,tid_sozluk
1506.000,"Alkol, İçki",İÇKİ,tid_sozluk
1506.000,"Alkol, İçki",ALKOL,tid_sozluk
1506.000,"Alkol, İçki",İÇKİ,tid_sozluk
1570.000,İç,İÇ,tid_sozluk
1571.000,İçirmek,İÇİRMEK,tid_sozluk
1572.000,İdare etmek,İDARE ETMEK,tid_sozluk
1573.001,İlgi,İLGİ,tid_sozluk
1573.000,İlgi,İLGİ,tid_sozluk
1575.000,İlköğretim,İLKÖĞRETİM,tid_sozluk
1576.000,İmzalamak,İMZALAMAK,tid_sozluk
1577.000,İngilizce,İNGİLİZCE,tid_sozluk
1578.001,İnşa,İNŞA,tid_sozluk
1578.000,İnşa,İNŞA,tid_sozluk
1579.000,İşçi,İŞÇİ,tid_sozluk
1579.001,İşçi,İŞÇİ,tid_sozluk
1580.000,İz,İZ,tid_sozluk
1642.000,İftira atmak,İFTİRA ATMAK,tid_sozluk
1645.000,"Şehir, İl",ŞEHİR,tid_sozluk
1645.000,"Şehir, İl",İL,tid_sozluk
1645.000,"Şehir, İl",ŞEHİR,tid_sozluk
1645.000,"Şehir, İl",İL,tid_sozluk
1645.001,"Şehir, İl",ŞEHİR,tid_sozluk
1645.001,"Şehir, İl",İL,tid_sozluk
1645.001,"Şehir, İl",ŞEHİR,tid_sozluk
1645.001,"Şehir, İl",İL,tid_sozluk
1681.000,İkibin,İKİBİN,tid_sozluk
1772.001,İçki içmek,İÇKİ İÇMEK,tid_sozluk
1772.000,İçki içmek,İÇKİ İÇMEK,tid_sozluk
1773.000,İfade etmek,İFADE ETMEK,tid_sozluk
1774.000,İflas etmek,İFLAS ETMEK,tid_sozluk
1774.001,İflas etmek,İFLAS ETMEK,tid_sozluk
1775.000,İktidar,İKTİDAR,tid_sozluk
1776.000,İl,İL,tid_sozluk
1776.001,İl,İL,tid_sozluk
1777.001,İlgisiz,İLGİSİZ,tid_sozluk
1777.000,İlgisiz,İLGİSİZ,tid_sozluk
1778.000,İman,İMAN,tid_sozluk
1779.002,İndirmek,İNDİRMEK,tid_sozluk
1779.000,İndirmek,İNDİRMEK,tid_sozluk
1779.001,İndirmek,İNDİRMEK,tid_sozluk
1781.000,İstiklal marşı,İSTİKLAL MARŞI,tid_sozluk
1782.000,İsyan etme,İSYAN ETME,tid_sozluk
1783.000,İşsiz,İŞSİZ,tid_sozluk
1784.000,İtibaren,İTİBAREN,tid_sozluk
1784.001,İtibaren,İTİBAREN,tid_sozluk
1785.000,İzin vermek,İZİN VERMEK,tid_sozluk
1785.001,İzin vermek,İZİN VERMEK,tid_sozluk
1909.000,İki yüz,İKİ YÜZ,tid_sozluk
1246.000,Jandarma,JANDARMA,tid_sozluk
1246.001,Jandarma,JANDARMA,tid_sozluk
1581.000,Japon,JAPON,tid_sozluk
1786.000,Judo,JUDO,tid_sozluk
0019.000,Konuşmak,KONUŞMAK,tid_sozluk
0019.001,Konuşmak,KONUŞMAK,tid_sozluk
0039.001,Kişi,KİŞİ,tid_sozluk
0039.000,Kişi,KİŞİ,tid_sozluk
0049.000,Kafa,KAFA,tid_sozluk
0056.000,Koymak,KOYMAK,tid_sozluk
0058.000,Kendi,KENDİ,tid_sozluk
0061.000,Kitap,KİTAP,tid_sozluk
0061.001,Kitap,KİTAP,tid_sozluk
0063.000,Kız,KIZ,tid_sozluk
0106.000,Kağıt,KAĞIT,tid_sozluk
0106.001,Kağıt,KAĞIT,tid_sozluk
0110.002,Kalmak,KALMAK,tid_sozluk
0110.001,Kalmak,KALMAK,tid_sozluk
0110.000,Kalmak,KALMAK,tid_sozluk
0124.000,Kardeş,KARDEŞ,tid_sozluk
0135.001,Kadar,KADAR,tid_sozluk
0135.000,Kadar,KADAR,tid_sozluk
0136.002,Kazanmak,KAZANMAK,tid_sozluk
0136.001,Kazanmak,KAZANMAK,tid_sozluk
0136.000,Kazanmak,KAZANMAK,tid_sozluk
0142.000,Küçük,KÜÇÜK,tid_sozluk
0142.001,Küçük,KÜÇÜK,tid_sozluk
0150.000,Kolay,KOLAY,tid_sozluk
0151.000,Kurtarmak,KURTARMAK,tid_sozluk
0170.001,Kesmek,KESMEK,tid_sozluk
0170.000,Kesmek,KESMEK,tid_sozluk
0170.002,Kesmek,KESMEK,tid_sozluk
0173.001,Kısa,KISA,tid_sozluk
0173.000,Kısa,KISA,tid_sozluk
0180.001,Kamera,KAMERA,tid_sozluk
0180.000,Kamera,KAMERA,tid_sozluk
0199.000,Kalp,KALP,tid_sozluk
0199.002,Kalp,KALP,tid_sozluk
0199.001,Kalp,KALP,tid_sozluk
0226.000,Korkmak,KORKMAK,tid_sozluk
0236.000,Kaç,KAÇ,tid_sozluk
0241.000,Kapatmak,KAPATMAK,tid_sozluk
0241.002,Kapatmak,KAPATMAK,tid_sozluk
0241.001,Kapatmak,KAPATMAK,tid_sozluk
0242.000,Kol,KOL,tid_sozluk
0247.001,Kim,KİM,tid_sozluk
0247.000,Kim,KİM,tid_sozluk
0279.002,Köy,KÖY,tid_sozluk
0279.001,Köy,KÖY,tid_sozluk
0279.000,Köy,KÖY,tid_sozluk
0280.000,Kültür,KÜLTÜR,tid_sozluk
0286.000,Kulak,KULAK,tid_sozluk
0291.001,Kalabalık,KALABALIK,tid_sozluk
0291.000,Kalabalık,KALABALIK,tid_sozluk
0296.000,Köprü,KÖPRÜ,tid_sozluk
0307.000,Kaybetmek,KAYBETMEK,tid_sozluk
0307.001,Kaybetmek,KAYBETMEK,tid_sozluk
0308.000,Konu,KONU,tid_sozluk
0309.000,Kumanda,KUMANDA,tid_sozluk
0319.000,Kötü,KÖTÜ,tid_sozluk
0326.000,Kabul,KABUL,tid_sozluk
0327.000,Kredi çekmek,KREDİ ÇEKMEK,tid_sozluk
0338.000,Kaçmak,KAÇMAK,tid_sozluk
0352.001,"Gülmek, Kahkaha atmak",GÜLMEK,tid_sozluk
0352.001,"Gülmek, Kahkaha atmak",KAHKAHA ATMAK,tid_sozluk
0352.001,"Gülmek, Kahkaha atmak",GÜLMEK,tid_sozluk
0352.001,"Gülmek, Kahkaha atmak",KAHKAHA ATMAK,tid_sozluk
0352.000,"Gülmek, Kahkaha atmak",GÜLMEK,tid_sozluk
0352.000,"Gülmek, Kahkaha atmak",KAHKAHA ATMAK,tid_sozluk
0352.000,"Gülmek, Kahkaha atmak",GÜLMEK,tid_sozluk
0352.000,"Gülmek, Kahkaha atmak",KAHKAHA ATMAK,tid_sozluk
0352.002,"Gülmek, Kahkaha atmak",GÜLMEK,tid_sozluk
0352.002,"Gülmek, Kahkaha atmak",KAHKAHA ATMAK,tid_sozluk
0352.002,"Gülmek, Kahkaha atmak",GÜLMEK,tid_sozluk
0352.002,"Gülmek, Kahkaha atmak",KAHKAHA ATMAK,tid_sozluk
0353.001,Kalkmak,KALKMAK,tid_sozluk
0353.000,Kalkmak,KALKMAK,tid_sozluk
0353.002,Kalkmak,KALKMAK,tid_sozluk
0363.000,Kapı,KAPI,tid_sozluk
0364.000,Kavga,KAVGA,tid_sozluk
0364.001,Kavga,KAVGA,tid_sozluk
0373.000,Karar,KARAR,tid_sozluk
0374.000,Kısmet,KISMET,tid_sozluk
0374.001,Kısmet,KISMET,tid_sozluk
0380.000,Koşmak,KOŞMAK,tid_sozluk
0380.001,Koşmak,KOŞMAK,tid_sozluk
0399.000,Korumak,KORUMAK,tid_sozluk
0399.001,Korumak,KORUMAK,tid_sozluk
0428.001,Kanun,KANUN,tid_sozluk
0428.000,Kanun,KANUN,tid_sozluk
0435.000,Kılıç,KILIÇ,tid_sozluk
0435.001,Kılıç,KILIÇ,tid_sozluk
0436.000,Kurtulmak,KURTULMAK,tid_sozluk
0457.001,Koku,KOKU,tid_sozluk
0457.000,Koku,KOKU,tid_sozluk
0457.002,Koku,KOKU,tid_sozluk
0458.000,Kontrol,KONTROL,tid_sozluk
0458.001,Kontrol,KONTROL,tid_sozluk
0462.000,Karışık,KARIŞIK,tid_sozluk
0462.001,Karışık,KARIŞIK,tid_sozluk
0463.000,Karışmak,KARIŞMAK,tid_sozluk
0463.001,Karışmak,KARIŞMAK,tid_sozluk
0464.001,Kart,KART,tid_sozluk
0464.000,Kart,KART,tid_sozluk
0464.002,Kart,KART,tid_sozluk
0465.001,Komik,KOMİK,tid_sozluk
0465.000,Komik,KOMİK,tid_sozluk
0471.000,Kaza,KAZA,tid_sozluk
0471.001,Kaza,KAZA,tid_sozluk
0479.000,Kan,KAN,tid_sozluk
0487.000,Konvoy,KONVOY,tid_sozluk
0517.000,Karşılaşmak,KARŞILAŞMAK,tid_sozluk
0518.000,Kızmak,KIZMAK,tid_sozluk
0518.001,Kızmak,KIZMAK,tid_sozluk
0519.001,Komşu,KOMŞU,tid_sozluk
0519.000,Komşu,KOMŞU,tid_sozluk
0530.000,Kırmızı,KIRMIZI,tid_sozluk
0530.001,Kırmızı,KIRMIZI,tid_sozluk
0546.000,Kurs,KURS,tid_sozluk
0546.002,Kurs,KURS,tid_sozluk
0546.001,Kurs,KURS,tid_sozluk
0547.000,Kuvvet,KUVVET,tid_sozluk
0547.001,Kuvvet,KUVVET,tid_sozluk
0547.002,Kuvvet,KUVVET,tid_sozluk
0560.001,Kaba,KABA,tid_sozluk
0560.000,Kaba,KABA,tid_sozluk
0560.002,Kaba,KABA,tid_sozluk
0561.000,Kaldırmak,KALDIRMAK,tid_sozluk
0561.002,Kaldırmak,KALDIRMAK,tid_sozluk
0561.001,Kaldırmak,KALDIRMAK,tid_sozluk
0562.000,Kebap,KEBAP,tid_sozluk
0562.001,Kebap,KEBAP,tid_sozluk
0563.000,Kopya,KOPYA,tid_sozluk
0563.002,Kopya,KOPYA,tid_sozluk
0563.001,Kopya,KOPYA,tid_sozluk
0594.000,Kadın,KADIN,tid_sozluk
0599.000,"Sözcük, Kelime",SÖZCÜK,tid_sozluk
0599.000,"Sözcük, Kelime",KELİME,tid_sozluk
0599.000,"Sözcük, Kelime",SÖZCÜK,tid_sozluk
0599.000,"Sözcük, Kelime",KELİME,tid_sozluk
0623.000,Katılmak,KATILMAK,tid_sozluk
0644.000,Kedi,KEDİ,tid_sozluk
0644.001,Kedi,KEDİ,tid_sozluk
0644.002,Kedi,KEDİ,tid_sozluk
0651.000,Konuşan,KONUŞAN,tid_sozluk
0663.000,Karın,KARIN,tid_sozluk
0664.000,Kuş,KUŞ,tid_sozluk
0679.000,Kaçak,KAÇAK,tid_sozluk
0708.000,Koca,KOCA,tid_sozluk
0709.000,Kürt,KÜRT,tid_sozluk
0736.001,Karıştırmak,KARIŞTIRMAK,tid_sozluk
0736.000,Karıştırmak,KARIŞTIRMAK,tid_sozluk
0757.000,Kaçırmak,KAÇIRMAK,tid_sozluk
0758.001,Kale,KALE,tid_sozluk
0758.000,Kale,KALE,tid_sozluk
0759.001,Köfte,KÖFTE,tid_sozluk
0759.000,Köfte,KÖFTE,tid_sozluk
0782.001,Kalem,KALEM,tid_sozluk
0782.000,Kalem,KALEM,tid_sozluk
0783.000,Kamp,KAMP,tid_sozluk
0783.001,Kamp,KAMP,tid_sozluk
0784.000,Karşı,KARŞI,tid_sozluk
0785.000,Koklamak,KOKLAMAK,tid_sozluk
0785.002,Koklamak,KOKLAMAK,tid_sozluk
0785.001,Koklamak,KOKLAMAK,tid_sozluk
0786.001,Kurmak,KURMAK,tid_sozluk
0786.000,Kurmak,KURMAK,tid_sozluk
0831.000,Kırk,KIRK,tid_sozluk
0831.001,Kırk,KIRK,tid_sozluk
0850.000,Kabul etmek,KABUL ETMEK,tid_sozluk
0851.000,Kahretmek,KAHRETMEK,tid_sozluk
0890.000,Koltuk,KOLTUK,tid_sozluk
0890.001,Koltuk,KOLTUK,tid_sozluk
0891.000,Kör,KÖR,tid_sozluk
0891.001,Kör,KÖR,tid_sozluk
0892.000,Kriz,KRİZ,tid_sozluk
0893.000,Kural,KURAL,tid_sozluk
0894.000,Kusmak,KUSMAK,tid_sozluk
0895.000,Kusur,KUSUR,tid_sozluk
0935.000,Kapalı,KAPALI,tid_sozluk
0935.002,Kapalı,KAPALI,tid_sozluk
0935.001,Kapalı,KAPALI,tid_sozluk
0936.000,Karar vermek,KARAR VERMEK,tid_sozluk
0936.001,Karar vermek,KARAR VERMEK,tid_sozluk
0938.000,Kayıp,KAYIP,tid_sozluk
0939.000,Kaynak,KAYNAK,tid_sozluk
0939.001,Kaynak,KAYNAK,tid_sozluk
0940.000,Klavye,KLAVYE,tid_sozluk
0941.001,Koalisyon,KOALİSYON,tid_sozluk
0941.002,Koalisyon,KOALİSYON,tid_sozluk
0941.000,Koalisyon,KOALİSYON,tid_sozluk
0987.001,Kandırmak,KANDIRMAK,tid_sozluk
0987.000,Kandırmak,KANDIRMAK,tid_sozluk
0988.000,"Kavınvalide, Kaynana",KAVINVALİDE,tid_sozluk
0988.000,"Kavınvalide, Kaynana",KAYNANA,tid_sozluk
0989.000,Keyif,KEYİF,tid_sozluk
0989.001,Keyif,KEYİF,tid_sozluk
1042.001,Kabahat,KABAHAT,tid_sozluk
1042.000,Kabahat,KABAHAT,tid_sozluk
1043.001,Kadayıf,KADAYIF,tid_sozluk
1043.000,Kadayıf,KADAYIF,tid_sozluk
1044.000,Kafaya takmak,KAFAYA TAKMAK,tid_sozluk
1044.001,Kafaya takmak,KAFAYA TAKMAK,tid_sozluk
1046.000,Kat,KAT,tid_sozluk
1046.001,Kat,KAT,tid_sozluk
1047.001,Kıskanmak,KISKANMAK,tid_sozluk
1047.000,Kıskanmak,KISKANMAK,tid_sozluk
1089.001,Kalın,KALIN,tid_sozluk
1089.000,Kalın,KALIN,tid_sozluk
1090.000,Kapak,KAPAK,tid_sozluk
1090.001,Kapak,KAPAK,tid_sozluk
1090.002,Kapak,KAPAK,tid_sozluk
1091.000,Kare,KARE,tid_sozluk
1092.000,Karne,KARNE,tid_sozluk
1093.000,Kesin,KESİN,tid_sozluk
1093.001,Kesin,KESİN,tid_sozluk
1094.001,Kilise,KİLİSE,tid_sozluk
1094.000,Kilise,KİLİSE,tid_sozluk
1095.000,Komedi,KOMEDİ,tid_sozluk
1096.000,Kuaför,KUAFÖR,tid_sozluk
1096.001,Kuaför,KUAFÖR,tid_sozluk
1097.000,Kucaklamak,KUCAKLAMAK,tid_sozluk
1166.001,Kader,KADER,tid_sozluk
1166.000,Kader,KADER,tid_sozluk
1167.001,Kahve,KAHVE,tid_sozluk
1167.000,Kahve,KAHVE,tid_sozluk
1168.001,Kaptan,KAPTAN,tid_sozluk
1168.000,Kaptan,KAPTAN,tid_sozluk
1169.000,Kar,KAR,tid_sozluk
1169.002,Kar,KAR,tid_sozluk
1169.001,Kar,KAR,tid_sozluk
1170.000,Kara,KARA,tid_sozluk
1171.000,Kırılmak,KIRILMAK,tid_sozluk
1171.001,Kırılmak,KIRILMAK,tid_sozluk
1171.002,Kırılmak,KIRILMAK,tid_sozluk
1172.000,Kırmak,KIRMAK,tid_sozluk
1172.001,Kırmak,KIRMAK,tid_sozluk
1173.001,Kilo,KİLO,tid_sozluk
1173.000,Kilo,KİLO,tid_sozluk
1173.002,Kilo,KİLO,tid_sozluk
1174.001,Kocaman,KOCAMAN,tid_sozluk
1174.002,Kocaman,KOCAMAN,tid_sozluk
1174.000,Kocaman,KOCAMAN,tid_sozluk
1175.000,Köpek,KÖPEK,tid_sozluk
1176.000,Kral,KRAL,tid_sozluk
1177.000,Kredi,KREDİ,tid_sozluk
1247.001,Kartal,KARTAL,tid_sozluk
1247.000,Kartal,KARTAL,tid_sozluk
1248.001,Kıyafet,KIYAFET,tid_sozluk
1248.000,Kıyafet,KIYAFET,tid_sozluk
1249.000,Kibrit,KİBRİT,tid_sozluk
1250.000,Kulaklık,KULAKLIK,tid_sozluk
1250.001,Kulaklık,KULAKLIK,tid_sozluk
1251.000,Kura,KURA,tid_sozluk
1252.000,Kurnaz,KURNAZ,tid_sozluk
1288.000,"Walkman, Kasetçalar",WALKMAN,tid_sozluk
1288.000,"Walkman, Kasetçalar",KASETÇALAR,tid_sozluk
1288.000,"Walkman, Kasetçalar",WALKMAN,tid_sozluk
1288.000,"Walkman, Kasetçalar",KASETÇALAR,tid_sozluk
1339.000,Kablo,KABLO,tid_sozluk
1340.000,Kamyon,KAMYON,tid_sozluk
1341.000,Karate,KARATE,tid_sozluk
1342.002,Kavga etmek,KAVGA ETMEK,tid_sozluk
1342.001,Kavga etmek,KAVGA ETMEK,tid_sozluk
1342.000,Kavga etmek,KAVGA ETMEK,tid_sozluk
1343.000,Kemer,KEMER,tid_sozluk
1343.001,Kemer,KEMER,tid_sozluk
1344.000,Kola,KOLA,tid_sozluk
1345.000,Komutan,KOMUTAN,tid_sozluk
1345.001,Komutan,KOMUTAN,tid_sozluk
1346.000,Kopmak,KOPMAK,tid_sozluk
1346.001,Kopmak,KOPMAK,tid_sozluk
1347.000,Korku,KORKU,tid_sozluk
1348.000,Kum,KUM,tid_sozluk
1349.001,Kumar,KUMAR,tid_sozluk
1349.000,Kumar,KUMAR,tid_sozluk
1350.000,Kusura bakmamak,KUSURA BAKMAMAK,tid_sozluk
1350.002,Kusura bakmamak,KUSURA BAKMAMAK,tid_sozluk
1350.001,Kusura bakmamak,KUSURA BAKMAMAK,tid_sozluk
1351.000,Kutu,KUTU,tid_sozluk
1445.000,Kafası şişmek,KAFASI ŞİŞMEK,tid_sozluk
1446.000,Kahkaha,KAHKAHA,tid_sozluk
1446.001,Kahkaha,KAHKAHA,tid_sozluk
1447.001,Kel,KEL,tid_sozluk
1447.000,Kel,KEL,tid_sozluk
1448.000,Kestirmek,KESTİRMEK,tid_sozluk
1448.001,Kestirmek,KESTİRMEK,tid_sozluk
1449.000,Kilitlemek,KİLİTLEMEK,tid_sozluk
1449.001,Kilitlemek,KİLİTLEMEK,tid_sozluk
1450.001,Kimse,KİMSE,tid_sozluk
1450.000,Kimse,KİMSE,tid_sozluk
1451.000,Klima,KLİMA,tid_sozluk
1452.000,Kokmak,KOKMAK,tid_sozluk
1452.002,Kokmak,KOKMAK,tid_sozluk
1452.001,Kokmak,KOKMAK,tid_sozluk
1453.001,Komünist,KOMÜNİST,tid_sozluk
1453.000,Komünist,KOMÜNİST,tid_sozluk
1454.000,Kurt,KURT,tid_sozluk
1455.000,Kurtarma,KURTARMA,tid_sozluk
1456.000,Kurum,KURUM,tid_sozluk
1457.000,Küçültmek,KÜÇÜLTMEK,tid_sozluk
1457.001,Küçültmek,KÜÇÜLTMEK,tid_sozluk
1480.000,Kira,KİRA,tid_sozluk
1582.000,Kafe,KAFE,tid_sozluk
1583.000,Karaciğer,KARACİĞER,tid_sozluk
1584.000,Karyola,KARYOLA,tid_sozluk
1585.000,Kemik,KEMİK,tid_sozluk
1586.000,Kırpmak,KIRPMAK,tid_sozluk
1587.000,Kibar,KİBAR,tid_sozluk
1588.002,Kilim,KİLİM,tid_sozluk
1588.001,Kilim,KİLİM,tid_sozluk
1588.000,Kilim,KİLİM,tid_sozluk
1589.000,Kitap okumak,KİTAP OKUMAK,tid_sozluk
1589.001,Kitap okumak,KİTAP OKUMAK,tid_sozluk
1590.000,"Koda, Coda",KODA,tid_sozluk
1590.000,"Koda, Coda",CODA,tid_sozluk
1590.000,"Koda, Coda",KODA,tid_sozluk
1590.000,"Koda, Coda",CODA,tid_sozluk
1591.000,Korna,KORNA,tid_sozluk
1592.000,Kovmak,KOVMAK,tid_sozluk
1592.001,Kovmak,KOVMAK,tid_sozluk
1593.000,Kurul,KURUL,tid_sozluk
1594.000,Kurulmak,KURULMAK,tid_sozluk
1594.001,Kurulmak,KURULMAK,tid_sozluk
1595.000,Kuzen,KUZEN,tid_sozluk
1596.000,Küçülmek,KÜÇÜLMEK,tid_sozluk
1596.001,Küçülmek,KÜÇÜLMEK,tid_sozluk
1596.002,Küçülmek,KÜÇÜLMEK,tid_sozluk
1694.000,Kasım,KASIM,tid_sozluk
1694.001,Kasım,KASIM,tid_sozluk
1787.000,Kahverengi,KAHVERENGİ,tid_sozluk
1787.001,Kahverengi,KAHVERENGİ,tid_sozluk
1787.002,Kahverengi,KAHVERENGİ,tid_sozluk
1789.000,Kapanmak,KAPANMAK,tid_sozluk
1789.001,Kapanmak,KAPANMAK,tid_sozluk
1790.000,Karakol,KARAKOL,tid_sozluk
1791.000,Karanlık,KARANLIK,tid_sozluk
1792.000,Karma karışık,KARMA KARIŞIK,tid_sozluk
1793.000,Kaşık,KAŞIK,tid_sozluk
1794.000,Kaşıntı,KAŞINTI,tid_sozluk
1795.000,Katil,KATİL,tid_sozluk
1795.001,Katil,KATİL,tid_sozluk
1796.001,Katlamak,KATLAMAK,tid_sozluk
1796.000,Katlamak,KATLAMAK,tid_sozluk
1797.000,Kaybolmak,KAYBOLMAK,tid_sozluk
1798.002,Kazmak,KAZMAK,tid_sozluk
1798.000,Kazmak,KAZMAK,tid_sozluk
1798.001,Kazmak,KAZMAK,tid_sozluk
1799.000,Kenara çekmek,KENARA ÇEKMEK,tid_sozluk
1800.000,Keşke,KEŞKE,tid_sozluk
1801.000,Kına,KINA,tid_sozluk
1802.000,Kıskanç,KISKANÇ,tid_sozluk
1804.000,Kıymak,KIYMAK,tid_sozluk
1806.000,Kontrol etmek,KONTROL ETMEK,tid_sozluk
1806.001,Kontrol etmek,KONTROL ETMEK,tid_sozluk
1807.001,Kopyalamak,KOPYALAMAK,tid_sozluk
1807.000,Kopyalamak,KOPYALAMAK,tid_sozluk
1807.002,Kopyalamak,KOPYALAMAK,tid_sozluk
1808.002,Krem,KREM,tid_sozluk
1808.000,Krem,KREM,tid_sozluk
1808.001,Krem,KREM,tid_sozluk
1809.000,Kumaş,KUMAŞ,tid_sozluk
1809.001,Kumaş,KUMAŞ,tid_sozluk
1810.000,Kumpir,KUMPİR,tid_sozluk
1810.001,Kumpir,KUMPİR,tid_sozluk
1811.000,Kurban,KURBAN,tid_sozluk
1811.001,Kurban,KURBAN,tid_sozluk
1812.001,Küfür,KÜFÜR,tid_sozluk
1812.000,Küfür,KÜFÜR,tid_sozluk
1813.000,Küpe,KÜPE,tid_sozluk
1814.000,Kürek,KÜREK,tid_sozluk
1863.000,Kefil,KEFİL,tid_sozluk
1932.000,Kilometre,KİLOMETRE,tid_sozluk
1995.000,Kahvaltı,KAHVALTI,tid_sozluk
1995.001,Kahvaltı,KAHVALTI,tid_sozluk
1995.002,Kahvaltı,KAHVALTI,tid_sozluk
1996.000,Kış,KIŞ,tid_sozluk
1997.000,Kimya,KİMYA,tid_sozluk
1998.000,Kira,KİRA,tid_sozluk
0042.000,Lazım,LAZIM,tid_sozluk
0220.000,Lise,LİSE,tid_sozluk
0488.000,Lütfen,LÜTFEN,tid_sozluk
0595.000,Lokanta,LOKANTA,tid_sozluk
0610.001,Laf,LAF,tid_sozluk
0610.000,Laf,LAF,tid_sozluk
0610.002,Laf,LAF,tid_sozluk
0624.000,Lamba,LAMBA,tid_sozluk
0710.002,Lezzet,LEZZET,tid_sozluk
0710.001,Lezzet,LEZZET,tid_sozluk
0710.000,Lezzet,LEZZET,tid_sozluk
0896.000,Lokal,LOKAL,tid_sozluk
1031.001,"Dizüstü Bilgisayar, Laptop",DİZÜSTÜ BİLGİSAYAR,tid_sozluk
1031.001,"Dizüstü Bilgisayar, Laptop",LAPTOP,tid_sozluk
1031.001,"Dizüstü Bilgisayar, Laptop",DİZÜSTÜ BİLGİSAYAR,tid_sozluk
1031.001,"Dizüstü Bilgisayar, Laptop",LAPTOP,tid_sozluk
1031.000,"Dizüstü Bilgisayar, Laptop",DİZÜSTÜ BİLGİSAYAR,tid_sozluk
1031.000,"Dizüstü Bilgisayar, Laptop",LAPTOP,tid_sozluk
1031.000,"Dizüstü Bilgisayar, Laptop",DİZÜSTÜ BİLGİSAYAR,tid_sozluk
1031.000,"Dizüstü Bilgisayar, Laptop",LAPTOP,tid_sozluk
1178.002,Lira,LİRA,tid_sozluk
1178.000,Lira,LİRA,tid_sozluk
1178.001,Lira,LİRA,tid_sozluk
1458.001,Logo,LOGO,tid_sozluk
1458.000,Logo,LOGO,tid_sozluk
1597.000,Lüzum,LÜZUM,tid_sozluk
1815.000,Lezzetli,LEZZETLİ,tid_sozluk
1815.001,Lezzetli,LEZZETLİ,tid_sozluk
0083.000,Mecbur,MECBUR,tid_sozluk
0111.000,Mesela,MESELA,tid_sozluk
0111.001,Mesela,MESELA,tid_sozluk
0155.000,Memleket,MEMLEKET,tid_sozluk
0155.001,Memleket,MEMLEKET,tid_sozluk
0171.000,Merak,MERAK,tid_sozluk
0237.000,Mutlu,MUTLU,tid_sozluk
0248.000,Moral,MORAL,tid_sozluk
0256.000,Memnun,MEMNUN,tid_sozluk
0271.000,Müslüman,MÜSLÜMAN,tid_sozluk
0301.000,Mezun,MEZUN,tid_sozluk
0315.000,Misafir,MİSAFİR,tid_sozluk
0320.000,Mesaj,MESAJ,tid_sozluk
0320.002,Mesaj,MESAJ,tid_sozluk
0320.001,Mesaj,MESAJ,tid_sozluk
0354.000,Mahkeme,MAHKEME,tid_sozluk
0354.001,Mahkeme,MAHKEME,tid_sozluk
0385.001,Meslek,MESLEK,tid_sozluk
0385.000,Meslek,MESLEK,tid_sozluk
0394.000,Mutlaka,MUTLAKA,tid_sozluk
0405.001,Maaş,MAAŞ,tid_sozluk
0405.000,Maaş,MAAŞ,tid_sozluk
0417.000,Matematik,MATEMATİK,tid_sozluk
0417.001,Matematik,MATEMATİK,tid_sozluk
0417.002,Matematik,MATEMATİK,tid_sozluk
0418.000,Mesajlaşmak,MESAJLAŞMAK,tid_sozluk
0442.000,Mektup,MEKTUP,tid_sozluk
0442.001,Mektup,MEKTUP,tid_sozluk
0443.002,Müdür,MÜDÜR,tid_sozluk
0443.000,Müdür,MÜDÜR,tid_sozluk
0443.001,Müdür,MÜDÜR,tid_sozluk
0444.002,Müze,MÜZE,tid_sozluk
0444.001,Müze,MÜZE,tid_sozluk
0444.000,Müze,MÜZE,tid_sozluk
0480.001,Maşallah,MAŞALLAH,tid_sozluk
0480.000,Maşallah,MAŞALLAH,tid_sozluk
0481.000,Milyon,MİLYON,tid_sozluk
0496.000,Maç,MAÇ,tid_sozluk
0520.000,Meşhur,MEŞHUR,tid_sozluk
0521.000,Mide,MİDE,tid_sozluk
0531.002,Makine,MAKİNE,tid_sozluk
0531.001,Makine,MAKİNE,tid_sozluk
0531.000,Makine,MAKİNE,tid_sozluk
0532.001,Merak etmek,MERAK ETMEK,tid_sozluk
0532.000,Merak etmek,MERAK ETMEK,tid_sozluk
0548.000,Moda,MODA,tid_sozluk
0580.001,Memur,MEMUR,tid_sozluk
0580.000,Memur,MEMUR,tid_sozluk
0581.000,Milli,MİLLİ,tid_sozluk
0611.000,Masraf,MASRAF,tid_sozluk
0612.001,Müzik,MÜZİK,tid_sozluk
0612.002,Müzik,MÜZİK,tid_sozluk
0612.000,Müzik,MÜZİK,tid_sozluk
0680.001,Mangal,MANGAL,tid_sozluk
0680.000,Mangal,MANGAL,tid_sozluk
0681.000,Merkez,MERKEZ,tid_sozluk
0681.002,Merkez,MERKEZ,tid_sozluk
0681.001,Merkez,MERKEZ,tid_sozluk
0682.000,Millet,MİLLET,tid_sozluk
0711.000,Merhaba,MERHABA,tid_sozluk
0787.000,Mafya,MAFYA,tid_sozluk
0788.000,Metre,METRE,tid_sozluk
0788.001,Metre,METRE,tid_sozluk
0789.001,Metro,METRO,tid_sozluk
0789.000,Metro,METRO,tid_sozluk
0814.000,Müsait,MÜSAİT,tid_sozluk
0854.000,Mağlup,MAĞLUP,tid_sozluk
0855.001,Mezar,MEZAR,tid_sozluk
0855.000,Mezar,MEZAR,tid_sozluk
0897.000,Masaj,MASAJ,tid_sozluk
0897.001,Masaj,MASAJ,tid_sozluk
0898.000,Memnun olmak,MEMNUN OLMAK,tid_sozluk
0899.001,Mikrop,MİKROP,tid_sozluk
0899.000,Mikrop,MİKROP,tid_sozluk
0900.002,Mücadele,MÜCADELE,tid_sozluk
0900.001,Mücadele,MÜCADELE,tid_sozluk
0900.000,Mücadele,MÜCADELE,tid_sozluk
0942.000,Masa,MASA,tid_sozluk
0943.000,Mola,MOLA,tid_sozluk
0944.001,Muaf,MUAF,tid_sozluk
0944.000,Muaf,MUAF,tid_sozluk
0972.001,"Başvuru, Müracaat",BAŞVURU,tid_sozluk
0972.001,"Başvuru, Müracaat",MÜRACAAT,tid_sozluk
0972.001,"Başvuru, Müracaat",BAŞVURU,tid_sozluk
0972.001,"Başvuru, Müracaat",MÜRACAAT,tid_sozluk
0972.000,"Başvuru, Müracaat",BAŞVURU,tid_sozluk
0972.000,"Başvuru, Müracaat",MÜRACAAT,tid_sozluk
0972.000,"Başvuru, Müracaat",BAŞVURU,tid_sozluk
0972.000,"Başvuru, Müracaat",MÜRACAAT,tid_sozluk
0990.000,Milletvekili,MİLLETVEKİLİ,tid_sozluk
0991.000,Mobilya,MOBİLYA,tid_sozluk
0991.001,Mobilya,MOBİLYA,tid_sozluk
1048.000,Mahsus,MAHSUS,tid_sozluk
1049.000,Malzeme,MALZEME,tid_sozluk
1050.000,Meclis,MECLİS,tid_sozluk
1098.001,Mantı,MANTI,tid_sozluk
1098.000,Mantı,MANTI,tid_sozluk
1099.000,Marul,MARUL,tid_sozluk
1100.001,"Mesaj atmak, Mesaj çekmek, Mesaj yollamak",MESAJ ATMAK,tid_sozluk
1100.001,"Mesaj atmak, Mesaj çekmek, Mesaj yollamak",MESAJ ÇEKMEK,tid_sozluk
1100.001,"Mesaj atmak, Mesaj çekmek, Mesaj yollamak",MESAJ YOLLAMAK,tid_sozluk
1100.002,"Mesaj atmak, Mesaj çekmek, Mesaj yollamak",MESAJ ATMAK,tid_sozluk
1100.002,"Mesaj atmak, Mesaj çekmek, Mesaj yollamak",MESAJ ÇEKMEK,tid_sozluk
1100.002,"Mesaj atmak, Mesaj çekmek, Mesaj yollamak",MESAJ YOLLAMAK,tid_sozluk
1100.000,"Mesaj atmak, Mesaj çekmek, Mesaj yollamak",MESAJ ATMAK,tid_sozluk
1100.000,"Mesaj atmak, Mesaj çekmek, Mesaj yollamak",MESAJ ÇEKMEK,tid_sozluk
1100.000,"Mesaj atmak, Mesaj çekmek, Mesaj yollamak",MESAJ YOLLAMAK,tid_sozluk
1101.001,Mimar,MİMAR,tid_sozluk
1101.000,Mimar,MİMAR,tid_sozluk
1179.001,Makarna,MAKARNA,tid_sozluk
1179.000,Makarna,MAKARNA,tid_sozluk
1180.000,Manzara,MANZARA,tid_sozluk
1180.001,Manzara,MANZARA,tid_sozluk
1181.000,Muayene,MUAYENE,tid_sozluk
1181.001,Muayene,MUAYENE,tid_sozluk
1182.000,Mühür,MÜHÜR,tid_sozluk
1253.000,Meyve,MEYVE,tid_sozluk
1254.000,Mısır,MISIR,tid_sozluk
1255.000,Monitör,MONİTÖR,tid_sozluk
1255.001,Monitör,MONİTÖR,tid_sozluk
1256.001,Müfettiş,MÜFETTİŞ,tid_sozluk
1256.000,Müfettiş,MÜFETTİŞ,tid_sozluk
1352.001,Mavi,MAVİ,tid_sozluk
1352.000,Mavi,MAVİ,tid_sozluk
1353.002,"Mektup göndermek, Mektup yollamak",MEKTUP GÖNDERMEK,tid_sozluk
1353.002,"Mektup göndermek, Mektup yollamak",MEKTUP YOLLAMAK,tid_sozluk
1353.000,"Mektup göndermek, Mektup yollamak",MEKTUP GÖNDERMEK,tid_sozluk
1353.000,"Mektup göndermek, Mektup yollamak",MEKTUP YOLLAMAK,tid_sozluk
1353.001,"Mektup göndermek, Mektup yollamak",MEKTUP GÖNDERMEK,tid_sozluk
1353.001,"Mektup göndermek, Mektup yollamak",MEKTUP YOLLAMAK,tid_sozluk
1354.000,Mesafe,MESAFE,tid_sozluk
1354.001,Mesafe,MESAFE,tid_sozluk
1355.001,Metal,METAL,tid_sozluk
1355.000,Metal,METAL,tid_sozluk
1356.001,Model,MODEL,tid_sozluk
1356.000,Model,MODEL,tid_sozluk
1357.000,Motor,MOTOR,tid_sozluk
1358.000,Motorsiklet,MOTORSİKLET,tid_sozluk
1397.000,Mart,MART,tid_sozluk
1397.001,Mart,MART,tid_sozluk
1401.000,Mayıs,MAYIS,tid_sozluk
1459.001,Maymun,MAYMUN,tid_sozluk
1459.000,Maymun,MAYMUN,tid_sozluk
1460.000,Muhtar,MUHTAR,tid_sozluk
1460.001,Muhtar,MUHTAR,tid_sozluk
1461.000,Mutfak,MUTFAK,tid_sozluk
1558.002,"Göğüs, Meme",GÖĞÜS,tid_sozluk
1558.002,"Göğüs, Meme",MEME,tid_sozluk
1558.002,"Göğüs, Meme",GÖĞÜS,tid_sozluk
1558.002,"Göğüs, Meme",MEME,tid_sozluk
1558.000,"Göğüs, Meme",GÖĞÜS,tid_sozluk
1558.000,"Göğüs, Meme",MEME,tid_sozluk
1558.000,"Göğüs, Meme",GÖĞÜS,tid_sozluk
1558.000,"Göğüs, Meme",MEME,tid_sozluk
1558.001,"Göğüs, Meme",GÖĞÜS,tid_sozluk
1558.001,"Göğüs, Meme",MEME,tid_sozluk
1558.001,"Göğüs, Meme",GÖĞÜS,tid_sozluk
1558.001,"Göğüs, Meme",MEME,tid_sozluk
1598.000,Madde,MADDE,tid_sozluk
1599.000,Matkap,MATKAP,tid_sozluk
1600.000,Melek,MELEK,tid_sozluk
1601.000,Midye,MİDYE,tid_sozluk
1602.000,Mikrofon,MİKROFON,tid_sozluk
1603.001,Miting,MİTİNG,tid_sozluk
1603.000,Miting,MİTİNG,tid_sozluk
1604.000,"Fare, Mouse",FARE,tid_sozluk
1604.000,"Fare, Mouse",MOUSE,tid_sozluk
1604.000,"Fare, Mouse",FARE,tid_sozluk
1604.000,"Fare, Mouse",MOUSE,tid_sozluk
1605.000,Muhasebe,MUHASEBE,tid_sozluk
1606.000,Mum,MUM,tid_sozluk
1817.000,Marangoz,MARANGOZ,tid_sozluk
1818.000,Market,MARKET,tid_sozluk
1818.002,Market,MARKET,tid_sozluk
1818.001,Market,MARKET,tid_sozluk
1819.000,Marş,MARŞ,tid_sozluk
1820.000,Merdiven,MERDİVEN,tid_sozluk
1820.001,Merdiven,MERDİVEN,tid_sozluk
1821.000,Milyar,MİLYAR,tid_sozluk
1822.001,Mimik,MİMİK,tid_sozluk
1822.000,Mimik,MİMİK,tid_sozluk
1823.000,Minare,MİNARE,tid_sozluk
1824.000,Moral bozmak,MORAL BOZMAK,tid_sozluk
1825.000,Muhabir,MUHABİR,tid_sozluk
1826.001,Muz,MUZ,tid_sozluk
1826.000,Muz,MUZ,tid_sozluk
1827.000,Mükemmel,MÜKEMMEL,tid_sozluk
1884.000,Makas,MAKAS,tid_sozluk
0010.001,Ne,NE,tid_sozluk
0010.002,Ne,NE,tid_sozluk
0010.000,Ne,NE,tid_sozluk
0095.002,Normal,NORMAL,tid_sozluk
0095.001,Normal,NORMAL,tid_sozluk
0095.000,Normal,NORMAL,tid_sozluk
0113.000,Nasıl,NASIL,tid_sozluk
0113.001,Nasıl,NASIL,tid_sozluk
0174.000,Nerede,NEREDE,tid_sozluk
0205.000,Neden,NEDEN,tid_sozluk
0205.001,Neden,NEDEN,tid_sozluk
0321.000,Neyse,NEYSE,tid_sozluk
0406.000,Nere,NERE,tid_sozluk
0406.001,Nere,NERE,tid_sozluk
0466.000,Namaz kılmak,NAMAZ KILMAK,tid_sozluk
0533.000,Ne zaman,NE ZAMAN,tid_sozluk
0582.000,Namaz,NAMAZ,tid_sozluk
0596.001,Numara,NUMARA,tid_sozluk
0596.000,Numara,NUMARA,tid_sozluk
0712.000,Nine,NİNE,tid_sozluk
0713.001,Niye,NİYE,tid_sozluk
0713.000,Niye,NİYE,tid_sozluk
0829.000,Nüfus,NÜFUS,tid_sozluk
0901.001,Nefes,NEFES,tid_sozluk
0901.000,Nefes,NEFES,tid_sozluk
1051.000,Nefret etmek,NEFRET ETMEK,tid_sozluk
1052.000,Nişan,NİŞAN,tid_sozluk
1052.001,Nişan,NİŞAN,tid_sozluk
1102.001,Niçin,NİÇİN,tid_sozluk
1102.000,Niçin,NİÇİN,tid_sozluk
1103.000,Nişanlanmak,NİŞANLANMAK,tid_sozluk
1104.001,Nöbet,NÖBET,tid_sozluk
1104.000,Nöbet,NÖBET,tid_sozluk
1183.001,Net,NET,tid_sozluk
1183.000,Net,NET,tid_sozluk
1257.000,Nefis,NEFİS,tid_sozluk
1257.001,Nefis,NEFİS,tid_sozluk
1359.000,Nesil,NESİL,tid_sozluk
1360.001,Not,NOT,tid_sozluk
1360.000,Not,NOT,tid_sozluk
1462.000,Nehir,NEHİR,tid_sozluk
1608.001,Nazar,NAZAR,tid_sozluk
1608.000,Nazar,NAZAR,tid_sozluk
1828.002,Nakış,NAKIŞ,tid_sozluk
1828.001,Nakış,NAKIŞ,tid_sozluk
1828.000,Nakış,NAKIŞ,tid_sozluk
1829.000,Nefret etmek,NEFRET ETMEK,tid_sozluk
1830.001,Nem,NEM,tid_sozluk
1830.000,Nem,NEM,tid_sozluk
1831.000,Nisan,NİSAN,tid_sozluk
1832.000,Nokta,NOKTA,tid_sozluk
1833.001,Noter,NOTER,tid_sozluk
1833.000,Noter,NOTER,tid_sozluk
0002.001,O,O,tid_sozluk
0002.000,O,O,tid_sozluk
0008.000,Olmak,OLMAK,tid_sozluk
0041.000,Okul,OKUL,tid_sozluk
0076.001,Okumak,OKUMAK,tid_sozluk
0076.000,Okumak,OKUMAK,tid_sozluk
0086.000,Olumlu,OLUMLU,tid_sozluk
0103.001,Oturmak,OTURMAK,tid_sozluk
0103.000,Oturmak,OTURMAK,tid_sozluk
0103.002,Oturmak,OTURMAK,tid_sozluk
0148.000,Oy,OY,tid_sozluk
0156.000,Oynamak,OYNAMAK,tid_sozluk
0167.000,Olumsuz,OLUMSUZ,tid_sozluk
0167.001,Olumsuz,OLUMSUZ,tid_sozluk
0181.002,Otobüs,OTOBÜS,tid_sozluk
0181.001,Otobüs,OTOBÜS,tid_sozluk
0181.000,Otobüs,OTOBÜS,tid_sozluk
0200.000,O yüzden,O YÜZDEN,tid_sozluk
0200.001,O yüzden,O YÜZDEN,tid_sozluk
0201.002,Oğul,OĞUL,tid_sozluk
0201.000,Oğul,OĞUL,tid_sozluk
0201.001,Oğul,OĞUL,tid_sozluk
0223.002,Orta,ORTA,tid_sozluk
0223.001,Orta,ORTA,tid_sozluk
0223.000,Orta,ORTA,tid_sozluk
0257.000,Onlar,ONLAR,tid_sozluk
0257.001,Onlar,ONLAR,tid_sozluk
0386.000,Oyun,OYUN,tid_sozluk
0419.002,Omuz,OMUZ,tid_sozluk
0419.000,Omuz,OMUZ,tid_sozluk
0419.001,Omuz,OMUZ,tid_sozluk
0445.001,Ortaokul,ORTAOKUL,tid_sozluk
0445.002,Ortaokul,ORTAOKUL,tid_sozluk
0445.000,Ortaokul,ORTAOKUL,tid_sozluk
0459.000,Orada,ORADA,tid_sozluk
0459.001,Orada,ORADA,tid_sozluk
0489.000,Onun,ONUN,tid_sozluk
0564.000,Osmanlı,OSMANLI,tid_sozluk
0597.000,Oruç,ORUÇ,tid_sozluk
0613.001,Ortada kalmak,ORTADA KALMAK,tid_sozluk
0613.000,Ortada kalmak,ORTADA KALMAK,tid_sozluk
0645.000,Ortak,ORTAK,tid_sozluk
0645.002,Ortak,ORTAK,tid_sozluk
0645.001,Ortak,ORTAK,tid_sozluk
0646.000,Otel,OTEL,tid_sozluk
0646.001,Otel,OTEL,tid_sozluk
0665.001,Okşamak,OKŞAMAK,tid_sozluk
0665.000,Okşamak,OKŞAMAK,tid_sozluk
0666.002,Otomatik,OTOMATİK,tid_sozluk
0666.001,Otomatik,OTOMATİK,tid_sozluk
0666.000,Otomatik,OTOMATİK,tid_sozluk
0683.000,Oda,ODA,tid_sozluk
0721.000,"On, 10",ON,tid_sozluk
0721.000,"On, 10",10,tid_sozluk
0721.001,"On, 10",ON,tid_sozluk
0721.001,"On, 10",10,tid_sozluk
0737.000,O kadar,O KADAR,tid_sozluk
0760.000,Olay,OLAY,tid_sozluk
0760.001,Olay,OLAY,tid_sozluk
0790.001,Onaylamak,ONAYLAMAK,tid_sozluk
0790.000,Onaylamak,ONAYLAMAK,tid_sozluk
0856.001,Odun,ODUN,tid_sozluk
0856.000,Odun,ODUN,tid_sozluk
0857.000,Olta,OLTA,tid_sozluk
0857.001,Olta,OLTA,tid_sozluk
0858.000,"Oy vermek, Oy atmak",OY VERMEK,tid_sozluk
0858.000,"Oy vermek, Oy atmak",OY ATMAK,tid_sozluk
0902.001,Oklava,OKLAVA,tid_sozluk
0902.000,Oklava,OKLAVA,tid_sozluk
0945.001,Odyoloji,ODYOLOJİ,tid_sozluk
0945.000,Odyoloji,ODYOLOJİ,tid_sozluk
0945.002,Odyoloji,ODYOLOJİ,tid_sozluk
1053.000,Oje,OJE,tid_sozluk
1054.000,Ortalama,ORTALAMA,tid_sozluk
1055.000,Oyuncak,OYUNCAK,tid_sozluk
1184.000,Olimpiyat,OLİMPİYAT,tid_sozluk
1185.000,Onaylanmak,ONAYLANMAK,tid_sozluk
1185.002,Onaylanmak,ONAYLANMAK,tid_sozluk
1185.001,Onaylanmak,ONAYLANMAK,tid_sozluk
1186.000,Orman,ORMAN,tid_sozluk
1187.001,Oylamak,OYLAMAK,tid_sozluk
1187.000,Oylamak,OYLAMAK,tid_sozluk
1259.001,Onarmak,ONARMAK,tid_sozluk
1259.000,Onarmak,ONARMAK,tid_sozluk
1260.000,Oraya,ORAYA,tid_sozluk
1261.000,Ot,OT,tid_sozluk
1261.001,Ot,OT,tid_sozluk
1294.000,On iki,ON İKİ,tid_sozluk
1294.002,On iki,ON İKİ,tid_sozluk
1294.001,On iki,ON İKİ,tid_sozluk
1361.000,Oflamak,OFLAMAK,tid_sozluk
1394.000,Onbeş,ONBEŞ,tid_sozluk
1463.000,Onay,ONAY,tid_sozluk
1463.001,Onay,ONAY,tid_sozluk
1464.000,Oy kullanmak,OY KULLANMAK,tid_sozluk
1497.000,Otuz,OTUZ,tid_sozluk
1609.001,Objektif,OBJEKTİF,tid_sozluk
1609.000,Objektif,OBJEKTİF,tid_sozluk
1611.001,Ora,ORA,tid_sozluk
1611.000,Ora,ORA,tid_sozluk
1834.001,Ocak,OCAK,tid_sozluk
1834.000,Ocak,OCAK,tid_sozluk
1835.000,Oh,OH,tid_sozluk
1835.001,Oh,OH,tid_sozluk
1837.000,Orjinal,ORJİNAL,tid_sozluk
1837.001,Orjinal,ORJİNAL,tid_sozluk
1838.000,Orta saha,ORTA SAHA,tid_sozluk
1839.000,Oyun oynamak,OYUN OYNAMAK,tid_sozluk
1853.000,Otogar,OTOGAR,tid_sozluk
1853.001,Otogar,OTOGAR,tid_sozluk
0057.000,Özel,ÖZEL,tid_sozluk
0060.001,Önce,ÖNCE,tid_sozluk
0060.000,Önce,ÖNCE,tid_sozluk
0090.001,Önemli,ÖNEMLİ,tid_sozluk
0090.000,Önemli,ÖNEMLİ,tid_sozluk
0094.000,Öğretmen,ÖĞRETMEN,tid_sozluk
0094.001,Öğretmen,ÖĞRETMEN,tid_sozluk
0130.000,Öğrenmek,ÖĞRENMEK,tid_sozluk
0165.001,Öyle,ÖYLE,tid_sozluk
0165.000,Öyle,ÖYLE,tid_sozluk
0168.001,Ölmek,ÖLMEK,tid_sozluk
0168.000,Ölmek,ÖLMEK,tid_sozluk
0178.000,Ödemek,ÖDEMEK,tid_sozluk
0202.000,Öğretmek,ÖĞRETMEK,tid_sozluk
0202.001,Öğretmek,ÖĞRETMEK,tid_sozluk
0420.001,Öbür,ÖBÜR,tid_sozluk
0420.000,Öbür,ÖBÜR,tid_sozluk
0583.000,Özlemek,ÖZLEMEK,tid_sozluk
0598.000,Öpmek,ÖPMEK,tid_sozluk
0859.000,Özür,ÖZÜR,tid_sozluk
0903.000,Öğrenci,ÖĞRENCİ,tid_sozluk
0903.001,Öğrenci,ÖĞRENCİ,tid_sozluk
0946.000,Örnek,ÖRNEK,tid_sozluk
0992.000,Özürlü,ÖZÜRLÜ,tid_sozluk
1056.001,Örgü,ÖRGÜ,tid_sozluk
1056.000,Örgü,ÖRGÜ,tid_sozluk
1105.001,Ödev,ÖDEV,tid_sozluk
1105.000,Ödev,ÖDEV,tid_sozluk
1106.000,Ön,ÖN,tid_sozluk
1106.001,Ön,ÖN,tid_sozluk
1188.000,Ölü,ÖLÜ,tid_sozluk
1189.000,Ömür,ÖMÜR,tid_sozluk
1193.000,Özgürlük,ÖZGÜRLÜK,tid_sozluk
1262.000,Öğle,ÖĞLE,tid_sozluk
1262.001,Öğle,ÖĞLE,tid_sozluk
1263.000,Özür dilemek,ÖZÜR DİLEMEK,tid_sozluk
1362.002,Öfke,ÖFKE,tid_sozluk
1362.001,Öfke,ÖFKE,tid_sozluk
1362.000,Öfke,ÖFKE,tid_sozluk
1363.000,Öldürmek,ÖLDÜRMEK,tid_sozluk
1363.001,Öldürmek,ÖLDÜRMEK,tid_sozluk
1363.002,Öldürmek,ÖLDÜRMEK,tid_sozluk
1364.000,Önemsemek,ÖNEMSEMEK,tid_sozluk
1364.001,Önemsemek,ÖNEMSEMEK,tid_sozluk
1465.000,Önem,ÖNEM,tid_sozluk
1466.000,Önlük,ÖNLÜK,tid_sozluk
1467.000,Örtmek,ÖRTMEK,tid_sozluk
1468.000,Örtü,ÖRTÜ,tid_sozluk
1612.000,Öksürük,ÖKSÜRÜK,tid_sozluk
1613.000,Öpücük,ÖPÜCÜK,tid_sozluk
1836.000,Örümcek,ÖRÜMCEK,tid_sozluk
1840.001,Öfkelenmek,ÖFKELENMEK,tid_sozluk
1840.000,Öfkelenmek,ÖFKELENMEK,tid_sozluk
1840.002,Öfkelenmek,ÖFKELENMEK,tid_sozluk
1841.000,Ölçü,ÖLÇÜ,tid_sozluk
0045.000,Para,PARA,tid_sozluk
0071.000,"Problem, Sorun",PROBLEM,tid_sozluk
0071.000,"Problem, Sorun",SORUN,tid_sozluk
0071.000,"Problem, Sorun",PROBLEM,tid_sozluk
0071.000,"Problem, Sorun",SORUN,tid_sozluk
0328.000,Polis,POLİS,tid_sozluk
0375.000,Paydos,PAYDOS,tid_sozluk
0437.000,Psikoloji,PSİKOLOJİ,tid_sozluk
0446.000,Paso,PASO,tid_sozluk
0472.001,Program,PROGRAM,tid_sozluk
0472.000,Program,PROGRAM,tid_sozluk
0473.001,Puan,PUAN,tid_sozluk
0473.000,Puan,PUAN,tid_sozluk
0497.000,Pişirmek,PİŞİRMEK,tid_sozluk
0522.000,Parti,PARTİ,tid_sozluk
0565.001,Parmak,PARMAK,tid_sozluk
0565.002,Parmak,PARMAK,tid_sozluk
0565.000,Parmak,PARMAK,tid_sozluk
0566.000,Piknik,PİKNİK,tid_sozluk
0566.001,Piknik,PİKNİK,tid_sozluk
0625.001,Pis,PİS,tid_sozluk
0625.000,Pis,PİS,tid_sozluk
0647.000,Pantolon,PANTOLON,tid_sozluk
0647.001,Pantolon,PANTOLON,tid_sozluk
0714.000,Parlak,PARLAK,tid_sozluk
0738.001,Patlıcan,PATLICAN,tid_sozluk
0738.002,Patlıcan,PATLICAN,tid_sozluk
0738.000,Patlıcan,PATLICAN,tid_sozluk
0739.000,Pişman,PİŞMAN,tid_sozluk
0761.001,Poşet,POŞET,tid_sozluk
0761.000,Poşet,POŞET,tid_sozluk
0761.002,Poşet,POŞET,tid_sozluk
0791.001,Pahalı,PAHALI,tid_sozluk
0791.000,Pahalı,PAHALI,tid_sozluk
0792.000,Profesör,PROFESÖR,tid_sozluk
0815.000,Proje,PROJE,tid_sozluk
0852.000,Perşembe,PERŞEMBE,tid_sozluk
0904.000,Psikolojik,PSİKOLOJİK,tid_sozluk
0947.000,Plan,PLAN,tid_sozluk
0993.000,Patates,PATATES,tid_sozluk
0993.001,Patates,PATATES,tid_sozluk
0993.002,Patates,PATATES,tid_sozluk
0994.000,Peynir,PEYNİR,tid_sozluk
1057.000,Paylaşmak,PAYLAŞMAK,tid_sozluk
1057.001,Paylaşmak,PAYLAŞMAK,tid_sozluk
1058.000,Pozitif,POZİTİF,tid_sozluk
1107.000,Panik,PANİK,tid_sozluk
1107.001,Panik,PANİK,tid_sozluk
1108.001,Pasaport,PASAPORT,tid_sozluk
1108.000,Pasaport,PASAPORT,tid_sozluk
1109.000,Patron,PATRON,tid_sozluk
1110.000,Peki,PEKİ,tid_sozluk
1110.001,Peki,PEKİ,tid_sozluk
1111.000,Peşin,PEŞİN,tid_sozluk
1112.000,Politika,POLİTİKA,tid_sozluk
1113.000,Posta,POSTA,tid_sozluk
1114.000,Profesyonel,PROFESYONEL,tid_sozluk
1114.001,Profesyonel,PROFESYONEL,tid_sozluk
1190.000,Pardon,PARDON,tid_sozluk
1190.001,Pardon,PARDON,tid_sozluk
1264.000,Pazar,PAZAR,tid_sozluk
1264.001,Pazar,PAZAR,tid_sozluk
1264.002,Pazar,PAZAR,tid_sozluk
1265.000,Peçete,PEÇETE,tid_sozluk
1265.001,Peçete,PEÇETE,tid_sozluk
1266.000,Propaganda,PROPAGANDA,tid_sozluk
1365.000,Park,PARK,tid_sozluk
1365.001,Park,PARK,tid_sozluk
1366.000,Patlamak,PATLAMAK,tid_sozluk
1469.001,Pide,PİDE,tid_sozluk
1469.000,Pide,PİDE,tid_sozluk
1470.000,Pul,PUL,tid_sozluk
1614.000,Pasta,PASTA,tid_sozluk
1615.000,Pazartesi,PAZARTESİ,tid_sozluk
1616.000,Pekiyi,PEKİYİ,tid_sozluk
1617.001,Pembe,PEMBE,tid_sozluk
1617.000,Pembe,PEMBE,tid_sozluk
1619.000,Pes etmek,PES ETMEK,tid_sozluk
1620.000,Peygamber,PEYGAMBER,tid_sozluk
1620.001,Peygamber,PEYGAMBER,tid_sozluk
1621.000,Piyango,PİYANGO,tid_sozluk
1842.000,Paraşüt,PARAŞÜT,tid_sozluk
1843.001,Pas,PAS,tid_sozluk
1843.000,Pas,PAS,tid_sozluk
1844.000,Pervane,PERVANE,tid_sozluk
1845.000,Plaka,PLAKA,tid_sozluk
1846.000,Planlamak,PLANLAMAK,tid_sozluk
1847.000,Pratik,PRATİK,tid_sozluk
1848.001,Püre,PÜRE,tid_sozluk
1848.002,Püre,PÜRE,tid_sozluk
1848.000,Püre,PÜRE,tid_sozluk
1999.002,Perde,PERDE,tid_sozluk
1999.000,Perde,PERDE,tid_sozluk
1999.001,Perde,PERDE,tid_sozluk
0048.000,Rahat,RAHAT,tid_sozluk
0048.002,Rahat,RAHAT,tid_sozluk
0048.001,Rahat,RAHAT,tid_sozluk
0206.000,Reklam,REKLAM,tid_sozluk
0206.001,Reklam,REKLAM,tid_sozluk
0259.001,Resim,RESİM,tid_sozluk
0259.000,Resim,RESİM,tid_sozluk
0347.001,Rahatlamak,RAHATLAMAK,tid_sozluk
0347.000,Rahatlamak,RAHATLAMAK,tid_sozluk
0860.000,Rapor,RAPOR,tid_sozluk
0905.000,Ressam,RESSAM,tid_sozluk
0948.000,Rekabet,REKABET,tid_sozluk
0948.001,Rekabet,REKABET,tid_sozluk
0949.000,Rica,RİCA,tid_sozluk
0995.000,Röntgen,RÖNTGEN,tid_sozluk
1115.000,Rahatsız,RAHATSIZ,tid_sozluk
1115.001,Rahatsız,RAHATSIZ,tid_sozluk
1115.002,Rahatsız,RAHATSIZ,tid_sozluk
1116.001,Reçete,REÇETE,tid_sozluk
1116.000,Reçete,REÇETE,tid_sozluk
1191.000,Ramazan,RAMAZAN,tid_sozluk
1267.000,Rekor,REKOR,tid_sozluk
1268.002,Rüya,RÜYA,tid_sozluk
1268.001,Rüya,RÜYA,tid_sozluk
1268.000,Rüya,RÜYA,tid_sozluk
1269.000,Rüzgar,RÜZGAR,tid_sozluk
1471.000,Romantik,ROMANTİK,tid_sozluk
1472.000,Röportaj,RÖPORTAJ,tid_sozluk
1623.000,Randevu,RANDEVU,tid_sozluk
1624.000,Refakat etmek,REFAKAT ETMEK,tid_sozluk
1625.000,Rehber,REHBER,tid_sozluk
1849.002,Radyo,RADYO,tid_sozluk
1849.000,Radyo,RADYO,tid_sozluk
1849.001,Radyo,RADYO,tid_sozluk
1850.000,Resim yapmak,RESİM YAPMAK,tid_sozluk
1851.000,Rezil,REZİL,tid_sozluk
1852.001,Rol,ROL,tid_sozluk
1852.000,Rol,ROL,tid_sozluk
1854.000,Rüşvet vermek,RÜŞVET VERMEK,tid_sozluk
0003.001,Sen,SEN,tid_sozluk
0003.000,Sen,SEN,tid_sozluk
0011.001,"Sağır, İşitme Engelli",SAĞIR,tid_sozluk
0011.001,"Sağır, İşitme Engelli",İŞİTME ENGELLİ,tid_sozluk
0011.001,"Sağır, İşitme Engelli",SAĞIR,tid_sozluk
0011.001,"Sağır, İşitme Engelli",İŞİTME ENGELLİ,tid_sozluk
0011.000,"Sağır, İşitme Engelli",SAĞIR,tid_sozluk
0011.000,"Sağır, İşitme Engelli",İŞİTME ENGELLİ,tid_sozluk
0011.000,"Sağır, İşitme Engelli",SAĞIR,tid_sozluk
0011.000,"Sağır, İşitme Engelli",İŞİTME ENGELLİ,tid_sozluk
0015.002,"Söylemek, Demek",SÖYLEMEK,tid_sozluk
0015.002,"Söylemek, Demek",DEMEK,tid_sozluk
0015.002,"Söylemek, Demek",SÖYLEMEK,tid_sozluk
0015.002,"Söylemek, Demek",DEMEK,tid_sozluk
0015.000,"Söylemek, Demek",SÖYLEMEK,tid_sozluk
0015.000,"Söylemek, Demek",DEMEK,tid_sozluk
0015.000,"Söylemek, Demek",SÖYLEMEK,tid_sozluk
0015.000,"Söylemek, Demek",DEMEK,tid_sozluk
0015.001,"Söylemek, Demek",SÖYLEMEK,tid_sozluk
0015.001,"Söylemek, Demek",DEMEK,tid_sozluk
0015.001,"Söylemek, Demek",SÖYLEMEK,tid_sozluk
0015.001,"Söylemek, Demek",DEMEK,tid_sozluk
0046.000,Sevmek,SEVMEK,tid_sozluk
0047.000,"Yıl, Sene",YIL,tid_sozluk
0047.000,"Yıl, Sene",SENE,tid_sozluk
0047.000,"Yıl, Sene",YIL,tid_sozluk
0047.000,"Yıl, Sene",SENE,tid_sozluk
0059.001,"İzlemek, Seyretmek",İZLEMEK,tid_sozluk
0059.001,"İzlemek, Seyretmek",SEYRETMEK,tid_sozluk
0059.001,"İzlemek, Seyretmek",İZLEMEK,tid_sozluk
0059.001,"İzlemek, Seyretmek",SEYRETMEK,tid_sozluk
0059.000,"İzlemek, Seyretmek",İZLEMEK,tid_sozluk
0059.000,"İzlemek, Seyretmek",SEYRETMEK,tid_sozluk
0059.000,"İzlemek, Seyretmek",İZLEMEK,tid_sozluk
0059.000,"İzlemek, Seyretmek",SEYRETMEK,tid_sozluk
0064.001,Süper,SÜPER,tid_sozluk
0064.000,Süper,SÜPER,tid_sozluk
0071.000,"Problem, Sorun",PROBLEM,tid_sozluk
0071.000,"Problem, Sorun",SORUN,tid_sozluk
0071.000,"Problem, Sorun",PROBLEM,tid_sozluk
0071.000,"Problem, Sorun",SORUN,tid_sozluk
0077.000,Sonra,SONRA,tid_sozluk
0077.001,Sonra,SONRA,tid_sozluk
0084.001,Saat,SAAT,tid_sozluk
0084.000,Saat,SAAT,tid_sozluk
0093.000,Sormak,SORMAK,tid_sozluk
0093.001,Sormak,SORMAK,tid_sozluk
0107.001,Sözleşme,SÖZLEŞME,tid_sozluk
0107.000,Sözleşme,SÖZLEŞME,tid_sozluk
0115.000,Su,SU,tid_sozluk
0132.001,Susmak,SUSMAK,tid_sozluk
0132.002,Susmak,SUSMAK,tid_sozluk
0132.000,Susmak,SUSMAK,tid_sozluk
0161.001,Son,SON,tid_sozluk
0161.000,Son,SON,tid_sozluk
0163.000,Sevinmek,SEVİNMEK,tid_sozluk
0163.001,Sevinmek,SEVİNMEK,tid_sozluk
0166.001,Sıkılmak,SIKILMAK,tid_sozluk
0166.000,Sıkılmak,SIKILMAK,tid_sozluk
0182.000,Ses,SES,tid_sozluk
0182.002,Ses,SES,tid_sozluk
0182.001,Ses,SES,tid_sozluk
0190.000,Spor,SPOR,tid_sozluk
0191.000,Sürpriz,SÜRPRİZ,tid_sozluk
0191.001,Sürpriz,SÜRPRİZ,tid_sozluk
0195.001,Sınav,SINAV,tid_sozluk
0195.000,Sınav,SINAV,tid_sozluk
0197.000,Saniye,SANİYE,tid_sozluk
0211.001,Sınıf,SINIF,tid_sozluk
0211.000,Sınıf,SINIF,tid_sozluk
0216.001,Sohbet,SOHBET,tid_sozluk
0216.000,Sohbet,SOHBET,tid_sozluk
0222.000,"Yüz, Surat",YÜZ,tid_sozluk
0222.000,"Yüz, Surat",SURAT,tid_sozluk
0222.000,"Yüz, Surat",YÜZ,tid_sozluk
0222.000,"Yüz, Surat",SURAT,tid_sozluk
0225.000,Savaş,SAVAŞ,tid_sozluk
0227.000,Saç,SAÇ,tid_sozluk
0228.000,Sebep,SEBEP,tid_sozluk
0249.000,Serbest,SERBEST,tid_sozluk
0281.000,Seçmek,SEÇMEK,tid_sozluk
0282.000,Sabah,SABAH,tid_sozluk
0297.000,Seçim,SEÇİM,tid_sozluk
0297.001,Seçim,SEÇİM,tid_sozluk
0329.000,Sinirlenmek,SİNİRLENMEK,tid_sozluk
0329.001,Sinirlenmek,SİNİRLENMEK,tid_sozluk
0339.001,Sıkıntı,SIKINTI,tid_sozluk
0339.000,Sıkıntı,SIKINTI,tid_sozluk
0365.001,Sağlam,SAĞLAM,tid_sozluk
0365.000,Sağlam,SAĞLAM,tid_sozluk
0376.000,Sanmak,SANMAK,tid_sozluk
0377.000,Silah,SİLAH,tid_sozluk
0387.000,Sıfır (0),SIFIR (0),tid_sozluk
0387.001,Sıfır (0),SIFIR (0),tid_sozluk
0407.000,Senin,SENİN,tid_sozluk
0421.000,Sahip,SAHİP,tid_sozluk
0429.000,Sabretmek,SABRETMEK,tid_sozluk
0447.001,Sol,SOL,tid_sozluk
0447.000,Sol,SOL,tid_sozluk
0467.001,Sinema,SİNEMA,tid_sozluk
0467.000,Sinema,SİNEMA,tid_sozluk
0467.002,Sinema,SİNEMA,tid_sozluk
0474.000,Sabır,SABIR,tid_sozluk
0498.000,Sağ,SAĞ,tid_sozluk
0498.001,Sağ,SAĞ,tid_sozluk
0499.000,Sigara,SİGARA,tid_sozluk
0507.000,Sıcak,SICAK,tid_sozluk
0507.002,Sıcak,SICAK,tid_sozluk
0507.001,Sıcak,SICAK,tid_sozluk
0549.001,Suç,SUÇ,tid_sozluk
0549.002,Suç,SUÇ,tid_sozluk
0549.000,Suç,SUÇ,tid_sozluk
0567.000,Satmak,SATMAK,tid_sozluk
0584.001,Sağlık,SAĞLIK,tid_sozluk
0584.000,Sağlık,SAĞLIK,tid_sozluk
0591.001,Sekreter,SEKRETER,tid_sozluk
0591.000,Sekreter,SEKRETER,tid_sozluk
0599.000,"Sözcük, Kelime",SÖZCÜK,tid_sozluk
0599.000,"Sözcük, Kelime",KELİME,tid_sozluk
0599.000,"Sözcük, Kelime",SÖZCÜK,tid_sozluk
0599.000,"Sözcük, Kelime",KELİME,tid_sozluk
0614.000,Sokmak,SOKMAK,tid_sozluk
0614.001,Sokmak,SOKMAK,tid_sozluk
0626.001,Sokak,SOKAK,tid_sozluk
0626.000,Sokak,SOKAK,tid_sozluk
0626.002,Sokak,SOKAK,tid_sozluk
0648.000,Sıra,SIRA,tid_sozluk
0648.001,Sıra,SIRA,tid_sozluk
0648.002,Sıra,SIRA,tid_sozluk
0684.000,Sıkışmak,SIKIŞMAK,tid_sozluk
0684.001,Sıkışmak,SIKIŞMAK,tid_sozluk
0684.002,Sıkışmak,SIKIŞMAK,tid_sozluk
0685.001,Soğuk,SOĞUK,tid_sozluk
0685.000,Soğuk,SOĞUK,tid_sozluk
0740.000,Sarılmak,SARILMAK,tid_sozluk
0740.001,Sarılmak,SARILMAK,tid_sozluk
0741.001,Sayı,SAYI,tid_sozluk
0741.000,Sayı,SAYI,tid_sozluk
0762.001,Saçma,SAÇMA,tid_sozluk
0762.000,Saçma,SAÇMA,tid_sozluk
0793.000,Seramik,SERAMİK,tid_sozluk
0794.002,Sevgili,SEVGİLİ,tid_sozluk
0794.001,Sevgili,SEVGİLİ,tid_sozluk
0794.000,Sevgili,SEVGİLİ,tid_sozluk
0816.002,Sağol,SAĞOL,tid_sozluk
0816.001,Sağol,SAĞOL,tid_sozluk
0816.000,Sağol,SAĞOL,tid_sozluk
0817.000,Saklamak,SAKLAMAK,tid_sozluk
0818.002,Sinir,SİNİR,tid_sozluk
0818.001,Sinir,SİNİR,tid_sozluk
0818.000,Sinir,SİNİR,tid_sozluk
0819.000,Siyah,SİYAH,tid_sozluk
0820.000,Sorumlu,SORUMLU,tid_sozluk
0820.001,Sorumlu,SORUMLU,tid_sozluk
0821.001,Söz,SÖZ,tid_sozluk
0821.000,Söz,SÖZ,tid_sozluk
0822.000,Sülale,SÜLALE,tid_sozluk
0853.000,Salı,SALI,tid_sozluk
0853.001,Salı,SALI,tid_sozluk
0861.001,Sahte,SAHTE,tid_sozluk
0861.000,Sahte,SAHTE,tid_sozluk
0861.002,Sahte,SAHTE,tid_sozluk
0862.001,Süre,SÜRE,tid_sozluk
0862.000,Süre,SÜRE,tid_sozluk
0906.000,Sarma,SARMA,tid_sozluk
0906.001,Sarma,SARMA,tid_sozluk
0907.000,Sayfa,SAYFA,tid_sozluk
0907.001,Sayfa,SAYFA,tid_sozluk
0908.000,Saygı,SAYGI,tid_sozluk
0950.000,Selam,SELAM,tid_sozluk
0951.001,Sert,SERT,tid_sozluk
0951.000,Sert,SERT,tid_sozluk
0952.000,Sırt,SIRT,tid_sozluk
0953.000,Süt,SÜT,tid_sozluk
0953.001,Süt,SÜT,tid_sozluk
0966.000,Sekiz,SEKİZ,tid_sozluk
0996.000,Saçmalamak,SAÇMALAMAK,tid_sozluk
0996.001,Saçmalamak,SAÇMALAMAK,tid_sozluk
0997.000,Sallamak,SALLAMAK,tid_sozluk
0998.000,Sanat,SANAT,tid_sozluk
0999.000,Sigorta,SİGORTA,tid_sozluk
1008.000,Seksen,SEKSEN,tid_sozluk
1059.000,Sakın,SAKIN,tid_sozluk
1059.001,Sakın,SAKIN,tid_sozluk
1059.002,Sakın,SAKIN,tid_sozluk
1060.001,Servis,SERVİS,tid_sozluk
1060.000,Servis,SERVİS,tid_sozluk
1060.002,Servis,SERVİS,tid_sozluk
1061.000,Soğan,SOĞAN,tid_sozluk
1061.002,Soğan,SOĞAN,tid_sozluk
1061.001,Soğan,SOĞAN,tid_sozluk
1117.001,Sabit,SABİT,tid_sozluk
1117.000,Sabit,SABİT,tid_sozluk
1118.000,Sakat,SAKAT,tid_sozluk
1118.001,Sakat,SAKAT,tid_sozluk
1119.000,Sakız,SAKIZ,tid_sozluk
1120.001,Sarı,SARI,tid_sozluk
1120.000,Sarı,SARI,tid_sozluk
1120.002,Sarı,SARI,tid_sozluk
1121.001,Sorun,SORUN,tid_sozluk
1121.000,Sorun,SORUN,tid_sozluk
1194.000,Saklanmak,SAKLANMAK,tid_sozluk
1195.000,Sel,SEL,tid_sozluk
1195.001,Sel,SEL,tid_sozluk
1196.000,Sohbet etmek,SOHBET ETMEK,tid_sozluk
1198.002,Sönmek,SÖNMEK,tid_sozluk
1198.000,Sönmek,SÖNMEK,tid_sozluk
1198.001,Sönmek,SÖNMEK,tid_sozluk
1199.000,Susturmak,SUSTURMAK,tid_sozluk
1270.001,Sade,SADE,tid_sozluk
1270.000,Sade,SADE,tid_sozluk
1271.000,Saha,SAHA,tid_sozluk
1272.000,Sandalye,SANDALYE,tid_sozluk
1273.000,Sessiz,SESSİZ,tid_sozluk
1274.001,Sevap,SEVAP,tid_sozluk
1274.000,Sevap,SEVAP,tid_sozluk
1275.000,Sıfırlamak,SIFIRLAMAK,tid_sozluk
1275.001,Sıfırlamak,SIFIRLAMAK,tid_sozluk
1276.000,Soru işareti,SORU İŞARETİ,tid_sozluk
1276.001,Soru işareti,SORU İŞARETİ,tid_sozluk
1277.000,Sürekli,SÜREKLİ,tid_sozluk
1277.001,Sürekli,SÜREKLİ,tid_sozluk
1367.000,Sallanmak,SALLANMAK,tid_sozluk
1367.001,Sallanmak,SALLANMAK,tid_sozluk
1368.001,Serum,SERUM,tid_sozluk
1368.000,Serum,SERUM,tid_sozluk
1369.002,Sınır,SINIR,tid_sozluk
1369.000,Sınır,SINIR,tid_sozluk
1369.001,Sınır,SINIR,tid_sozluk
1370.001,Silmek,SİLMEK,tid_sozluk
1370.000,Silmek,SİLMEK,tid_sozluk
1371.001,Siz,SİZ,tid_sozluk
1371.000,Siz,SİZ,tid_sozluk
1473.000,Sakin,SAKİN,tid_sozluk
1473.001,Sakin,SAKİN,tid_sozluk
1473.002,Sakin,SAKİN,tid_sozluk
1474.001,Sebze,SEBZE,tid_sozluk
1474.000,Sebze,SEBZE,tid_sozluk
1475.000,Sıkmak,SIKMAK,tid_sozluk
1475.001,Sıkmak,SIKMAK,tid_sozluk
1475.002,Sıkmak,SIKMAK,tid_sozluk
1476.000,Susamak,SUSAMAK,tid_sozluk
1477.000,Süzmek,SÜZMEK,tid_sozluk
1477.001,Süzmek,SÜZMEK,tid_sozluk
1626.000,Sahil,SAHİL,tid_sozluk
1627.000,Sakal,SAKAL,tid_sozluk
1627.001,Sakal,SAKAL,tid_sozluk
1628.000,Saklambaç,SAKLAMBAÇ,tid_sozluk
1629.001,Salata,SALATA,tid_sozluk
1629.000,Salata,SALATA,tid_sozluk
1630.000,Sandal,SANDAL,tid_sozluk
1631.000,Saplamak,SAPLAMAK,tid_sozluk
1632.000,Serçe parmak,SERÇE PARMAK,tid_sozluk
1633.000,Sıralamak,SIRALAMAK,tid_sozluk
1633.001,Sıralamak,SIRALAMAK,tid_sozluk
1634.000,Sigara içmek,SİGARA İÇMEK,tid_sozluk
1635.000,Sivri,SİVRİ,tid_sozluk
1636.001,Sofra,SOFRA,tid_sozluk
1636.000,Sofra,SOFRA,tid_sozluk
1637.000,Sorgulamak,SORGULAMAK,tid_sozluk
1637.001,Sorgulamak,SORGULAMAK,tid_sozluk
1638.000,Soru sormak,SORU SORMAK,tid_sozluk
1638.001,Soru sormak,SORU SORMAK,tid_sozluk
1639.000,Sosyal,SOSYAL,tid_sozluk
1640.002,Soymak,SOYMAK,tid_sozluk
1640.000,Soymak,SOYMAK,tid_sozluk
1640.001,Soymak,SOYMAK,tid_sozluk
1641.000,Subay,SUBAY,tid_sozluk
1643.000,Sürahi,SÜRAHİ,tid_sozluk
1651.000,Simit,SİMİT,tid_sozluk
1673.001,"Yıllarca, Senelerce",YILLARCA,tid_sozluk
1673.001,"Yıllarca, Senelerce",SENELERCE,tid_sozluk
1673.001,"Yıllarca, Senelerce",YILLARCA,tid_sozluk
1673.001,"Yıllarca, Senelerce",SENELERCE,tid_sozluk
1673.000,"Yıllarca, Senelerce",YILLARCA,tid_sozluk
1673.000,"Yıllarca, Senelerce",SENELERCE,tid_sozluk
1673.000,"Yıllarca, Senelerce",YILLARCA,tid_sozluk
1673.000,"Yıllarca, Senelerce",SENELERCE,tid_sozluk
1855.002,Sadece,SADECE,tid_sozluk
1855.000,Sadece,SADECE,tid_sozluk
1855.001,Sadece,SADECE,tid_sozluk
1856.001,Saldırmak,SALDIRMAK,tid_sozluk
1856.002,Saldırmak,SALDIRMAK,tid_sozluk
1856.000,Saldırmak,SALDIRMAK,tid_sozluk
1857.000,Sanane,SANANE,tid_sozluk
1858.001,Sarhoş,SARHOŞ,tid_sozluk
1858.000,Sarhoş,SARHOŞ,tid_sozluk
1859.000,Saygısız,SAYGISIZ,tid_sozluk
1860.000,Selam vermek,SELAM VERMEK,tid_sozluk
1861.000,Seminer,SEMİNER,tid_sozluk
1862.000,Sepet,SEPET,tid_sozluk
1864.000,Sopa,SOPA,tid_sozluk
1864.001,Sopa,SOPA,tid_sozluk
1865.001,Stres,STRES,tid_sozluk
1865.000,Stres,STRES,tid_sozluk
1866.000,Suçlamak,SUÇLAMAK,tid_sozluk
2000.000,Soyadı,SOYADI,tid_sozluk
0027.000,Şimdi,ŞİMDİ,tid_sozluk
0027.001,Şimdi,ŞİMDİ,tid_sozluk
0239.001,Şükür,ŞÜKÜR,tid_sozluk
0239.000,Şükür,ŞÜKÜR,tid_sozluk
0283.000,Şans,ŞANS,tid_sozluk
0422.000,Şaşırmak,ŞAŞIRMAK,tid_sozluk
0448.001,Şarkı,ŞARKI,tid_sozluk
0448.002,Şarkı,ŞARKI,tid_sozluk
0448.000,Şarkı,ŞARKI,tid_sozluk
0627.000,Şart,ŞART,tid_sozluk
0667.000,Şakalaşmak,ŞAKALAŞMAK,tid_sozluk
0667.001,Şakalaşmak,ŞAKALAŞMAK,tid_sozluk
0667.002,Şakalaşmak,ŞAKALAŞMAK,tid_sozluk
0668.000,Şok,ŞOK,tid_sozluk
0668.001,Şok,ŞOK,tid_sozluk
0715.000,Şişman,ŞİŞMAN,tid_sozluk
0715.001,Şişman,ŞİŞMAN,tid_sozluk
0909.001,Şeker,ŞEKER,tid_sozluk
0909.002,Şeker,ŞEKER,tid_sozluk
0909.000,Şeker,ŞEKER,tid_sozluk
0910.000,Şikayet,ŞİKAYET,tid_sozluk
0910.001,Şikayet,ŞİKAYET,tid_sozluk
0954.000,Şampiyon,ŞAMPİYON,tid_sozluk
1000.001,Şu,ŞU,tid_sozluk
1000.000,Şu,ŞU,tid_sozluk
1062.000,Şaşmak,ŞAŞMAK,tid_sozluk
1062.001,Şaşmak,ŞAŞMAK,tid_sozluk
1200.001,Şaka,ŞAKA,tid_sozluk
1200.000,Şaka,ŞAKA,tid_sozluk
1203.000,Şubat,ŞUBAT,tid_sozluk
1203.001,Şubat,ŞUBAT,tid_sozluk
1203.002,Şubat,ŞUBAT,tid_sozluk
1278.000,Şahit,ŞAHİT,tid_sozluk
1279.000,Şef,ŞEF,tid_sozluk
1372.001,Şapka,ŞAPKA,tid_sozluk
1372.002,Şapka,ŞAPKA,tid_sozluk
1372.000,Şapka,ŞAPKA,tid_sozluk
1373.001,Şişmek,ŞİŞMEK,tid_sozluk
1373.002,Şişmek,ŞİŞMEK,tid_sozluk
1373.000,Şişmek,ŞİŞMEK,tid_sozluk
1478.000,Şube,ŞUBE,tid_sozluk
1645.000,"Şehir, İl",ŞEHİR,tid_sozluk
1645.000,"Şehir, İl",İL,tid_sozluk
1645.000,"Şehir, İl",ŞEHİR,tid_sozluk
1645.000,"Şehir, İl",İL,tid_sozluk
1645.001,"Şehir, İl",ŞEHİR,tid_sozluk
1645.001,"Şehir, İl",İL,tid_sozluk
1645.001,"Şehir, İl",ŞEHİR,tid_sozluk
1645.001,"Şehir, İl",İL,tid_sozluk
1646.000,Şemsiye,ŞEMSİYE,tid_sozluk
1646.001,Şemsiye,ŞEMSİYE,tid_sozluk
1647.000,Şöyle böyle,ŞÖYLE BÖYLE,tid_sozluk
1647.001,Şöyle böyle,ŞÖYLE BÖYLE,tid_sozluk
1867.000,Şeref,ŞEREF,tid_sozluk
1868.000,Şeytan,ŞEYTAN,tid_sozluk
1868.001,Şeytan,ŞEYTAN,tid_sozluk
1869.000,Şımarık,ŞIMARIK,tid_sozluk
1870.000,Şifa,ŞİFA,tid_sozluk
1871.001,Şifre,ŞİFRE,tid_sozluk
1871.002,Şifre,ŞİFRE,tid_sozluk
1871.000,Şifre,ŞİFRE,tid_sozluk
1872.000,Şişe,ŞİŞE,tid_sozluk
1873.000,Şişirmek,ŞİŞİRMEK,tid_sozluk
1874.000,Şüphelenmek,ŞÜPHELENMEK,tid_sozluk
0034.002,Tamam,TAMAM,tid_sozluk
0034.001,Tamam,TAMAM,tid_sozluk
0034.000,Tamam,TAMAM,tid_sozluk
0053.000,Telefon,TELEFON,tid_sozluk
0068.001,Tam,TAM,tid_sozluk
0068.000,Tam,TAM,tid_sozluk
0078.000,"Cümle, Tümce",CÜMLE,tid_sozluk
0078.000,"Cümle, Tümce",TÜMCE,tid_sozluk
0078.000,"Cümle, Tümce",CÜMLE,tid_sozluk
0078.000,"Cümle, Tümce",TÜMCE,tid_sozluk
0116.001,Televizyon,TELEVİZYON,tid_sozluk
0116.000,Televizyon,TELEVİZYON,tid_sozluk
0116.002,Televizyon,TELEVİZYON,tid_sozluk
0117.000,Tercüman,TERCÜMAN,tid_sozluk
0203.000,Turizm,TURİZM,tid_sozluk
0203.001,Turizm,TURİZM,tid_sozluk
0210.000,Tutmak,TUTMAK,tid_sozluk
0210.001,Tutmak,TUTMAK,tid_sozluk
0240.001,Tek,TEK,tid_sozluk
0240.000,Tek,TEK,tid_sozluk
0244.001,Trafik,TRAFİK,tid_sozluk
0244.002,Trafik,TRAFİK,tid_sozluk
0244.000,Trafik,TRAFİK,tid_sozluk
0260.000,Tat,TAT,tid_sozluk
0266.000,Türk,TÜRK,tid_sozluk
0310.000,Tekrar,TEKRAR,tid_sozluk
0322.001,Tren,TREN,tid_sozluk
0322.000,Tren,TREN,tid_sozluk
0340.000,Tatlı,TATLI,tid_sozluk
0438.000,Taraf,TARAF,tid_sozluk
0439.000,Top,TOP,tid_sozluk
0439.001,Top,TOP,tid_sozluk
0449.000,Ters,TERS,tid_sozluk
0449.001,Ters,TERS,tid_sozluk
0475.002,Tuşlamak,TUŞLAMAK,tid_sozluk
0475.001,Tuşlamak,TUŞLAMAK,tid_sozluk
0475.000,Tuşlamak,TUŞLAMAK,tid_sozluk
0482.000,Tahmin,TAHMİN,tid_sozluk
0490.002,Taksi,TAKSİ,tid_sozluk
0490.000,Taksi,TAKSİ,tid_sozluk
0490.001,Taksi,TAKSİ,tid_sozluk
0491.000,Tarih,TARİH,tid_sozluk
0491.001,Tarih,TARİH,tid_sozluk
0492.002,Temiz,TEMİZ,tid_sozluk
0492.000,Temiz,TEMİZ,tid_sozluk
0492.001,Temiz,TEMİZ,tid_sozluk
0500.001,Tavuk,TAVUK,tid_sozluk
0500.000,Tavuk,TAVUK,tid_sozluk
0508.000,Tabak,TABAK,tid_sozluk
0534.001,Tanımak,TANIMAK,tid_sozluk
0534.000,Tanımak,TANIMAK,tid_sozluk
0535.001,Tatil,TATİL,tid_sozluk
0535.000,Tatil,TATİL,tid_sozluk
0550.000,Taş,TAŞ,tid_sozluk
0568.002,Taşımak,TAŞIMAK,tid_sozluk
0568.001,Taşımak,TAŞIMAK,tid_sozluk
0568.000,Taşımak,TAŞIMAK,tid_sozluk
0628.000,Tablet,TABLET,tid_sozluk
0628.001,Tablet,TABLET,tid_sozluk
0629.000,Tamir,TAMİR,tid_sozluk
0630.001,Teşekkür,TEŞEKKÜR,tid_sozluk
0630.002,Teşekkür,TEŞEKKÜR,tid_sozluk
0630.000,Teşekkür,TEŞEKKÜR,tid_sozluk
0631.000,Teyze,TEYZE,tid_sozluk
0631.001,Teyze,TEYZE,tid_sozluk
0631.002,Teyze,TEYZE,tid_sozluk
0632.000,Türkçe,TÜRKÇE,tid_sozluk
0649.000,Tabi,TABİ,tid_sozluk
0650.001,Takmak,TAKMAK,tid_sozluk
0650.000,Takmak,TAKMAK,tid_sozluk
0652.002,Teknoloji,TEKNOLOJİ,tid_sozluk
0652.001,Teknoloji,TEKNOLOJİ,tid_sozluk
0652.000,Teknoloji,TEKNOLOJİ,tid_sozluk
0669.000,Taşınmak,TAŞINMAK,tid_sozluk
0670.000,Tembel,TEMBEL,tid_sozluk
0671.000,Temizlemek,TEMİZLEMEK,tid_sozluk
0671.002,Temizlemek,TEMİZLEMEK,tid_sozluk
0671.001,Temizlemek,TEMİZLEMEK,tid_sozluk
0672.001,Titremek,TİTREMEK,tid_sozluk
0672.002,Titremek,TİTREMEK,tid_sozluk
0672.000,Titremek,TİTREMEK,tid_sozluk
0673.000,Toplum,TOPLUM,tid_sozluk
0674.001,Tuhaf,TUHAF,tid_sozluk
0674.000,Tuhaf,TUHAF,tid_sozluk
0686.000,Tayin,TAYİN,tid_sozluk
0687.001,Teşekkür etmek,TEŞEKKÜR ETMEK,tid_sozluk
0687.002,Teşekkür etmek,TEŞEKKÜR ETMEK,tid_sozluk
0687.000,Teşekkür etmek,TEŞEKKÜR ETMEK,tid_sozluk
0688.001,Tuvalet,TUVALET,tid_sozluk
0688.000,Tuvalet,TUVALET,tid_sozluk
0688.002,Tuvalet,TUVALET,tid_sozluk
0689.000,Tüm,TÜM,tid_sozluk
0689.001,Tüm,TÜM,tid_sozluk
0704.000,Tişört,TİŞÖRT,tid_sozluk
0716.000,Takip,TAKİP,tid_sozluk
0717.001,Tip,TİP,tid_sozluk
0717.000,Tip,TİP,tid_sozluk
0763.000,Tamir etmek,TAMİR ETMEK,tid_sozluk
0795.001,Tur,TUR,tid_sozluk
0795.000,Tur,TUR,tid_sozluk
0823.001,Toplamak,TOPLAMAK,tid_sozluk
0823.002,Toplamak,TOPLAMAK,tid_sozluk
0823.000,Toplamak,TOPLAMAK,tid_sozluk
0863.000,Tanışmak,TANIŞMAK,tid_sozluk
0864.000,Toptan,TOPTAN,tid_sozluk
0911.000,Ticaret,TİCARET,tid_sozluk
0912.000,Toprak,TOPRAK,tid_sozluk
0913.000,Torpil,TORPİL,tid_sozluk
0914.000,Tüfek,TÜFEK,tid_sozluk
0955.001,Tasarım,TASARIM,tid_sozluk
0955.000,Tasarım,TASARIM,tid_sozluk
0956.000,Tehlike,TEHLİKE,tid_sozluk
0957.000,Toplantı,TOPLANTI,tid_sozluk
1001.000,Tahta,TAHTA,tid_sozluk
1001.002,Tahta,TAHTA,tid_sozluk
1001.001,Tahta,TAHTA,tid_sozluk
1002.000,Tebrik etmek,TEBRİK ETMEK,tid_sozluk
1122.002,Tabela,TABELA,tid_sozluk
1122.000,Tabela,TABELA,tid_sozluk
1122.001,Tabela,TABELA,tid_sozluk
1123.000,"Ten, Cild",TEN,tid_sozluk
1123.000,"Ten, Cild",CİLD,tid_sozluk
1123.000,"Ten, Cild",TEN,tid_sozluk
1123.000,"Ten, Cild",CİLD,tid_sozluk
1124.000,Tok,TOK,tid_sozluk
1124.001,Tok,TOK,tid_sozluk
1125.000,Tuz,TUZ,tid_sozluk
1125.001,Tuz,TUZ,tid_sozluk
1201.000,Takım,TAKIM,tid_sozluk
1201.001,Takım,TAKIM,tid_sozluk
1202.000,Terlemek,TERLEMEK,tid_sozluk
1202.001,Terlemek,TERLEMEK,tid_sozluk
1232.000,Terbiyesiz,TERBİYESİZ,tid_sozluk
1280.000,Tane,TANE,tid_sozluk
1281.000,Tecrübe,TECRÜBE,tid_sozluk
1282.001,Terörist,TERÖRİST,tid_sozluk
1282.000,Terörist,TERÖRİST,tid_sozluk
1283.000,Toplam,TOPLAM,tid_sozluk
1283.001,Toplam,TOPLAM,tid_sozluk
1284.001,Torba,TORBA,tid_sozluk
1284.000,Torba,TORBA,tid_sozluk
1285.000,Türban,TÜRBAN,tid_sozluk
1285.002,Türban,TÜRBAN,tid_sozluk
1285.001,Türban,TÜRBAN,tid_sozluk
1374.001,Takip etmek,TAKİP ETMEK,tid_sozluk
1374.000,Takip etmek,TAKİP ETMEK,tid_sozluk
1375.002,Tartışmak,TARTIŞMAK,tid_sozluk
1375.001,Tartışmak,TARTIŞMAK,tid_sozluk
1375.000,Tartışmak,TARTIŞMAK,tid_sozluk
1376.000,Tebrik,TEBRİK,tid_sozluk
1377.001,Tekerlek,TEKERLEK,tid_sozluk
1377.000,Tekerlek,TEKERLEK,tid_sozluk
1378.000,Tekne,TEKNE,tid_sozluk
1379.000,Terketmek,TERKETMEK,tid_sozluk
1379.001,Terketmek,TERKETMEK,tid_sozluk
1380.000,Tespih,TESPİH,tid_sozluk
1479.000,Tabanca,TABANCA,tid_sozluk
1481.000,Tiyatro,TİYATRO,tid_sozluk
1482.000,Torun,TORUN,tid_sozluk
1483.001,Tost,TOST,tid_sozluk
1483.000,Tost,TOST,tid_sozluk
1484.000,Tövbe,TÖVBE,tid_sozluk
1484.001,Tövbe,TÖVBE,tid_sozluk
1485.001,Tüy,TÜY,tid_sozluk
1485.000,Tüy,TÜY,tid_sozluk
1644.000,Temmuz,TEMMUZ,tid_sozluk
1644.001,Temmuz,TEMMUZ,tid_sozluk
1648.000,Tapu,TAPU,tid_sozluk
1649.000,Tavsiye,TAVSİYE,tid_sozluk
1649.001,Tavsiye,TAVSİYE,tid_sozluk
1650.000,Tavşan,TAVŞAN,tid_sozluk
1652.000,Teknik,TEKNİK,tid_sozluk
1653.001,Terör,TERÖR,tid_sozluk
1653.002,Terör,TERÖR,tid_sozluk
1653.000,Terör,TERÖR,tid_sozluk
1654.000,Tokmak,TOKMAK,tid_sozluk
1655.000,"Trafik lambası, Trafik ışığı",TRAFİK LAMBASI,tid_sozluk
1655.000,"Trafik lambası, Trafik ışığı",TRAFİK IŞIĞI,tid_sozluk
1656.001,Transfer,TRANSFER,tid_sozluk
1656.000,Transfer,TRANSFER,tid_sozluk
1657.000,Turist,TURİST,tid_sozluk
1658.000,Tuş,TUŞ,tid_sozluk
1658.001,Tuş,TUŞ,tid_sozluk
1659.001,Tutulmak,TUTULMAK,tid_sozluk
1659.000,Tutulmak,TUTULMAK,tid_sozluk
1780.000,Turnuva,TURNUVA,tid_sozluk
1788.000,Toplu gelmek,TOPLU GELMEK,tid_sozluk
1788.001,Toplu gelmek,TOPLU GELMEK,tid_sozluk
1788.002,Toplu gelmek,TOPLU GELMEK,tid_sozluk
1875.000,Tablo,TABLO,tid_sozluk
1875.001,Tablo,TABLO,tid_sozluk
1876.001,Taksit,TAKSİT,tid_sozluk
1876.000,Taksit,TAKSİT,tid_sozluk
1877.000,Taramak,TARAMAK,tid_sozluk
1877.001,Taramak,TARAMAK,tid_sozluk
1878.000,Tava,TAVA,tid_sozluk
1879.001,Tekme,TEKME,tid_sozluk
1879.002,Tekme,TEKME,tid_sozluk
1879.000,Tekme,TEKME,tid_sozluk
1880.000,Tepsi,TEPSİ,tid_sozluk
1881.001,Titiz,TİTİZ,tid_sozluk
1881.000,Titiz,TİTİZ,tid_sozluk
1882.000,Tokatlamak,TOKATLAMAK,tid_sozluk
1883.000,Ton,TON,tid_sozluk
1885.001,Toz,TOZ,tid_sozluk
1885.000,Toz,TOZ,tid_sozluk
1886.000,Tramvay,TRAMVAY,tid_sozluk
1887.000,Turşu,TURŞU,tid_sozluk
1888.000,Tüh,TÜH,tid_sozluk
1889.000,Tükürmek,TÜKÜRMEK,tid_sozluk
1889.001,Tükürmek,TÜKÜRMEK,tid_sozluk
1890.000,Tünel,TÜNEL,tid_sozluk
1891.000,Tüp,TÜP,tid_sozluk
1891.001,Tüp,TÜP,tid_sozluk
1969.000,Terbiye,TERBİYE,tid_sozluk
0146.000,Uçak,UÇAK,tid_sozluk
0146.001,Uçak,UÇAK,tid_sozluk
0154.000,Uygun,UYGUN,tid_sozluk
0154.001,Uygun,UYGUN,tid_sozluk
0221.000,Unutmak,UNUTMAK,tid_sozluk
0243.000,Uzun,UZUN,tid_sozluk
0243.001,Uzun,UZUN,tid_sozluk
0261.001,Uzak,UZAK,tid_sozluk
0261.000,Uzak,UZAK,tid_sozluk
0267.002,Ufak,UFAK,tid_sozluk
0267.001,Ufak,UFAK,tid_sozluk
0267.000,Ufak,UFAK,tid_sozluk
0272.000,Usta,USTA,tid_sozluk
0272.001,Usta,USTA,tid_sozluk
0284.000,Uyumak,UYUMAK,tid_sozluk
0284.001,Uyumak,UYUMAK,tid_sozluk
0585.001,Uğraşmak,UĞRAŞMAK,tid_sozluk
0585.000,Uğraşmak,UĞRAŞMAK,tid_sozluk
0600.000,Uzun sürmek,UZUN SÜRMEK,tid_sozluk
0600.002,Uzun sürmek,UZUN SÜRMEK,tid_sozluk
0600.001,Uzun sürmek,UZUN SÜRMEK,tid_sozluk
0653.000,Ucuz,UCUZ,tid_sozluk
0742.000,Utanmak,UTANMAK,tid_sozluk
0742.001,Utanmak,UTANMAK,tid_sozluk
0865.001,Ulaşım,ULAŞIM,tid_sozluk
0865.000,Ulaşım,ULAŞIM,tid_sozluk
0866.000,Uzatmak,UZATMAK,tid_sozluk
0866.001,Uzatmak,UZATMAK,tid_sozluk
0915.000,Uyanmak,UYANMAK,tid_sozluk
0915.001,Uyanmak,UYANMAK,tid_sozluk
0958.001,Uçmak,UÇMAK,tid_sozluk
0958.000,Uçmak,UÇMAK,tid_sozluk
0958.002,Uçmak,UÇMAK,tid_sozluk
1063.000,Uluslararası,ULUSLARARASI,tid_sozluk
1204.000,Ulaşmak,ULAŞMAK,tid_sozluk
1205.001,Uyarmak,UYARMAK,tid_sozluk
1205.000,Uyarmak,UYARMAK,tid_sozluk
1206.001,Uyuşmak,UYUŞMAK,tid_sozluk
1206.000,Uyuşmak,UYUŞMAK,tid_sozluk
1229.001,Uzman,UZMAN,tid_sozluk
1229.000,Uzman,UZMAN,tid_sozluk
1229.002,Uzman,UZMAN,tid_sozluk
1286.000,Umursamamak,UMURSAMAMAK,tid_sozluk
1381.000,Uğur,UĞUR,tid_sozluk
1381.001,Uğur,UĞUR,tid_sozluk
1382.000,Uydu,UYDU,tid_sozluk
1382.001,Uydu,UYDU,tid_sozluk
1383.000,Uzaktan kumanda,UZAKTAN KUMANDA,tid_sozluk
1486.000,Uyandırmak,UYANDIRMAK,tid_sozluk
1487.000,Uyku,UYKU,tid_sozluk
1487.001,Uyku,UYKU,tid_sozluk
1488.001,Uzanmak,UZANMAK,tid_sozluk
1488.000,Uzanmak,UZANMAK,tid_sozluk
1660.000,Uç,UÇ,tid_sozluk
1660.002,Uç,UÇ,tid_sozluk
1660.001,Uç,UÇ,tid_sozluk
1661.002,Uyarı,UYARI,tid_sozluk
1661.000,Uyarı,UYARI,tid_sozluk
1661.001,Uyarı,UYARI,tid_sozluk
1892.000,Uçurum,UÇURUM,tid_sozluk
1893.000,Ukala,UKALA,tid_sozluk
1894.001,Usanmak,USANMAK,tid_sozluk
1894.000,Usanmak,USANMAK,tid_sozluk
0149.001,Üniversite,ÜNİVERSİTE,tid_sozluk
0149.000,Üniversite,ÜNİVERSİTE,tid_sozluk
0252.001,Üç,ÜÇ,tid_sozluk
0252.000,Üç,ÜÇ,tid_sozluk
0305.001,Üzülmek,ÜZÜLMEK,tid_sozluk
0305.000,Üzülmek,ÜZÜLMEK,tid_sozluk
0360.000,Üçüncü,ÜÇÜNCÜ,tid_sozluk
0360.002,Üçüncü,ÜÇÜNCÜ,tid_sozluk
0360.001,Üçüncü,ÜÇÜNCÜ,tid_sozluk
0615.002,Ücret,ÜCRET,tid_sozluk
0615.000,Ücret,ÜCRET,tid_sozluk
0615.001,Ücret,ÜCRET,tid_sozluk
0765.002,Üst,ÜST,tid_sozluk
0765.000,Üst,ÜST,tid_sozluk
0765.001,Üst,ÜST,tid_sozluk
0824.000,Ünlü,ÜNLÜ,tid_sozluk
0867.000,Üye,ÜYE,tid_sozluk
1003.001,Üflemek,ÜFLEMEK,tid_sozluk
1003.000,Üflemek,ÜFLEMEK,tid_sozluk
1287.000,Üçgen,ÜÇGEN,tid_sozluk
1489.000,Ücretsiz,ÜCRETSİZ,tid_sozluk
1662.000,Üçlük,ÜÇLÜK,tid_sozluk
1662.001,Üçlük,ÜÇLÜK,tid_sozluk
1663.000,Ülke,ÜLKE,tid_sozluk
1663.002,Ülke,ÜLKE,tid_sozluk
1663.001,Ülke,ÜLKE,tid_sozluk
1664.000,Ütü,ÜTÜ,tid_sozluk
1895.000,Üşümek,ÜŞÜMEK,tid_sozluk
0007.000,Var,VAR,tid_sozluk
0007.001,Var,VAR,tid_sozluk
0007.002,Var,VAR,tid_sozluk
0018.000,Vermek,VERMEK,tid_sozluk
0162.001,Ve,VE,tid_sozluk
0162.000,Ve,VE,tid_sozluk
0192.000,Vurmak,VURMAK,tid_sozluk
0192.002,Vurmak,VURMAK,tid_sozluk
0192.001,Vurmak,VURMAK,tid_sozluk
0335.000,Varmak,VARMAK,tid_sozluk
0335.001,Varmak,VARMAK,tid_sozluk
0395.002,Vücut,VÜCUT,tid_sozluk
0395.001,Vücut,VÜCUT,tid_sozluk
0395.000,Vücut,VÜCUT,tid_sozluk
0450.000,Vapur,VAPUR,tid_sozluk
0460.000,Voleybol,VOLEYBOL,tid_sozluk
0460.001,Voleybol,VOLEYBOL,tid_sozluk
0536.002,Vazgeçmek,VAZGEÇMEK,tid_sozluk
0536.001,Vazgeçmek,VAZGEÇMEK,tid_sozluk
0536.000,Vazgeçmek,VAZGEÇMEK,tid_sozluk
0569.000,Veya,VEYA,tid_sozluk
0825.000,Vergi,VERGİ,tid_sozluk
0825.002,Vergi,VERGİ,tid_sozluk
0825.001,Vergi,VERGİ,tid_sozluk
0960.000,Vites,VİTES,tid_sozluk
1004.002,Video,VİDEO,tid_sozluk
1004.001,Video,VİDEO,tid_sozluk
1004.000,Video,VİDEO,tid_sozluk
1207.000,Vali,VALİ,tid_sozluk
1208.002,Vallahi,VALLAHİ,tid_sozluk
1208.000,Vallahi,VALLAHİ,tid_sozluk
1208.001,Vallahi,VALLAHİ,tid_sozluk
1209.000,Vatandaş,VATANDAŞ,tid_sozluk
1258.000,Vardiya,VARDİYA,tid_sozluk
1384.000,Vicdan,VİCDAN,tid_sozluk
1490.000,Valiz,VALİZ,tid_sozluk
1665.000,Vah,VAH,tid_sozluk
1666.000,Viraj,VİRAJ,tid_sozluk
1667.000,Vitamin,VİTAMİN,tid_sozluk
1896.001,Vay,VAY,tid_sozluk
1896.000,Vay,VAY,tid_sozluk
1896.002,Vay,VAY,tid_sozluk
1897.000,Virgül,VİRGÜL,tid_sozluk
1288.000,"Walkman, Kasetçalar",WALKMAN,tid_sozluk
1288.000,"Walkman, Kasetçalar",KASETÇALAR,tid_sozluk
1288.000,"Walkman, Kasetçalar",WALKMAN,tid_sozluk
1288.000,"Walkman, Kasetçalar",KASETÇALAR,tid_sozluk
0009.001,Yok,YOK,tid_sozluk
0009.000,Yok,YOK,tid_sozluk
0021.000,Yapmak,YAPMAK,tid_sozluk
0021.001,Yapmak,YAPMAK,tid_sozluk
0040.000,Yemek,YEMEK,tid_sozluk
0047.000,"Yıl, Sene",YIL,tid_sozluk
0047.000,"Yıl, Sene",SENE,tid_sozluk
0047.000,"Yıl, Sene",YIL,tid_sozluk
0047.000,"Yıl, Sene",SENE,tid_sozluk
0062.000,Yazmak,YAZMAK,tid_sozluk
0096.000,Yol,YOL,tid_sozluk
0096.001,Yol,YOL,tid_sozluk
0098.000,Yardım,YARDIM,tid_sozluk
0098.001,Yardım,YARDIM,tid_sozluk
0114.000,Yer,YER,tid_sozluk
0126.000,Yeni,YENİ,tid_sozluk
0127.000,Yaş,YAŞ,tid_sozluk
0127.001,Yaş,YAŞ,tid_sozluk
0131.000,Yanlış,YANLIŞ,tid_sozluk
0143.000,Yürümek,YÜRÜMEK,tid_sozluk
0183.000,"Yüz, 100",YÜZ,tid_sozluk
0183.000,"Yüz, 100",100,tid_sozluk
0186.002,Yarım,YARIM,tid_sozluk
0186.001,Yarım,YARIM,tid_sozluk
0186.000,Yarım,YARIM,tid_sozluk
0217.000,Yükselmek,YÜKSELMEK,tid_sozluk
0217.001,Yükselmek,YÜKSELMEK,tid_sozluk
0217.002,Yükselmek,YÜKSELMEK,tid_sozluk
0222.000,"Yüz, Surat",YÜZ,tid_sozluk
0222.000,"Yüz, Surat",SURAT,tid_sozluk
0222.000,"Yüz, Surat",YÜZ,tid_sozluk
0222.000,"Yüz, Surat",SURAT,tid_sozluk
0229.000,Yetmek,YETMEK,tid_sozluk
0229.001,Yetmek,YETMEK,tid_sozluk
0234.000,"Göndermek, Yollamak",GÖNDERMEK,tid_sozluk
0234.000,"Göndermek, Yollamak",YOLLAMAK,tid_sozluk
0234.000,"Göndermek, Yollamak",GÖNDERMEK,tid_sozluk
0234.000,"Göndermek, Yollamak",YOLLAMAK,tid_sozluk
0250.001,Yasak,YASAK,tid_sozluk
0250.002,Yasak,YASAK,tid_sozluk
0250.000,Yasak,YASAK,tid_sozluk
0251.000,Yüzmek,YÜZMEK,tid_sozluk
0251.001,Yüzmek,YÜZMEK,tid_sozluk
0298.001,Yavaş,YAVAŞ,tid_sozluk
0298.000,Yavaş,YAVAŞ,tid_sozluk
0306.001,Yakın,YAKIN,tid_sozluk
0306.000,Yakın,YAKIN,tid_sozluk
0324.000,Yatmak,YATMAK,tid_sozluk
0324.001,Yatmak,YATMAK,tid_sozluk
0331.000,Yarın,YARIN,tid_sozluk
0341.000,Yukarı,YUKARI,tid_sozluk
0342.000,Yüzde,YÜZDE,tid_sozluk
0342.001,Yüzde,YÜZDE,tid_sozluk
0349.000,Yüzünden,YÜZÜNDEN,tid_sozluk
0349.001,Yüzünden,YÜZÜNDEN,tid_sozluk
0400.000,Yaşlı,YAŞLI,tid_sozluk
0408.001,Yaşamak,YAŞAMAK,tid_sozluk
0408.000,Yaşamak,YAŞAMAK,tid_sozluk
0423.000,Yazı,YAZI,tid_sozluk
0523.001,Yorulmak,YORULMAK,tid_sozluk
0523.000,Yorulmak,YORULMAK,tid_sozluk
0570.001,Yükseltmek,YÜKSELTMEK,tid_sozluk
0570.000,Yükseltmek,YÜKSELTMEK,tid_sozluk
0570.002,Yükseltmek,YÜKSELTMEK,tid_sozluk
0586.000,Yağmur,YAĞMUR,tid_sozluk
0587.000,Yazışmak,YAZIŞMAK,tid_sozluk
0588.000,Yazık,YAZIK,tid_sozluk
0633.001,Yüksek,YÜKSEK,tid_sozluk
0633.000,Yüksek,YÜKSEK,tid_sozluk
0654.001,Yalnız,YALNIZ,tid_sozluk
0654.000,Yalnız,YALNIZ,tid_sozluk
0675.000,Yeter,YETER,tid_sozluk
0675.001,Yeter,YETER,tid_sozluk
0690.001,Yarışma,YARIŞMA,tid_sozluk
0690.000,Yarışma,YARIŞMA,tid_sozluk
0691.002,Yeşil,YEŞİL,tid_sozluk
0691.000,Yeşil,YEŞİL,tid_sozluk
0691.001,Yeşil,YEŞİL,tid_sozluk
0718.000,Yemek (yemek),YEMEK (YEMEK),tid_sozluk
0719.000,Yüzme,YÜZME,tid_sozluk
0719.001,Yüzme,YÜZME,tid_sozluk
0743.001,Yakalanmak,YAKALANMAK,tid_sozluk
0743.002,Yakalanmak,YAKALANMAK,tid_sozluk
0743.000,Yakalanmak,YAKALANMAK,tid_sozluk
0744.000,Yaptırmak,YAPTIRMAK,tid_sozluk
0745.002,Yenmek,YENMEK,tid_sozluk
0745.001,Yenmek,YENMEK,tid_sozluk
0745.000,Yenmek,YENMEK,tid_sozluk
0766.000,Yumruk,YUMRUK,tid_sozluk
0767.001,Yumuşak,YUMUŞAK,tid_sozluk
0767.000,Yumuşak,YUMUŞAK,tid_sozluk
0796.001,Yatak,YATAK,tid_sozluk
0796.000,Yatak,YATAK,tid_sozluk
0797.001,Yumurta,YUMURTA,tid_sozluk
0797.002,Yumurta,YUMURTA,tid_sozluk
0797.000,Yumurta,YUMURTA,tid_sozluk
0826.001,Yanmak,YANMAK,tid_sozluk
0826.000,Yanmak,YANMAK,tid_sozluk
0827.000,Yara,YARA,tid_sozluk
0868.000,Yabancı,YABANCI,tid_sozluk
0868.001,Yabancı,YABANCI,tid_sozluk
0869.001,Yıldız,YILDIZ,tid_sozluk
0869.000,Yıldız,YILDIZ,tid_sozluk
0871.000,Yedi,YEDİ,tid_sozluk
0961.001,Yağ,YAĞ,tid_sozluk
0961.000,Yağ,YAĞ,tid_sozluk
0962.000,Yan,YAN,tid_sozluk
0962.001,Yan,YAN,tid_sozluk
0963.001,Yarışmak,YARIŞMAK,tid_sozluk
0963.000,Yarışmak,YARIŞMAK,tid_sozluk
0965.000,Yirmi,YİRMİ,tid_sozluk
1005.000,Yalan,YALAN,tid_sozluk
1006.000,Yıkamak,YIKAMAK,tid_sozluk
1007.000,Yuvarlak,YUVARLAK,tid_sozluk
1064.000,Yarış,YARIŞ,tid_sozluk
1064.001,Yarış,YARIŞ,tid_sozluk
1065.000,Yayınlamak,YAYINLAMAK,tid_sozluk
1066.000,Yedek,YEDEK,tid_sozluk
1066.001,Yedek,YEDEK,tid_sozluk
1067.000,Yurtdışı,YURTDIŞI,tid_sozluk
1068.000,Yüzük,YÜZÜK,tid_sozluk
1068.001,Yüzük,YÜZÜK,tid_sozluk
1126.001,Yaklaşmak,YAKLAŞMAK,tid_sozluk
1126.000,Yaklaşmak,YAKLAŞMAK,tid_sozluk
1127.001,Yerleşmek,YERLEŞMEK,tid_sozluk
1127.000,Yerleşmek,YERLEŞMEK,tid_sozluk
1128.001,Yılbaşı,YILBAŞI,tid_sozluk
1128.000,Yılbaşı,YILBAŞI,tid_sozluk
1129.002,Yönetmek,YÖNETMEK,tid_sozluk
1129.000,Yönetmek,YÖNETMEK,tid_sozluk
1129.001,Yönetmek,YÖNETMEK,tid_sozluk
1210.000,Yaramaz,YARAMAZ,tid_sozluk
1211.000,Yaşlanmak,YAŞLANMAK,tid_sozluk
1212.000,Yön,YÖN,tid_sozluk
1213.000,Yönetim,YÖNETİM,tid_sozluk
1213.001,Yönetim,YÖNETİM,tid_sozluk
1214.000,Yurt,YURT,tid_sozluk
1289.002,Yapışkan,YAPIŞKAN,tid_sozluk
1289.001,Yapışkan,YAPIŞKAN,tid_sozluk
1289.000,Yapışkan,YAPIŞKAN,tid_sozluk
1290.000,Yorgan,YORGAN,tid_sozluk
1291.000,Yavaşlamak,YAVAŞLAMAK,tid_sozluk
1291.001,Yavaşlamak,YAVAŞLAMAK,tid_sozluk
1292.000,Yedirmek,YEDİRMEK,tid_sozluk
1293.000,Yemin etmek,YEMİN ETMEK,tid_sozluk
1293.001,Yemin etmek,YEMİN ETMEK,tid_sozluk
1385.000,Yani,YANİ,tid_sozluk
1386.001,Yaprak,YAPRAK,tid_sozluk
1386.000,Yaprak,YAPRAK,tid_sozluk
1387.000,Yaz,YAZ,tid_sozluk
1388.001,Yetenek,YETENEK,tid_sozluk
1388.000,Yetenek,YETENEK,tid_sozluk
1389.000,Yiyecek,YİYECEK,tid_sozluk
1390.001,Yüklemek,YÜKLEMEK,tid_sozluk
1390.000,Yüklemek,YÜKLEMEK,tid_sozluk
1391.000,Yürek,YÜREK,tid_sozluk
1391.001,Yürek,YÜREK,tid_sozluk
1491.000,Yakında,YAKINDA,tid_sozluk
1492.000,Yalvarmak,YALVARMAK,tid_sozluk
1492.001,Yalvarmak,YALVARMAK,tid_sozluk
1493.000,Yanılmak,YANILMAK,tid_sozluk
1494.000,Yıkanmak,YIKANMAK,tid_sozluk
1494.001,Yıkanmak,YIKANMAK,tid_sozluk
1495.001,Yoksa,YOKSA,tid_sozluk
1495.000,Yoksa,YOKSA,tid_sozluk
1499.000,Yetmiş,YETMİŞ,tid_sozluk
1668.001,Ya,YA,tid_sozluk
1668.000,Ya,YA,tid_sozluk
1669.000,Yakışıklı,YAKIŞIKLI,tid_sozluk
1669.002,Yakışıklı,YAKIŞIKLI,tid_sozluk
1669.001,Yakışıklı,YAKIŞIKLI,tid_sozluk
1670.000,Yapı,YAPI,tid_sozluk
1671.000,Yaya,YAYA,tid_sozluk
1672.000,Yayla,YAYLA,tid_sozluk
1673.001,"Yıllarca, Senelerce",YILLARCA,tid_sozluk
1673.001,"Yıllarca, Senelerce",SENELERCE,tid_sozluk
1673.001,"Yıllarca, Senelerce",YILLARCA,tid_sozluk
1673.001,"Yıllarca, Senelerce",SENELERCE,tid_sozluk
1673.000,"Yıllarca, Senelerce",YILLARCA,tid_sozluk
1673.000,"Yıllarca, Senelerce",SENELERCE,tid_sozluk
1673.000,"Yıllarca, Senelerce",YILLARCA,tid_sozluk
1673.000,"Yıllarca, Senelerce",SENELERCE,tid_sozluk
1674.001,Yırtmak,YIRTMAK,tid_sozluk
1674.000,Yırtmak,YIRTMAK,tid_sozluk
1675.000,Yoğurmak,YOĞURMAK,tid_sozluk
1676.000,Yolculuk,YOLCULUK,tid_sozluk
1677.000,Yutmak,YUTMAK,tid_sozluk
1678.000,Yük,YÜK,tid_sozluk
1898.000,Yağmak,YAĞMAK,tid_sozluk
1899.001,Yahudi,YAHUDİ,tid_sozluk
1899.000,Yahudi,YAHUDİ,tid_sozluk
1900.001,Yakışmak,YAKIŞMAK,tid_sozluk
1900.000,Yakışmak,YAKIŞMAK,tid_sozluk
1901.000,Yapışmak,YAPIŞMAK,tid_sozluk
1901.001,Yapışmak,YAPIŞMAK,tid_sozluk
1902.000,Yayılmak,YAYILMAK,tid_sozluk
1903.002,Yıkılmak,YIKILMAK,tid_sozluk
1903.000,Yıkılmak,YIKILMAK,tid_sozluk
1903.001,Yıkılmak,YIKILMAK,tid_sozluk
1904.000,Yorgun,YORGUN,tid_sozluk
1905.000,Yufka,YUFKA,tid_sozluk
0032.000,Zor,ZOR,tid_sozluk
0032.001,Zor,ZOR,tid_sozluk
0147.001,Zaman,ZAMAN,tid_sozluk
0147.000,Zaman,ZAMAN,tid_sozluk
0147.002,Zaman,ZAMAN,tid_sozluk
0268.000,Zarar,ZARAR,tid_sozluk
0311.000,Zevk,ZEVK,tid_sozluk
0370.001,Zorlamak,ZORLAMAK,tid_sozluk
0370.000,Zorlamak,ZORLAMAK,tid_sozluk
0509.001,"Akıllı, Zeki",AKILLI,tid_sozluk
0509.001,"Akıllı, Zeki",ZEKİ,tid_sozluk
0509.001,"Akıllı, Zeki",AKILLI,tid_sozluk
0509.001,"Akıllı, Zeki",ZEKİ,tid_sozluk
0509.000,"Akıllı, Zeki",AKILLI,tid_sozluk
0509.000,"Akıllı, Zeki",ZEKİ,tid_sozluk
0509.000,"Akıllı, Zeki",AKILLI,tid_sozluk
0509.000,"Akıllı, Zeki",ZEKİ,tid_sozluk
0571.000,Zeytin,ZEYTİN,tid_sozluk
0655.001,Zamanla,ZAMANLA,tid_sozluk
0655.002,Zamanla,ZAMANLA,tid_sozluk
0655.000,Zamanla,ZAMANLA,tid_sozluk
0720.002,Zayıf,ZAYIF,tid_sozluk
0720.000,Zayıf,ZAYIF,tid_sozluk
0720.001,Zayıf,ZAYIF,tid_sozluk
0828.000,Zengin,ZENGİN,tid_sozluk
1130.002,Zil,ZİL,tid_sozluk
1130.000,Zil,ZİL,tid_sozluk
1130.001,Zil,ZİL,tid_sozluk
1131.000,Zorlanmak,ZORLANMAK,tid_sozluk
1392.000,Zam,ZAM,tid_sozluk
1393.000,Zihinsel,ZİHİNSEL,tid_sozluk
1496.000,Zannetmek,ZANNETMEK,tid_sozluk
1496.001,Zannetmek,ZANNETMEK,tid_sozluk
1679.000,Zevk almak,ZEVK ALMAK,tid_sozluk
1906.000,Zarf,ZARF,tid_sozluk
1907.000,Zenci,ZENCİ,tid_sozluk
1908.002,Zil çalmak,ZİL ÇALMAK,tid_sozluk
1908.001,Zil çalmak,ZİL ÇALMAK,tid_sozluk
1908.000,Zil çalmak,ZİL ÇALMAK,tid_sozluk
0505.000,Edebiyat,EDEBİYAT,isaretce
0587.000,Fıkra,FIKRA,isaretce
0884.000,Kelime (1. İşaret),KELİME,isaretce
0884.001,Kelime (2. İşaret),KELİME,isaretce
1011.000,Kitap,KİTAP,isaretce
0930.000,Konu (1. İşaret),KONU,isaretce
0930.001,Konu (2. İşaret),KONU,isaretce
1055.000,Masal (1. İşaret),MASAL,isaretce
1055.001,Masal (2. İşaret),MASAL,isaretce
1181.000,Nazım,NAZIM,isaretce
1263.000,Ozan,OZAN,isaretce
1351.000,Roman,ROMAN,isaretce
1400.000,Satır,SATIR,isaretce
1404.000,Sayfa,SAYFA,isaretce
2010.000,Şair,ŞAİR,isaretce
2032.000,Şiir (1. İşaret),ŞİİR,isaretce
2032.001,Şiir (2. İşaret),ŞİİR,isaretce
1635.000,Türkçe,TÜRKÇE,isaretce
0042.000,Adam Adama,ADAM ADAMA,isaretce
0093.000,Ancak,ANCAK,isaretce
0106.000,Ara Sıra,ARA SIRA,isaretce
0120.000,Artık,ARTIK,isaretce
0126.000,Asla,ASLA,isaretce
0153.000,Ayakta,AYAKTA,isaretce
0225.000,Bazen (1. İşaret),BAZEN,isaretce
0225.001,Bazen (2. İşaret),BAZEN,isaretce
0250.000,Belki,BELKİ,isaretce
0258.000,Beraber,BERABER,isaretce
0323.000,Bir Daha,BİR DAHA,isaretce
0324.000,Bir Dakika,BİR DAKİKA,isaretce
0325.000,Bir Şey,BİR ŞEY,isaretce
0327.000,Birlikte,BİRLİKTE,isaretce
0453.000,Durmadan,DURMADAN,isaretce
0533.000,Erken,ERKEN,isaretce
0550.000,Evvel,EVVEL,isaretce
0616.000,Garanti,GARANTİ,isaretce
0637.000,Geç,GEÇ,isaretce
0665.000,Güle Güle,GÜLE GÜLE,isaretce
0736.000,Hemen,HEMEN,isaretce
0738.000,Hep,HEP,isaretce
0740.000,Her Gün,HER GÜN,isaretce
0767.000,Hiç,HİÇ,isaretce
1994.000,İçinde,İÇİNDE,isaretce
1986.000,İyi misin,İYİ MİSİN,isaretce
0794.000,Kadar,KADAR,isaretce
1023.000,Lütfen,LÜTFEN,isaretce
1030.000,Mahsus,MAHSUS,isaretce
1178.000,Nasıl,NASIL,isaretce
1179.000,Nasılsın,NASILSIN,isaretce
1185.000,Ne Zaman,NE ZAMAN,isaretce
1186.000,Neden,NEDEN,isaretce
1191.000,Nerede,NEREDE,isaretce
1193.000,Nereye,NEREYE,isaretce
1210.000,Niçin,NİÇİN,isaretce
1209.000,Niye,NİYE,isaretce
1888.000,Önce,ÖNCE,isaretce
1359.000,Sabah,SABAH,isaretce
1363.000,Sadece,SADECE,isaretce
1464.000,Sonra,SONRA,isaretce
2030.000,Şimdi,ŞİMDİ,isaretce
1561.000,Tek,TEK,isaretce
1562.000,Teke Tek,TEKE TEK,isaretce
1564.000,Tekrar,TEKRAR,isaretce
1719.000,Yalnızca,YALNIZCA,isaretce
1725.000,Yanında,YANINDA,isaretce
1791.000,Yine,YİNE,isaretce
1798.000,Zaman Zaman,ZAMAN ZAMAN,isaretce
0209.000,Bana,BANA,isaretce
0252.000,Ben,BEN,isaretce
0257.000,Benim,BENİM,isaretce
0337.000,Biz,BİZ,isaretce
0338.000,Bizim,BİZİM,isaretce
0290.000,Bu,BU,isaretce
0739.000,Hepsi,HEPSİ,isaretce
0741.000,Herkes,HERKES,isaretce
0887.000,Kendi,KENDİ,isaretce
1005.000,Kim,KİM,isaretce
1184.000,Ne,NE,isaretce
1212.000,O,O,isaretce
1212.000,O,O,isaretce
1242.000,Onlar,ONLAR,isaretce
1243.000,Onların,ONLARIN,isaretce
1244.000,Onun,ONUN,isaretce
1384.000,Sana,SANA,isaretce
1428.000,Senin,SENİN,isaretce
1517.000,Siz,SİZ,isaretce
1518.000,Sizin,SİZİN,isaretce
2022.000,Şu,ŞU,isaretce
0032.000,A,A,isaretce
0191.000,B,B,isaretce
0339.000,C,C,isaretce
1814.000,Ç,Ç,isaretce
0373.000,D,D,isaretce
0502.000,E,E,isaretce
0565.000,F,F,isaretce
0612.000,G (1. İşaret),G,isaretce
0612.001,G (2. İşaret),G,isaretce
1928.000,Ğ (1. İşaret),Ğ,isaretce
1928.001,Ğ (2. İşaret),Ğ,isaretce
0691.000,H,H,isaretce
0768.000,I,I,isaretce
1929.000,İ,İ,isaretce
0779.000,J,J,isaretce
0786.000,K,K,isaretce
1013.000,L,L,isaretce
1027.000,M,M,isaretce
1168.000,N,N,isaretce
1212.000,O,O,isaretce
1874.000,Ö,Ö,isaretce
1265.000,P,P,isaretce
1333.000,R,R,isaretce
1357.000,S,S,isaretce
2002.000,Ş,Ş,isaretce
1520.000,T,T,isaretce
1647.000,U,U,isaretce
1909.000,Ü,Ü,isaretce
1673.000,V,V,isaretce
1709.000,Y,Y,isaretce
1793.000,Z,Z,isaretce
0206.000,Balta,BALTA,isaretce
0207.000,Balyoz,BALYOZ,isaretce
0217.000,Baskül,BASKÜL,isaretce
0271.000,Bıçak,BIÇAK,isaretce
0356.000,Cetvel,CETVEL,isaretce
1816.000,Çakı,ÇAKI,isaretce
1830.000,Çatal,ÇATAL,isaretce
1837.000,Çekiç,ÇEKİÇ,isaretce
1840.000,Çengel,ÇENGEL,isaretce
1867.000,Çivi,ÇİVİ,isaretce
0384.000,Damga,DAMGA,isaretce
0556.000,Eğe,EĞE,isaretce
0567.000,Faks,FAKS,isaretce
0590.000,Fırça,FIRÇA,isaretce
0611.000,Fiş,FİŞ,isaretce
0751.000,Hortum,HORTUM,isaretce
0782.000,Jant,JANT,isaretce
0784.000,Jeneratör,JENERATÖR,isaretce
0792.000,Kablo,KABLO,isaretce
0876.000,Kağıt,KAĞIT,isaretce
0807.000,Kalem,KALEM,isaretce
0808.000,Kalemtıraş,KALEMTIRAŞ,isaretce
0814.000,Kamera,KAMERA,isaretce
0819.000,Kanca,KANCA,isaretce
0825.000,Kantar,KANTAR,isaretce
0828.000,Kapı Kilidi,KAPI KİLİDİ,isaretce
0878.000,Kaşık,KAŞIK,isaretce
0872.000,Kazma,KAZMA,isaretce
0891.000,Kepçe,KEPÇE,isaretce
0892.000,Keser,KESER,isaretce
0901.000,Kılıç,KILIÇ,isaretce
0999.000,Kibrit,KİBRİT,isaretce
1003.000,Kilit,KİLİT,isaretce
0929.000,Kontör,KONTÖR,isaretce
0940.000,Kova,KOVA,isaretce
0949.000,Kriko,KRİKO,isaretce
0991.000,Kürdan,KÜRDAN,isaretce
0992.000,Kürek,KÜREK,isaretce
1019.000,Lastik,LASTİK,isaretce
1032.000,Makara,MAKARA,isaretce
1033.000,Makas,MAKAS,isaretce
1037.000,Mala,MALA,isaretce
1040.000,Mandal,MANDAL,isaretce
1071.000,Maşa,MAŞA,isaretce
1058.000,Matbaa,MATBAA,isaretce
1060.000,Materyal,MATERYAL,isaretce
1061.000,Matkap,MATKAP,isaretce
1082.000,Mengene,MENGENE,isaretce
1086.000,Merdiven (1. İşaret),MERDİVEN,isaretce
1086.001,Merdiven (2. İşaret),MERDİVEN,isaretce
1155.000,Mikroskop,MİKROSKOP,isaretce
1113.000,Motor,MOTOR,isaretce
1121.000,Mum,MUM,isaretce
1124.000,Musluk,MUSLUK,isaretce
1139.000,Mühür,MÜHÜR,isaretce
1219.000,Ok,OK,isaretce
1220.000,Oklava,OKLAVA,isaretce
1228.000,Olta,OLTA,isaretce
1245.000,Orak,ORAK,isaretce
1287.000,Paspas,PASPAS,isaretce
1300.000,Pense,PENSE,isaretce
1302.000,Pergel,PERGEL,isaretce
1325.000,Pil (1. İşaret),PİL,isaretce
1325.001,Pil (2. İşaret),PİL,isaretce
1311.000,Pompa,POMPA,isaretce
1319.000,Priz,PRİZ,isaretce
1322.000,Pusula,PUSULA,isaretce
1342.000,Raptiye,RAPTİYE,isaretce
1346.000,Rende,RENDE,isaretce
1400.000,Satır,SATIR,isaretce
1502.000,Silah,SİLAH,isaretce
1503.000,Silecek,SİLECEK,isaretce
1504.000,Silgi,SİLGİ,isaretce
1465.000,Sopa,SOPA,isaretce
1489.000,Sünger,SÜNGER,isaretce
1492.000,Süpürge,SÜPÜRGE,isaretce
1500.000,Süzgeç,SÜZGEÇ,isaretce
2033.000,Şiş,ŞİŞ,isaretce
1522.000,Tabanca,TABANCA,isaretce
1546.000,Tava,TAVA,isaretce
1558.000,Tebeşir,TEBEŞİR,isaretce
1563.000,Tekerlek,TEKERLEK,isaretce
1566.000,Tel,TEL,isaretce
1568.000,Telefon,TELEFON,isaretce
1581.000,Terazi (1. İşaret),TERAZİ,isaretce
1581.001,Terazi (2. İşaret),TERAZİ,isaretce
1591.000,Testere,TESTERE,isaretce
1596.000,Tır,TIR,isaretce
1598.000,Tırpan,TIRPAN,isaretce
1608.000,Torna,TORNA,isaretce
1609.000,Tornavida,TORNAVİDA,isaretce
1613.000,Traktör,TRAKTÖR,isaretce
1621.000,Tutkal,TUTKAL,isaretce
1628.000,Tüfek,TÜFEK,isaretce
1630.000,Tükenmez Kalem,TÜKENMEZ KALEM,isaretce
1918.000,Ütü,ÜTÜ,isaretce
1682.000,Vana,VANA,isaretce
1703.000,Vida,VİDA,isaretce
1705.000,Vinç,VİNÇ,isaretce
1727.000,Yapışkan,YAPIŞKAN,isaretce
1799.000,Zamk,ZAMK,isaretce
0182.000,Ağzı Kurumak,AĞZI KURUMAK,isaretce
0183.000,Ağzına Kilit Vurmak,AĞZINA KİLİT VURMAK,isaretce
0184.000,Ağzının Suyu Akmak,AĞZININ SUYU AKMAK,isaretce
0073.000,Allah Korusun,ALLAH KORUSUN,isaretce
0074.000,Allah Sabır Versin,ALLAH SABIR VERSİN,isaretce
0075.000,Allah Şifa Versin,ALLAH ŞİFA VERSİN,isaretce
0076.000,Allaha Emanet Ol,ALLAHA EMANET OL,isaretce
0145.000,Avukat Tutmak,AVUKAT TUTMAK,isaretce
0210.000,Banane,BANANE,isaretce
0237.000,Başın Sağ Olsun,BAŞIN SAĞ OLSUN,isaretce
0315.000,Bilgi Vermek,BİLGİ VERMEK,isaretce
0344.000,Can Çekmek,CAN ÇEKMEK,isaretce
0343.000,Can Vermek,CAN VERMEK,isaretce
1858.000,Çöp Toplamak,ÇÖP TOPLAMAK,isaretce
0377.000,Dalga Geçmek (1. İşaret),DALGA GEÇMEK,isaretce
0377.001,Dalga Geçmek (2. İşaret),DALGA GEÇMEK,isaretce
0436.000,Dolap Çevirmek,DOLAP ÇEVİRMEK,isaretce
0527.000,Eline Sağlık,ELİNE SAĞLIK,isaretce
0597.000,Fotoğraf Çekmek,FOTOĞRAF ÇEKMEK,isaretce
0639.000,Geçmiş Olsun,GEÇMİŞ OLSUN,isaretce
0654.000,Görüşmek Üzere,GÖRÜŞMEK ÜZERE,isaretce
0724.000,Hayırlı Olsun,HAYIRLI OLSUN,isaretce
0734.000,Helal Olsun (1. İşaret),HELAL OLSUN,isaretce
0734.001,Helal Olsun (2. İşaret),HELAL OLSUN,isaretce
0752.000,Hoş Bulduk,HOŞ BULDUK,isaretce
0753.000,Hoş Geldiniz,HOŞ GELDİNİZ,isaretce
1995.000,İçine Atmak (1. İşaret),İÇİNE ATMAK,isaretce
1995.001,İçine Atmak (2. İşaret),İÇİNE ATMAK,isaretce
0798.000,Kafaya Takmak,KAFAYA TAKMAK,isaretce
0804.000,Kalbi Kırılmak,KALBİ KIRILMAK,isaretce
0888.000,Kendinden Katmak,KENDİNDEN KATMAK,isaretce
0954.000,Kulak Dikmek,KULAK DİKMEK,isaretce
0973.000,Kusura Bakma,KUSURA BAKMA,isaretce
1034.000,Makas Almak,MAKAS ALMAK,isaretce
1879.000,Ödün Vermek,ÖDÜN VERMEK,isaretce
1902.000,Özür Dilemek,ÖZÜR DİLEMEK,isaretce
1282.000,Para Bozdurmak,PARA BOZDURMAK,isaretce
1284.000,Park Etmek,PARK ETMEK,isaretce
1355.000,Rica Etmek,RİCA ETMEK,isaretce
1385.000,Sanane,SANANE,isaretce
1427.000,Seni İlgilendirmez,SENİ İLGİLENDİRMEZ,isaretce
1426.000,Seni Seviyorum,SENİ SEVİYORUM,isaretce
1486.000,Söz Vermek,SÖZ VERMEK,isaretce
1480.000,Susup Kalmak,SUSUP KALMAK,isaretce
1496.000,Sürekli Çalışmak,SÜREKLİ ÇALIŞMAK,isaretce
1549.000,Taviz Vermek,TAVİZ VERMEK,isaretce
1639.000,Tüyleri Diken Diken Olmak,TÜYLERİ DİKEN DİKEN OLMAK,isaretce
1712.000,Yaka Silkmek,YAKA SİLKMEK,isaretce
1747.000,Yazıklar Olsun (1. İşaret),YAZIKLAR OLSUN,isaretce
1747.001,Yazıklar Olsun (2. İşaret),YAZIKLAR OLSUN,isaretce
1756.000,Yemek Pişirmek,YEMEK PİŞİRMEK,isaretce
0034.000,Abdest (1. İşaret),ABDEST,isaretce
0034.001,Abdest (2. İşaret),ABDEST,isaretce
0052.000,Ahiret,AHİRET,isaretce
0068.000,Alevi,ALEVİ,isaretce
0072.000,Allah,ALLAH,isaretce
0073.000,Allah Korusun,ALLAH KORUSUN,isaretce
0074.000,Allah Sabır Versin,ALLAH SABIR VERSİN,isaretce
0090.000,Amin,AMİN,isaretce
0155.000,Ayet,AYET,isaretce
0167.000,Azrail,AZRAİL,isaretce
0224.000,Bayram,BAYRAM,isaretce
0261.000,Besmele,BESMELE,isaretce
0331.000,Bismillah,BİSMİLLAH,isaretce
0342.000,Cami,CAMİ,isaretce
0349.000,Cehennem,CEHENNEM,isaretce
0351.000,Cemaat,CEMAAT,isaretce
0352.000,Cenaze (1. İşaret),CENAZE,isaretce
0352.001,Cenaze (2. İşaret),CENAZE,isaretce
0353.000,Cennet,CENNET,isaretce
0488.000,Din (1. İşaret),DİN,isaretce
0488.001,Din (2. İşaret),DİN,isaretce
0494.000,Diyanet,DİYANET,isaretce
0450.000,Dua,DUA,isaretce
0552.000,Ezan,EZAN,isaretce
0572.000,Farz (1. İşaret),FARZ,isaretce
0572.001,Farz (2. İşaret),FARZ,isaretce
0576.000,Fatiha,FATİHA,isaretce
0619.000,Gazi,GAZİ,isaretce
0670.000,Günah,GÜNAH,isaretce
0692.000,Hac,HAC,isaretce
0693.000,Hacı,HACI,isaretce
0729.000,Haç,HAÇ,isaretce
0707.000,Haram,HARAM,isaretce
0733.000,Helal,HELAL,isaretce
0748.000,Hoca,HOCA,isaretce
0756.000,Hristiyan,HRİSTİYAN,isaretce
0760.000,Hutbe,HUTBE,isaretce
1930.000,İbadet,İBADET,isaretce
1931.000,İblis,İBLİS,isaretce
1938.000,İftar,İFTAR,isaretce
1953.000,İmam,İMAM,isaretce
1954.000,İman,İMAN,isaretce
1966.000,İnşallah (1. İşaret),İNŞALLAH,isaretce
1966.001,İnşallah (2. İşaret),İNŞALLAH,isaretce
1969.000,İslam,İSLAM,isaretce
1973.000,İstavroz,İSTAVROZ,isaretce
0791.000,Kabe,KABE,isaretce
0793.000,Kabir (1. İşaret),KABİR,isaretce
0793.001,Kabir (2. İşaret),KABİR,isaretce
0799.000,Kafir,KAFİR,isaretce
0821.000,Kandil,KANDİL,isaretce
0899.000,Kıble,KIBLE,isaretce
0911.000,Kıyamet,KIYAMET,isaretce
1002.000,Kilise,KİLİSE,isaretce
0971.000,Kur’an,KUR’AN,isaretce
0962.000,Kurban,KURBAN,isaretce
1031.000,Mahşer,MAHŞER,isaretce
1072.000,Maşallah,MAŞALLAH,isaretce
1077.000,Melek,MELEK,isaretce
1092.000,Mescit,MESCİT,isaretce
1098.000,Mevla,MEVLA,isaretce
1099.000,Mevlit,MEVLİT,isaretce
1102.000,Mezar (1. İşaret),MEZAR,isaretce
1102.001,Mezar (2. İşaret),MEZAR,isaretce
1103.000,Mezhep,MEZHEP,isaretce
1164.000,Minare,MİNARE,isaretce
1117.000,Mucize,MUCİZE,isaretce
1123.000,Muska,MUSKA,isaretce
1136.000,Müftü,MÜFTÜ,isaretce
1143.000,Mümin,MÜMİN,isaretce
1147.000,Müslüman,MÜSLÜMAN,isaretce
1172.000,Namaz,NAMAZ,isaretce
1180.000,Nazar,NAZAR,isaretce
1252.000,Oruç,ORUÇ,isaretce
1277.000,Papa,PAPA,isaretce
1279.000,Papaz,PAPAZ,isaretce
1293.000,Peder,PEDER,isaretce
1305.000,Peygamber,PEYGAMBER,isaretce
1339.000,Ramazan,RAMAZAN,isaretce
1367.000,Sahur,SAHUR,isaretce
1415.000,Seccade,SECCADE,isaretce
1416.000,Secde (1. İşaret),SECDE,isaretce
1416.001,Secde (2. İşaret),SECDE,isaretce
1440.000,Sevap,SEVAP,isaretce
1457.000,Sırat,SIRAT,isaretce
1476.000,Sure,SURE,isaretce
1490.000,Sünnet,SÜNNET,isaretce
2016.000,Şeytan,ŞEYTAN,isaretce
2027.000,Şükür,ŞÜKÜR,isaretce
1524.000,Tabut,TABUT,isaretce
1589.000,Tespih,TESPİH,isaretce
1592.000,Tevrat,TEVRAT,isaretce
1593.000,Teyemmüm,TEYEMMÜM,isaretce
1626.000,Tövbe,TÖVBE,isaretce
1633.000,Türbe,TÜRBE,isaretce
1653.000,Umre (1. İşaret),UMRE,isaretce
1653.001,Umre (2. İşaret),UMRE,isaretce
1674.000,Vaaz,VAAZ,isaretce
1689.000,Vebal,VEBAL,isaretce
1710.000,Yahudi (1. İşaret),YAHUDİ,isaretce
1710.001,Yahudi (2. İşaret),YAHUDİ,isaretce
1734.000,Yaratmak,YARATMAK,isaretce
0047.000,Aferin,AFERİN,isaretce
0090.000,Amin,AMİN,isaretce
0402.000,Defol,DEFOL,isaretce
0524.000,Elveda,ELVEDA,isaretce
0671.000,Günaydın (1. İşaret),GÜNAYDIN,isaretce
0671.001,Günaydın (2. İşaret),GÜNAYDIN,isaretce
0671.002,Günaydın (3.İşaret),GÜNAYDIN,isaretce
1966.000,İnşallah (1. İşaret),İNŞALLAH,isaretce
1966.001,İnşallah (2. İşaret),İNŞALLAH,isaretce
0898.000,Keşke,KEŞKE,isaretce
1046.000,Manyak,MANYAK,isaretce
1072.000,Maşallah,MAŞALLAH,isaretce
1087.000,Merhaba,MERHABA,isaretce
1217.000,Oh,OH,isaretce
1218.000,Oh Olsun,OH OLSUN,isaretce
1371.000,Sakın,SAKIN,isaretce
1588.000,Teslim,TESLİM,isaretce
1746.000,Yazık (1. İşaret),YAZIK,isaretce
1746.001,Yazık (2. İşaret),YAZIK,isaretce
1761.000,Yeter,YETER,isaretce
0053.000,Ajan,AJAN,isaretce
0063.000,Aktör,AKTÖR,isaretce
0087.000,Amele,AMELE,isaretce
0103.000,Antrenör,ANTRENÖR,isaretce
0132.000,Asistan,ASİSTAN,isaretce
0125.000,Asker,ASKER,isaretce
0190.000,Aşçı,AŞÇI,isaretce
0144.000,Avukat,AVUKAT,isaretce
0198.000,Bakan,BAKAN,isaretce
0201.000,Bakkal (1. İşaret),BAKKAL,isaretce
0201.001,Bakkal (2. İşaret),BAKKAL,isaretce
0212.000,Bankacı,BANKACI,isaretce
0235.000,Başbakan (1. İşaret),BAŞBAKAN,isaretce
0235.001,Başbakan (2. İşaret),BAŞBAKAN,isaretce
0236.000,Başhekim,BAŞHEKİM,isaretce
0239.000,Başkan,BAŞKAN,isaretce
0246.000,Bekçi,BEKÇİ,isaretce
0248.000,Belediye Başkanı,BELEDİYE BAŞKANI,isaretce
0259.000,Berber,BERBER,isaretce
0347.000,Casus,CASUS,isaretce
0366.000,Cumhurbaşkanı,CUMHURBAŞKANI,isaretce
1831.000,Çavuş,ÇAVUŞ,isaretce
1843.000,Çevirmen,ÇEVİRMEN,isaretce
1848.000,Çırak,ÇIRAK,isaretce
1871.000,Çiçekçi,ÇİÇEKÇİ,isaretce
1861.000,Çiftçi,ÇİFTÇİ,isaretce
1849.000,Çoban,ÇOBAN,isaretce
0378.000,Dalgıç,DALGIÇ,isaretce
0404.000,Delege (1. İşaret),DELEGE,isaretce
0404.001,Delege (2. İşaret),DELEGE,isaretce
0413.000,Denetmen,DENETMEN,isaretce
0484.000,Dikişçi,DİKİŞÇİ,isaretce
0487.000,Dilenci,DİLENCİ,isaretce
0501.000,Dişçi,DİŞÇİ,isaretce
0432.000,Doktor (1. İşaret),DOKTOR,isaretce
0432.001,Doktor (2. İşaret),DOKTOR,isaretce
0528.000,Emekli,EMEKLİ,isaretce
0617.000,Garson,GARSON,isaretce
0628.000,General,GENERAL,isaretce
0679.000,Güreşçi,GÜREŞÇİ,isaretce
0680.000,Güvenlik Görevlisi,GÜVENLİK GÖREVLİSİ,isaretce
0695.000,Hademe,HADEME,isaretce
0699.000,Hakem,HAKEM,isaretce
0704.000,Hamal,HAMAL,isaretce
0714.000,Hasta Bakıcı,HASTA BAKICI,isaretce
0732.000,Hekim (1. İşaret),HEKİM,isaretce
0732.001,Hekim (2. İşaret),HEKİM,isaretce
0737.000,Hemşire (1. İşaret),HEMŞİRE,isaretce
0737.001,Hemşire (2. İşaret),HEMŞİRE,isaretce
0766.000,Hizmetli,HİZMETLİ,isaretce
0748.000,Hoca,HOCA,isaretce
1953.000,İmam,İMAM,isaretce
2000.000,İşçi,İŞÇİ,isaretce
1999.000,İşsiz,İŞSİZ,isaretce
0781.000,Jandarma,JANDARMA,isaretce
0806.000,Kaleci,KALECİ,isaretce
0831.000,Kaptan,KAPTAN,isaretce
0831.000,Kaptan,KAPTAN,isaretce
0854.000,Kasap,KASAP,isaretce
0866.000,Kaymakam,KAYMAKAM,isaretce
0926.000,Komutan,KOMUTAN,isaretce
0951.000,Kuaför,KUAFÖR,isaretce
0977.000,Kuyumcu,KUYUMCU,isaretce
1039.000,Manav,MANAV,isaretce
1043.000,Manken,MANKEN,isaretce
1048.000,Marangoz,MARANGOZ,isaretce
1081.000,Memur,MEMUR,isaretce
1158.000,Milletvekili,MİLLETVEKİLİ,isaretce
1163.000,Mimar,MİMAR,isaretce
1119.000,Muhtar,MUHTAR,isaretce
1131.000,Mübaşir,MÜBAŞİR,isaretce
1133.000,Müdür (1. İşaret),MÜDÜR,isaretce
1133.001,Müdür (2. İşaret),MÜDÜR,isaretce
1135.000,Müfettiş,MÜFETTİŞ,isaretce
1136.000,Müftü,MÜFTÜ,isaretce
1137.000,Mühendis,MÜHENDİS,isaretce
1148.000,Müsteşar,MÜSTEŞAR,isaretce
1204.000,Nöbetçi,NÖBETÇİ,isaretce
1215.000,Odacı,ODACI,isaretce
1263.000,Ozan,OZAN,isaretce
1905.000,Öğrenci (1. İşaret),ÖĞRENCİ,isaretce
1905.001,Öğrenci (2. İşaret),ÖĞRENCİ,isaretce
1908.000,Öğretmen (1. İşaret),ÖĞRETMEN,isaretce
1908.001,Öğretmen (2. İşaret),ÖĞRETMEN,isaretce
1273.000,Palyaço,PALYAÇO,isaretce
1279.000,Papaz,PAPAZ,isaretce
1291.000,Pazarcı,PAZARCI,isaretce
1293.000,Peder,PEDER,isaretce
1294.000,Pehlivan,PEHLİVAN,isaretce
1310.000,Polis,POLİS,isaretce
1314.000,Profesör,PROFESÖR,isaretce
1399.000,Sarraf,SARRAF,isaretce
1402.000,Savcı,SAVCI,isaretce
1418.000,Sekreter,SEKRETER,isaretce
1474.000,Subay,SUBAY,isaretce
1498.000,Sürücü,SÜRÜCÜ,isaretce
2010.000,Şair,ŞAİR,isaretce
2012.000,Şef,ŞEF,isaretce
2020.000,Şoför,ŞOFÖR,isaretce
1534.000,Talebe,TALEBE,isaretce
1534.000,Talebe (1. İşaret),TALEBE,isaretce
1534.001,Talebe (2. İşaret),TALEBE,isaretce
1560.000,Tefeci,TEFECİ,isaretce
1583.000,Tercüman,TERCÜMAN,isaretce
1587.000,Terzi,TERZİ,isaretce
1679.000,Vali,VALİ,isaretce
1694.000,Veteriner (1. İşaret),VETERİNER,isaretce
1694.001,Veteriner (2. İşaret),VETERİNER,isaretce
1785.000,Yönetmen,YÖNETMEN,isaretce
1794.000,Zabıta (1. İşaret),ZABITA,isaretce
1794.001,Zabıta (2. İşaret),ZABITA,isaretce
0181.000,Ağustos,AĞUSTOS,isaretce
0064.000,Akşam,AKŞAM,isaretce
0109.000,Aralık,ARALIK,isaretce
0124.000,Asır,ASIR,isaretce
0197.000,Bahar,BAHAR,isaretce
0292.000,Bugün,BUGÜN,isaretce
0364.000,Cuma,CUMA,isaretce
0365.000,Cumartesi (1. İşaret),CUMARTESİ,isaretce
0365.001,Cumartesi (2. İşaret),CUMARTESİ,isaretce
1829.000,Çarşamba,ÇARŞAMBA,isaretce
0375.000,Dakika,DAKİKA,isaretce
0426.000,Devre,DEVRE,isaretce
0462.000,Dönem,DÖNEM,isaretce
0469.000,Dün,DÜN,isaretce
0515.001,Ekim (2. İşaret),EKİM,isaretce
0550.000,Evvel,EVVEL,isaretce
0551.000,Eylül (1. İşaret),EYLÜL,isaretce
0551.001,Eylül (2. İşaret),EYLÜL,isaretce
0622.000,Gece,GECE,isaretce
0637.000,Geç,GEÇ,isaretce
0669.000,Gün,GÜN,isaretce
0672.000,Gündüz,GÜNDÜZ,isaretce
0696.000,Hafta,HAFTA,isaretce
0728.000,Haziran (1. İşaret),HAZİRAN,isaretce
0728.001,Haziran (2. İşaret),HAZİRAN,isaretce
0740.000,Her Gün,HER GÜN,isaretce
1951.000,İlkbahar,İLKBAHAR,isaretce
0855.000,Kasım (1. İşaret),KASIM,isaretce
0855.001,Kasım (2. İşaret),KASIM,isaretce
0915.000,Kış,KIŞ,isaretce
0948.000,Kronik,KRONİK,isaretce
1051.000,Mart (1. İşaret),MART,isaretce
1051.001,Mart (2. İşaret),MART,isaretce
1064.000,Mayıs,MAYIS,isaretce
1100.000,Mevsim (1. İşaret),MEVSİM,isaretce
1100.001,Mevsim (2. İşaret),MEVSİM,isaretce
1132.000,Müddet,MÜDDET,isaretce
1208.000,Nisan,NİSAN,isaretce
1214.000,Ocak,OCAK,isaretce
1904.000,Öğle,ÖĞLE,isaretce
1888.000,Önce,ÖNCE,isaretce
1290.000,Pazar,PAZAR,isaretce
1292.000,Pazartesi,PAZARTESİ,isaretce
1304.000,Perşembe,PERŞEMBE,isaretce
1339.000,Ramazan,RAMAZAN,isaretce
1358.000,Saat,SAAT,isaretce
1359.000,Sabah,SABAH,isaretce
1367.000,Sahur,SAHUR,isaretce
1379.000,Salı (1. İşaret),SALI,isaretce
1379.001,Salı (2. İşaret),SALI,isaretce
1392.000,Saniye,SANİYE,isaretce
1424.000,Sene,SENE,isaretce
1463.000,Sonbahar (1. İşaret),SONBAHAR,isaretce
1463.001,Sonbahar (2. İşaret),SONBAHAR,isaretce
1464.000,Sonra,SONRA,isaretce
1494.000,Süre,SÜRE,isaretce
1497.000,Süreğen,SÜREĞEN,isaretce
1495.000,Sürekli,SÜREKLİ,isaretce
2030.000,Şimdi,ŞİMDİ,isaretce
2023.000,Şubat (1. İşaret),ŞUBAT,isaretce
2023.001,Şubat (2. İşaret),ŞUBAT,isaretce
1572.000,Temmuz,TEMMUZ,isaretce
1678.000,Vakit,VAKİT,isaretce
1737.000,Yarın,YARIN,isaretce
1745.000,Yaz,YAZ,isaretce
1770.000,Yıl,YIL,isaretce
1772.000,Yılbaşı,YILBAŞI,isaretce
1797.000,Zaman,ZAMAN,isaretce
0043.000,Adana,ADANA,isaretce
0044.000,Adıyaman,ADIYAMAN,isaretce
0050.000,Afyonkarahisar,AFYONKARAHİSAR,isaretce
0179.000,Ağrı,AĞRI,isaretce
0061.000,Aksaray,AKSARAY,isaretce
0085.000,Amasya,AMASYA,isaretce
0094.000,Ankara,ANKARA,isaretce
0101.000,Antalya,ANTALYA,isaretce
0112.000,Ardahan (1. İşaret),ARDAHAN,isaretce
0112.001,Ardahan (2. İşaret),ARDAHAN,isaretce
0121.000,Artvin (1. İşaret),ARTVİN,isaretce
0121.001,Artvin (2. İşaret),ARTVİN,isaretce
0154.000,Aydın,AYDIN,isaretce
0205.000,Balıkesir,BALIKESİR,isaretce
0215.000,Bartın,BARTIN,isaretce
0221.000,Batman,BATMAN,isaretce
0313.000,Bilecik,BİLECİK,isaretce
0320.000,Bingöl,BİNGÖL,isaretce
0335.000,Bitlis,BİTLİS,isaretce
0274.000,Bolu,BOLU,isaretce
0298.000,Burdur,BURDUR,isaretce
0299.000,Bursa,BURSA,isaretce
1821.000,Çanakkale (1. İşaret),ÇANAKKALE,isaretce
1821.001,Çanakkale (2. İşaret),ÇANAKKALE,isaretce
1822.000,Çankırı,ÇANKIRI,isaretce
1854.000,Çorum,ÇORUM,isaretce
0415.000,Denizli,DENİZLİ,isaretce
0495.000,Diyarbakır,DİYARBAKIR,isaretce
0473.000,Düzce,DÜZCE,isaretce
0507.000,Edirne (1. İşaret),EDİRNE,isaretce
0507.001,Edirne (2. İşaret),EDİRNE,isaretce
0518.000,Elazığ,ELAZIĞ,isaretce
0537.000,Erzincan,ERZİNCAN,isaretce
0536.000,Erzurum,ERZURUM,isaretce
0540.000,Eskişehir,ESKİŞEHİR,isaretce
0620.000,Gaziantep,GAZİANTEP,isaretce
0686.000,Giresun,GİRESUN,isaretce
0668.000,Gümüşhane,GÜMÜŞHANE,isaretce
0700.000,Hakkari (1. İşaret),HAKKARİ,isaretce
0700.001,Hakkari (2. İşaret),HAKKARİ,isaretce
0716.000,Hatay,HATAY,isaretce
0778.000,Iğdır,IĞDIR,isaretce
0776.000,Isparta,ISPARTA,isaretce
1991.000,İçel,İÇEL,isaretce
1972.000,İstanbul,İSTANBUL,isaretce
1989.000,İzmir,İZMİR,isaretce
1990.000,İzmit,İZMİT,isaretce
0801.000,Kahramanmaraş,KAHRAMANMARAŞ,isaretce
0834.000,Karabük,KARABÜK,isaretce
0837.000,Karaman (1. İşaret),KARAMAN,isaretce
0837.001,Karaman (2. İşaret),KARAMAN,isaretce
0848.000,Kars (1. İşaret),KARS,isaretce
0848.001,Kars (2. İşaret),KARS,isaretce
0856.000,Kastamonu,KASTAMONU,isaretce
0867.000,Kayseri,KAYSERİ,isaretce
0902.000,Kırıkkale,KIRIKKALE,isaretce
0904.000,Kırklareli,KIRKLARELİ,isaretce
0908.000,Kırşehir,KIRŞEHİR,isaretce
0917.000,Kocaeli,KOCAELİ,isaretce
0933.000,Konya,KONYA,isaretce
0995.000,Kütahya,KÜTAHYA,isaretce
1038.000,Malatya,MALATYA,isaretce
1047.000,Manisa,MANİSA,isaretce
1049.000,Mardin,MARDİN,isaretce
1090.000,Mersin,MERSİN,isaretce
1128.000,Muğla,MUĞLA,isaretce
1129.000,Muş (1. İşaret),MUŞ,isaretce
1129.001,Muş (2. İşaret),MUŞ,isaretce
1194.000,Nevşehir,NEVŞEHİR,isaretce
1211.000,Niğde,NİĞDE,isaretce
1247.000,Ordu,ORDU,isaretce
1253.000,Osmaniye,OSMANİYE,isaretce
1356.000,Rize,RİZE,isaretce
1369.000,Sakarya,SAKARYA,isaretce
1382.000,Samsun,SAMSUN,isaretce
1519.000,Siirt,SİİRT,isaretce
1509.000,Sinop,SİNOP,isaretce
1512.000,Sivas,SİVAS,isaretce
2007.000,Şanlıurfa,ŞANLIURFA,isaretce
1565.000,Tekirdağ,TEKİRDAĞ,isaretce
1602.000,Tokat,TOKAT,isaretce
1611.000,Trabzon,TRABZON,isaretce
1618.000,Tunceli,TUNCELİ,isaretce
1672.000,Uşak,UŞAK,isaretce
1681.000,Van,VAN,isaretce
1720.000,Yalova,YALOVA,isaretce
1779.000,Yozgat,YOZGAT,isaretce
1810.000,Zonguldak (1. İşaret),ZONGULDAK,isaretce
1810.001,Zonguldak (2. İşaret),ZONGULDAK,isaretce
0036.000,Acayip,ACAYİP,isaretce
0037.000,Acele,ACELE,isaretce
0038.000,Acemi,ACEMİ,isaretce
0168.000,Aç,AÇ,isaretce
0169.000,Açgözlü,AÇGÖZLÜ,isaretce
0170.000,Açık,AÇIK,isaretce
0171.000,Açıkgöz,AÇIKGÖZ,isaretce
0046.000,Adi,ADİ,isaretce
0176.000,Ağır,AĞIR,isaretce
0186.000,Ait,AİT,isaretce
0056.000,Akıllı,AKILLI,isaretce
0057.000,Akılsız,AKILSIZ,isaretce
0083.000,Alçak,ALÇAK,isaretce
0104.000,Ani,ANİ,isaretce
0105.000,Aptal,APTAL,isaretce
0109.000,Aralık,ARALIK,isaretce
0123.000,Asabi,ASABİ,isaretce
0134.000,Atılgan,ATILGAN,isaretce
0161.000,Aynı,AYNI,isaretce
0164.000,Az,AZ,isaretce
0233.000,Başarılı (1. İşaret),BAŞARILI,isaretce
0233.001,Başarılı (2. İşaret),BAŞARILI,isaretce
0234.000,Başarısız (1. İşaret),BAŞARISIZ,isaretce
0234.001,Başarısız (2. İşaret),BAŞARISIZ,isaretce
0238.000,Başka,BAŞKA,isaretce
0222.000,Bayat (1. İşaret),BAYAT,isaretce
0222.001,Bayat (2. İşaret),BAYAT,isaretce
0226.000,Bazı,BAZI,isaretce
0242.000,Bedava,BEDAVA,isaretce
0253.000,Bencil,BENCİL,isaretce
0255.000,Benzer,BENZER,isaretce
0326.000,Biraz,BİRAZ,isaretce
0328.000,Birçok,BİRÇOK,isaretce
0330.000,Birinci,BİRİNCİ,isaretce
0275.000,Bonkör,BONKÖR,isaretce
0286.000,Boş (1. İşaret),BOŞ,isaretce
0286.001,Boş (2. İşaret),BOŞ,isaretce
0282.000,Bozuk,BOZUK,isaretce
0308.000,Bütün,BÜTÜN,isaretce
0309.000,Büyük,BÜYÜK,isaretce
0340.000,Cahil,CAHİL,isaretce
0345.000,Canlı (1. İşaret),CANLI,isaretce
0345.001,Canlı (2. İşaret),CANLI,isaretce
0346.000,Cansız,CANSIZ,isaretce
0361.000,Cılız,CILIZ,isaretce
0370.000,Ciddi,CİDDİ,isaretce
0371.000,Cimri,CİMRİ,isaretce
0367.000,Cömert,CÖMERT,isaretce
1815.000,Çabuk,ÇABUK,isaretce
1817.000,Çalışkan,ÇALIŞKAN,isaretce
1824.000,Çapraz,ÇAPRAZ,isaretce
1847.000,Çıplak,ÇIPLAK,isaretce
1860.000,Çift,ÇİFT,isaretce
1866.000,Çirkin,ÇİRKİN,isaretce
1851.000,Çok,ÇOK,isaretce
1859.000,Çürük,ÇÜRÜK,isaretce
0397.000,Dağınık,DAĞINIK,isaretce
0389.000,Dar,DAR,isaretce
0390.000,Dargın,DARGIN,isaretce
0393.000,Dayanıklı,DAYANIKLI,isaretce
0428.000,Değerli,DEĞERLİ,isaretce
0430.000,Değişik,DEĞİŞİK,isaretce
0405.000,Deli,DELİ,isaretce
0499.000,Diğer,DİĞER,isaretce
0445.000,Doğal,DOĞAL,isaretce
0447.000,Doğru,DOĞRU,isaretce
0439.000,Dolu,DOLU,isaretce
0471.000,Dürüst,DÜRÜST,isaretce
0472.000,Düz,DÜZ,isaretce
0475.000,Düzgün,DÜZGÜN,isaretce
0506.000,Edepli (1. İşaret),EDEPLİ,isaretce
0506.001,Edepli (2. İşaret),EDEPLİ,isaretce
0508.000,Efendi,EFENDİ,isaretce
0557.000,Eğri,EĞRİ,isaretce
0511.000,Ekonomik,EKONOMİK,isaretce
0513.000,Eksik,EKSİK,isaretce
0516.000,Ekşi,EKŞİ,isaretce
0526.000,Eli Açık,ELİ AÇIK,isaretce
0525.000,Elverişli,ELVERİŞLİ,isaretce
0530.000,Engelli,ENGELLİ,isaretce
0539.000,Eski,ESKİ,isaretce
0541.000,Esmer,ESMER,isaretce
0564.000,Eşit,EŞİT,isaretce
0547.000,Evli,EVLİ,isaretce
0549.000,Evrensel,EVRENSEL,isaretce
0555.000,Ezik,EZİK,isaretce
0569.000,Fakir,FAKİR,isaretce
0571.000,Farklı,FARKLI,isaretce
0578.000,Fazla,FAZLA,isaretce
0584.000,Fena,FENA,isaretce
0599.000,Fukara,FUKARA,isaretce
0615.000,Galip,GALİP,isaretce
0621.000,Gebe,GEBE,isaretce
0629.000,Genç,GENÇ,isaretce
0627.000,Genel,GENEL,isaretce
0630.000,Geniş,GENİŞ,isaretce
0631.000,Gerekli (1. İşaret),GEREKLİ,isaretce
0631.001,Gerekli (2. İşaret),GEREKLİ,isaretce
0634.000,Geveze,GEVEZE,isaretce
0651.000,Görgülü,GÖRGÜLÜ,isaretce
0684.000,Güçlü,GÜÇLÜ,isaretce
0683.000,Güzel,GÜZEL,isaretce
0697.000,Hafif,HAFİF,isaretce
0730.000,Hain,HAİN,isaretce
0706.000,Hamile,HAMİLE,isaretce
0709.000,Harika,HARİKA,isaretce
0710.000,Harikulade,HARİKULADE,isaretce
0712.000,Haset,HASET,isaretce
0719.000,Havalı,HAVALI,isaretce
0726.000,Hazır,HAZIR,isaretce
0733.000,Helal,HELAL,isaretce
0747.000,Hızlı,HIZLI,isaretce
0759.000,Hususi,HUSUSİ,isaretce
0769.000,Ilık,ILIK,isaretce
0774.000,Islak,ISLAK,isaretce
0774.000,Islak,ISLAK,isaretce
1939.000,İhtiyar,İHTİYAR,isaretce
1942.000,İkinci,İKİNCİ,isaretce
1943.000,İkiyüzlü,İKİYÜZLÜ,isaretce
1944.000,İkiz,İKİZ,isaretce
1949.000,İlginç (1. İşaret),İLGİNÇ,isaretce
1949.001,İlginç (2. İşaret),İLGİNÇ,isaretce
1955.000,İmansız,İMANSIZ,isaretce
1982.000,İyi,İYİ,isaretce
0787.000,Kaba,KABA,isaretce
0874.000,Kaç (1. İşaret),KAÇ,isaretce
0874.001,Kaç (2. İşaret),KAÇ,isaretce
0800.000,Kahraman,KAHRAMAN,isaretce
0809.000,Kalın,KALIN,isaretce
0827.000,Kapalı,KAPALI,isaretce
0844.000,Karışık,KARIŞIK,isaretce
0852.000,Karşıt (1. İşaret),KARŞIT,isaretce
0852.001,Karşıt (2. İşaret),KARŞIT,isaretce
0882.000,Kel,KEL,isaretce
0895.000,Kesin,KESİN,isaretce
0909.000,Kısa,KISA,isaretce
0910.000,Kıskanç,KISKANÇ,isaretce
0998.000,Kibar,KİBAR,isaretce
1008.000,Kirli,KİRLİ,isaretce
0918.000,Kocaman,KOCAMAN,isaretce
0922.000,Kolay,KOLAY,isaretce
0927.000,Komik,KOMİK,isaretce
0925.000,Kompetan,KOMPETAN,isaretce
0987.000,Kör,KÖR,isaretce
0988.000,Kötü,KÖTÜ,isaretce
0964.000,Kurnaz,KURNAZ,isaretce
0968.000,Kuru,KURU,isaretce
0996.000,Küçük,KÜÇÜK,isaretce
0993.000,Küskün,KÜSKÜN,isaretce
1021.000,Lazım,LAZIM,isaretce
1070.000,Mağlup (1. İşaret),MAĞLUP,isaretce
1070.001,Mağlup (2. İşaret),MAĞLUP,isaretce
1073.000,Mecbur,MECBUR,isaretce
1080.000,Memnun,MEMNUN,isaretce
1106.000,Meşhur,MEŞHUR,isaretce
1104.000,Mezun,MEZUN,isaretce
1159.000,Milli,MİLLİ,isaretce
1109.000,Moda,MODA,isaretce
1122.000,Muntazam,MUNTAZAM,isaretce
1125.000,Mutlu (1. İşaret),MUTLU,isaretce
1125.001,Mutlu (2. İşaret),MUTLU,isaretce
1134.000,Müeddep (1. İşaret),MÜEDDEP,isaretce
1134.001,Müeddep (2. İşaret),MÜEDDEP,isaretce
1140.000,Mühim (1. İşaret),MÜHİM,isaretce
1140.001,Mühim (2. İşaret),MÜHİM,isaretce
1141.000,Mükemmel,MÜKEMMEL,isaretce
1142.000,Mümkün,MÜMKÜN,isaretce
1144.000,Münasebetsiz,MÜNASEBETSİZ,isaretce
1145.000,Münasip,MÜNASİP,isaretce
1146.000,Müsait,MÜSAİT,isaretce
1149.000,Mütehassıs,MÜTEHASSIS,isaretce
1170.000,Nadim,NADİM,isaretce
1173.000,Namlı,NAMLI,isaretce
1174.000,Namünasip,NAMÜNASİP,isaretce
1176.000,Nankör,NANKÖR,isaretce
1183.000,Nazik,NAZİK,isaretce
1190.000,Nemli,NEMLİ,isaretce
1198.000,Noksan,NOKSAN,isaretce
1199.000,Normal (1. İşaret),NORMAL,isaretce
1199.001,Normal (2. İşaret),NORMAL,isaretce
1203.000,Numaracı,NUMARACI,isaretce
1213.000,Obur,OBUR,isaretce
1225.000,Olabilir,OLABİLİR,isaretce
1227.000,Olmaz,OLMAZ,isaretce
1251.000,Ortopedik,ORTOPEDİK,isaretce
1256.000,Otomatik,OTOMATİK,isaretce
1875.000,Öbür,ÖBÜR,isaretce
1880.000,Ödünç,ÖDÜNÇ,isaretce
1883.000,Öksüz,ÖKSÜZ,isaretce
1889.000,Önemli (1. İşaret),ÖNEMLİ,isaretce
1889.001,Önemli (2. İşaret),ÖNEMLİ,isaretce
1897.000,Öteki,ÖTEKİ,isaretce
1899.000,Özel,ÖZEL,isaretce
1268.000,Pahalı,PAHALI,isaretce
1307.000,Peşin,PEŞİN,isaretce
1328.000,Pis,PİS,isaretce
1331.000,Pişman,PİŞMAN,isaretce
1323.000,Pürüzsüz,PÜRÜZSÜZ,isaretce
1349.000,Rezil (1. İşaret),REZİL,isaretce
1349.001,Rezil (2. İşaret),REZİL,isaretce
1409.000,Saçma,SAÇMA,isaretce
1364.000,Saf,SAF,isaretce
1410.000,Sağ,SAĞ,isaretce
1410.000,Sağ (1. İşaret),SAĞ,isaretce
1410.001,Sağ (2. İşaret),SAĞ,isaretce
1411.000,Sağır,SAĞIR,isaretce
1412.000,Sağlam,SAĞLAM,isaretce
1366.000,Sahte,SAHTE,isaretce
1370.000,Sakat,SAKAT,isaretce
1374.000,Sakin,SAKİN,isaretce
1375.000,Salak,SALAK,isaretce
1383.000,Samimi,SAMİMİ,isaretce
1393.000,Sapık (1. İşaret),SAPIK,isaretce
1393.001,Sapık (2. İşaret),SAPIK,isaretce
1398.000,Sarışın,SARIŞIN,isaretce
1407.000,Sayın,SAYIN,isaretce
1430.000,Serbest,SERBEST,isaretce
1437.000,Serin,SERİN,isaretce
1433.000,Serseri,SERSERİ,isaretce
1434.000,Sert,SERT,isaretce
1439.000,Sessiz (1. İşaret),SESSİZ,isaretce
1439.001,Sessiz (2. İşaret),SESSİZ,isaretce
1448.000,Sıcak,SICAK,isaretce
1451.000,Sıkışık,SIKIŞIK,isaretce
1456.000,Sıradan,SIRADAN,isaretce
1459.000,Sıska,SISKA,isaretce
1514.000,Sivil,SİVİL,isaretce
1513.000,Sivri,SİVRİ,isaretce
1471.000,Soğuk,SOĞUK,isaretce
1460.000,Sol,SOL,isaretce
1462.000,Son,SON,isaretce
1491.000,Süper,SÜPER,isaretce
1497.000,Süreğen,SÜREĞEN,isaretce
1495.000,Sürekli,SÜREKLİ,isaretce
2017.000,Şık,ŞIK,isaretce
2018.000,Şımarık,ŞIMARIK,isaretce
2035.000,Şişman,ŞİŞMAN,isaretce
2026.000,Şöhretli,ŞÖHRETLİ,isaretce
1535.000,Tam,TAM,isaretce
1536.000,Tamam (1. İşaret),TAMAM,isaretce
1536.001,Tamam (2. İşaret),TAMAM,isaretce
1554.000,Taze,TAZE,isaretce
1571.000,Tembel,TEMBEL,isaretce
1573.000,Temiz,TEMİZ,isaretce
1576.000,Tenha,TENHA,isaretce
1582.000,Terbiyeli,TERBİYELİ,isaretce
1586.000,Ters,TERS,isaretce
1644.000,Titiz,TİTİZ,isaretce
1599.000,Tok,TOK,isaretce
1617.000,Tuhaf,TUHAF,isaretce
1623.000,Tutuklu,TUTUKLU,isaretce
1648.000,Ucuz,UCUZ,isaretce
1649.000,Ufak,UFAK,isaretce
1650.000,Ukala,UKALA,isaretce
1652.000,Uluslararası (1. İşaret),ULUSLARARASI,isaretce
1652.001,Uluslararası (2. İşaret),ULUSLARARASI,isaretce
1654.000,Umumi,UMUMİ,isaretce
1658.000,Uslu (1. İşaret),USLU,isaretce
1658.001,Uslu (2. İşaret),USLU,isaretce
1662.000,Uygun,UYGUN,isaretce
1663.000,Uygunsuz,UYGUNSUZ,isaretce
1665.000,Uyuşturucu,UYUŞTURUCU,isaretce
1666.000,Uzak,UZAK,isaretce
1668.000,Uzman,UZMAN,isaretce
1669.000,Uzun,UZUN,isaretce
1926.000,Üçüncü,ÜÇÜNCÜ,isaretce
1912.000,Ümitsiz,ÜMİTSİZ,isaretce
1913.000,Ünlü,ÜNLÜ,isaretce
1919.000,Üvey,ÜVEY,isaretce
1920.000,Üzgün,ÜZGÜN,isaretce
1684.000,Var,VAR,isaretce
1685.000,Varlıklı,VARLIKLI,isaretce
1702.000,Vicdansız,VİCDANSIZ,isaretce
1714.000,Yakın,YAKIN,isaretce
1715.000,Yakışıklı,YAKIŞIKLI,isaretce
1718.000,Yalnız,YALNIZ,isaretce
1733.000,Yaramaz,YARAMAZ,isaretce
1736.000,Yarım,YARIM,isaretce
1750.000,Yaş,YAŞ,isaretce
1752.000,Yaşlı,YAŞLI,isaretce
1741.000,Yavaş,YAVAŞ,isaretce
1753.000,Yedek,YEDEK,isaretce
1759.000,Yeni,YENİ,isaretce
1761.000,Yeter,YETER,isaretce
1775.000,Yok,YOK,isaretce
1776.000,Yoksul,YOKSUL,isaretce
1781.000,Yumuşak,YUMUŞAK,isaretce
1795.000,Zalim (1. İşaret),ZALİM,isaretce
1795.001,Zalim (2. İşaret),ZALİM,isaretce
1803.000,Zayıf,ZAYIF,isaretce
1804.000,Zeki,ZEKİ,isaretce
1806.000,Zengin,ZENGİN,isaretce
1809.000,Zıt (1. İşaret),ZIT,isaretce
1809.001,Zıt (2. İşaret),ZIT,isaretce
0045.000,Adliye,ADLİYE,isaretce
0092.000,Anayasa,ANAYASA,isaretce
0144.000,Avukat,AVUKAT,isaretce
0145.000,Avukat Tutmak,AVUKAT TUTMAK,isaretce
0391.000,Dava,DAVA,isaretce
0409.000,Demokrasi (1. İşaret),DEMOKRASİ,isaretce
0409.001,Demokrasi (2. İşaret),DEMOKRASİ,isaretce
0425.000,Devlet,DEVLET,isaretce
0486.000,Dilekçe,DİLEKÇE,isaretce
0442.000,Dosya,DOSYA,isaretce
0694.000,Haciz,HACİZ,isaretce
0698.000,Hak,HAK,isaretce
0758.000,Hukuk,HUKUK,isaretce
1932.000,İcra,İCRA,isaretce
1933.000,İdam,İDAM,isaretce
1936.000,İfade,İFADE,isaretce
1937.000,İflas,İFLAS,isaretce
0826.000,Kanun,KANUN,isaretce
0838.000,Karar,KARAR,isaretce
0928.000,Kontrat,KONTRAT,isaretce
1029.000,Mahkeme,MAHKEME,isaretce
1036.000,Mal,MAL,isaretce
1157.000,Millet,MİLLET,isaretce
1158.000,Milletvekili,MİLLETVEKİLİ,isaretce
1167.000,Miras (1. İşaret),MİRAS,isaretce
1167.001,Miras (2. İşaret),MİRAS,isaretce
1120.000,Mukavele,MUKAVELE,isaretce
1131.000,Mübaşir,MÜBAŞİR,isaretce
1171.000,Nafaka,NAFAKA,isaretce
1206.000,Nikah,NİKAH,isaretce
1202.000,Noter,NOTER,isaretce
1205.000,Nüfus Cüzdanı,NÜFUS CÜZDANI,isaretce
1261.000,Oy,OY,isaretce
1890.000,Önerge,ÖNERGE,isaretce
1341.000,Rapor,RAPOR,isaretce
1360.000,Sabıka,SABIKA,isaretce
1402.000,Savcı,SAVCI,isaretce
1403.000,Savunma,SAVUNMA,isaretce
1447.000,Seçim,SEÇİM,isaretce
1501.000,Sicil,SİCİL,isaretce
1487.000,Sözleşme,SÖZLEŞME,isaretce
1481.000,Suç (1. İşaret),SUÇ,isaretce
1481.001,Suç (2. İşaret),SUÇ,isaretce
2003.000,Şahit,ŞAHİT,isaretce
1527.000,Tahliye (1. İşaret),TAHLİYE,isaretce
1527.001,Tahliye (2. İşaret),TAHLİYE,isaretce
1542.000,Tapu,TAPU,isaretce
1555.000,Tazminat,TAZMİNAT,isaretce
1623.000,Tutuklu,TUTUKLU,isaretce
1738.000,Yasa,YASA,isaretce
1784.000,Yönetmelik,YÖNETMELİK,isaretce
0060.000,Akrep (1. İşaret),AKREP,isaretce
0060.001,Akrep (2. İşaret),AKREP,isaretce
0113.000,Arı,ARI,isaretce
0127.000,Aslan,ASLAN,isaretce
0133.000,At,AT,isaretce
0156.000,Ayı (1. İşaret),AYI,isaretce
0156.001,Ayı (2. İşaret),AYI,isaretce
0204.000,Balık,BALIK,isaretce
0333.000,Bit,BİT,isaretce
0283.000,Boğa,BOĞA,isaretce
0305.000,Böcek,BÖCEK,isaretce
0372.000,Civciv,CİVCİV,isaretce
1836.000,Çekirge,ÇEKİRGE,isaretce
0385.000,Dana,DANA,isaretce
0392.000,Davar,DAVAR,isaretce
0424.000,Deve,DEVE,isaretce
0441.000,Domuz,DOMUZ,isaretce
0560.000,Eşek,EŞEK,isaretce
0570.000,Fare,FARE,isaretce
0603.000,Fil,FİL,isaretce
0592.000,Fok (1. İşaret),FOK,isaretce
0592.001,Fok (2. İşaret),FOK,isaretce
0613.000,Gaga,GAGA,isaretce
0635.000,Geyik,GEYİK,isaretce
0682.000,Güvercin (1. İşaret),GÜVERCİN,isaretce
0682.001,Güvercin (2. İşaret),GÜVERCİN,isaretce
0705.000,Hamsi,HAMSİ,isaretce
0731.000,Haşere,HAŞERE,isaretce
0725.000,Hayvan,HAYVAN,isaretce
0763.000,Hindi,HİNDİ,isaretce
0750.000,Horoz,HOROZ,isaretce
1961.000,İnek,İNEK,isaretce
1979.000,İt,İT,isaretce
0780.000,Jaguar,JAGUAR,isaretce
0823.000,Kanguru,KANGURU,isaretce
0829.000,Kaplan,KAPLAN,isaretce
0830.000,Kaplumbağa (1. İşaret),KAPLUMBAĞA,isaretce
0830.001,Kaplumbağa (2. İşaret),KAPLUMBAĞA,isaretce
0841.000,Karga,KARGA,isaretce
0843.000,Karınca,KARINCA,isaretce
0849.000,Kartal,KARTAL,isaretce
0868.000,Kaz,KAZ,isaretce
0897.000,Keçi,KEÇİ,isaretce
0880.000,Kedi,KEDİ,isaretce
0883.000,Kelebek,KELEBEK,isaretce
1009.000,Kirpi,KİRPİ,isaretce
0944.000,Koç,KOÇ,isaretce
0943.000,Koyun,KOYUN,isaretce
0986.000,Köpek,KÖPEK,isaretce
0963.000,Kurbağa,KURBAĞA,isaretce
0966.000,Kurt,KURT,isaretce
0981.000,Kuş,KUŞ,isaretce
1022.000,Leylek,LEYLEK,isaretce
1065.000,Maymun,MAYMUN,isaretce
1154.000,Midye,MİDYE,isaretce
1884.000,Öküz,ÖKÜZ,isaretce
1894.000,Ördek,ÖRDEK,isaretce
1896.000,Örümcek,ÖRÜMCEK,isaretce
1280.000,Papağan,PAPAĞAN,isaretce
1299.000,Penguen,PENGUEN,isaretce
1326.000,Pire,PİRE,isaretce
1506.000,Sinek,SİNEK,isaretce
1461.000,Solucan,SOLUCAN,isaretce
1550.000,Tavşan,TAVŞAN,isaretce
1547.000,Tavuk,TAVUK,isaretce
1548.000,Tavus Kuşu,TAVUS KUŞU,isaretce
1641.000,Tilki,TİLKİ,isaretce
1642.000,Timsah,TİMSAH,isaretce
1757.000,Yengeç,YENGEÇ,isaretce
1771.000,Yılan,YILAN,isaretce
1813.000,Zürafa,ZÜRAFA,isaretce
0062.000,Akse,AKSE,isaretce
0088.000,Ameliyat,AMELİYAT,isaretce
0129.000,Aspirin,ASPİRİN,isaretce
0130.000,Astım,ASTIM,isaretce
0187.000,Aşı,AŞI,isaretce
0211.000,Bandaj,BANDAJ,isaretce
0231.000,Baş Ağrısı,BAŞ AĞRISI,isaretce
0232.000,Baş Dönmesi,BAŞ DÖNMESİ,isaretce
1873.000,Çiş,ÇİŞ,isaretce
0419.000,Derece (1. İşaret),DERECE,isaretce
0419.001,Derece (2. İşaret),DERECE,isaretce
0501.000,Dişçi,DİŞÇİ,isaretce
0449.000,Doğum,DOĞUM,isaretce
0432.000,Doktor (1. İşaret),DOKTOR,isaretce
0432.001,Doktor (2. İşaret),DOKTOR,isaretce
0503.000,Ebe,EBE,isaretce
0504.000,Eczane (1. İşaret),ECZANE,isaretce
0504.001,Eczane (2. İşaret),ECZANE,isaretce
0531.000,Enjektör,ENJEKTÖR,isaretce
0582.000,Felç,FELÇ,isaretce
0621.000,Gebe,GEBE,isaretce
0662.000,Gözlük,GÖZLÜK,isaretce
0644.000,Grip,GRİP,isaretce
0706.000,Hamile,HAMİLE,isaretce
0713.000,Hasta (1. İşaret),HASTA,isaretce
0713.001,Hasta (2. İşaret),HASTA,isaretce
0714.000,Hasta Bakıcı,HASTA BAKICI,isaretce
0715.000,Hastane,HASTANE,isaretce
0732.000,Hekim (1. İşaret),HEKİM,isaretce
0732.001,Hekim (2. İşaret),HEKİM,isaretce
1935.000,İdrar,İDRAR,isaretce
1945.000,İlaç,İLAÇ,isaretce
1950.000,İlk Yardım,İLK YARDIM,isaretce
0789.000,Kabakulak,KABAKULAK,isaretce
0813.000,Kalp Krizi,KALP KRİZİ,isaretce
0817.000,Kan,KAN,isaretce
0824.000,Kanser (1. İşaret),KANSER,isaretce
0824.001,Kanser (2. İşaret),KANSER,isaretce
0890.000,Kepek,KEPEK,isaretce
0913.000,Kızamık,KIZAMIK,isaretce
0987.000,Kör,KÖR,isaretce
0950.000,Kriz,KRİZ,isaretce
0948.000,Kronik,KRONİK,isaretce
0952.000,Kuduz,KUDUZ,isaretce
1089.000,Merhem,MERHEM,isaretce
1116.000,Muayene,MUAYENE,isaretce
1169.000,Nabız,NABIZ,isaretce
1187.000,Nefes,NEFES,isaretce
1195.000,Nezle,NEZLE,isaretce
1251.000,Ortopedik,ORTOPEDİK,isaretce
1882.000,Öksürmek,ÖKSÜRMEK,isaretce
1341.000,Rapor,RAPOR,isaretce
1354.000,Röntgen,RÖNTGEN,isaretce
1411.000,Sağır,SAĞIR,isaretce
1413.000,Sağlık,SAĞLIK,isaretce
1370.000,Sakat,SAKAT,isaretce
1387.000,Sancı,SANCI,isaretce
1394.000,Sargı,SARGI,isaretce
1417.000,Sedye,SEDYE,isaretce
1435.000,Serum,SERUM,isaretce
1515.000,Sivilce,SİVİLCE,isaretce
1490.000,Sünnet,SÜNNET,isaretce
2019.000,Şırınga,ŞIRINGA,isaretce
2029.000,Şifa,ŞİFA,isaretce
2035.000,Şişman,ŞİŞMAN,isaretce
2024.000,Şurup,ŞURUP,isaretce
1526.000,Tahlil,TAHLİL,isaretce
1540.000,Tansiyon Aleti,TANSİYON ALETİ,isaretce
1559.000,Tedavi,TEDAVİ,isaretce
1627.000,Tüberküloz,TÜBERKÜLOZ,isaretce
1690.000,Verem,VEREM,isaretce
1706.000,Virüs,VİRÜS,isaretce
1707.000,Vitamin,VİTAMİN,isaretce
1731.000,Yara,YARA,isaretce
1732.000,Yara Bandı,YARA BANDI,isaretce
1803.000,Zayıf,ZAYIF,isaretce
0049.000,Afrika,AFRİKA,isaretce
0078.000,Almanya,ALMANYA,isaretce
0089.000,Amerika,AMERİKA,isaretce
0108.000,Arabistan,ARABİSTAN,isaretce
0114.000,Arjantin,ARJANTİN,isaretce
0117.000,Arnavutluk,ARNAVUTLUK,isaretce
0131.000,Asya,ASYA,isaretce
0143.000,Avrupa,AVRUPA,isaretce
0146.000,Avustralya,AVUSTRALYA,isaretce
0147.000,Avusturya,AVUSTURYA,isaretce
0166.000,Azerbaycan,AZERBAYCAN,isaretce
0251.000,Belçika (1. İşaret),BELÇİKA,isaretce
0251.001,Belçika (2. İşaret),BELÇİKA,isaretce
0277.000,Bosna Hersek,BOSNA HERSEK,isaretce
0289.000,Brezilya,BREZİLYA,isaretce
0293.000,Bulgaristan,BULGARİSTAN,isaretce
0359.000,Cezayir,CEZAYİR,isaretce
1864.000,Çin (1. İşaret),ÇİN,isaretce
1864.001,Çin (2. İşaret),ÇİN,isaretce
0388.000,Danimarka,DANİMARKA,isaretce
0529.000,Endonezya,ENDONEZYA,isaretce
0534.000,Ermenistan,ERMENİSTAN,isaretce
0543.000,Estonya,ESTONYA,isaretce
0573.000,Fas,FAS,isaretce
0607.000,Finlandiya,FİNLANDİYA,isaretce
0598.000,Fransa,FRANSA,isaretce
0674.000,Güney Afrika,GÜNEY AFRİKA,isaretce
0675.000,Güney Kore,GÜNEY KORE,isaretce
0677.000,Gürcistan,GÜRCİSTAN,isaretce
0764.000,Hindistan,HİNDİSTAN,isaretce
0749.000,Hollanda,HOLLANDA,isaretce
0770.000,Irak (1. İşaret),IRAK,isaretce
0770.001,Irak (2. İşaret),IRAK,isaretce
1962.000,İngitere,İNGİTERE,isaretce
1967.000,İran (1. İşaret),İRAN,isaretce
1967.001,İran (2. İşaret),İRAN,isaretce
1970.000,İspanya,İSPANYA,isaretce
1971.000,İsrail,İSRAİL,isaretce
1977.000,İsveç (1. İşaret),İSVEÇ,isaretce
1977.001,İsveç (2. İşaret),İSVEÇ,isaretce
1978.000,İsviçre,İSVİÇRE,isaretce
1980.000,İtalya,İTALYA,isaretce
0783.000,Japonya,JAPONYA,isaretce
0818.000,Kanada,KANADA,isaretce
0889.000,Kenya,KENYA,isaretce
0900.000,Kıbrıs,KIBRIS,isaretce
0976.000,Kuveyt,KUVEYT,isaretce
0980.000,Kuzey Kore,KUZEY KORE,isaretce
1028.000,Macaristan,MACARİSTAN,isaretce
1075.000,Meksika,MEKSİKA,isaretce
1200.000,Norveç (1. İşaret),NORVEÇ,isaretce
1200.001,Norveç (2. İşaret),NORVEÇ,isaretce
1271.000,Pakistan,PAKİSTAN,isaretce
1303.000,Peru,PERU,isaretce
1309.000,Polonya (1. İşaret),POLONYA,isaretce
1309.001,Polonya (2. İşaret),POLONYA,isaretce
1313.000,Portekiz (1. İşaret),PORTEKİZ,isaretce
1313.001,Portekiz (2. İşaret),PORTEKİZ,isaretce
1352.000,Romanya,ROMANYA,isaretce
1353.000,Rusya,RUSYA,isaretce
1477.000,Suriye,SURİYE,isaretce
1551.000,Tayland,TAYLAND,isaretce
1552.000,Tayvan,TAYVAN,isaretce
1636.000,Türkiye,TÜRKİYE,isaretce
1651.000,Ukrayna,UKRAYNA,isaretce
1782.000,Yunanistan,YUNANİSTAN,isaretce
0091.000,Anaokulu,ANAOKULU,isaretce
0363.000,Coğrafya,COĞRAFYA,isaretce
0420.000,Ders,DERS,isaretce
0421.000,Ders Programı,DERS PROGRAMI,isaretce
0422.000,Dershane,DERSHANE,isaretce
0491.000,Diploma,DİPLOMA,isaretce
0442.000,Dosya,DOSYA,isaretce
0505.000,Edebiyat,EDEBİYAT,isaretce
0566.000,Faaliyet,FAALİYET,isaretce
0568.000,Fakülte,FAKÜLTE,isaretce
0581.000,Felsefe,FELSEFE,isaretce
0583.000,Fen Bilgisi,FEN BİLGİSİ,isaretce
0610.000,Fizik,FİZİK,isaretce
0593.000,Forma,FORMA,isaretce
0638.000,Geçmek,GEÇMEK,isaretce
1952.000,İlkokul,İLKOKUL,isaretce
1957.000,İmtihan (1. İşaret),İMTİHAN,isaretce
1957.001,İmtihan (2. İşaret),İMTİHAN,isaretce
1997.000,İşaret Dili (1. İşaret),İŞARET DİLİ,isaretce
1997.001,İşaret Dili (2. İşaret),İŞARET DİLİ,isaretce
0795.000,Kadro,KADRO,isaretce
0807.000,Kalem,KALEM,isaretce
0808.000,Kalemtıraş,KALEMTIRAŞ,isaretce
0811.000,Kalmak,KALMAK,isaretce
0846.000,Karne (1. İşaret),KARNE,isaretce
0846.001,Karne (2. İşaret),KARNE,isaretce
1006.000,Kimya,KİMYA,isaretce
1011.000,Kitap,KİTAP,isaretce
0930.000,Konu (1. İşaret),KONU,isaretce
0930.001,Konu (2. İşaret),KONU,isaretce
0935.000,Kopya,KOPYA,isaretce
0956.000,Kulüp,KULÜP,isaretce
0965.000,Kurs,KURS,isaretce
1026.000,Lise,LİSE,isaretce
1059.000,Matematik,MATEMATİK,isaretce
1105.000,Mezuniyet,MEZUNİYET,isaretce
1155.000,Mikroskop,MİKROSKOP,isaretce
1201.000,Not,NOT,isaretce
1221.000,Okul,OKUL,isaretce
1250.000,Ortaokul (1. İşaret),ORTAOKUL,isaretce
1250.001,Ortaokul (2. İşaret),ORTAOKUL,isaretce
1877.000,Ödev,ÖDEV,isaretce
1905.000,Öğrenci (1. İşaret),ÖĞRENCİ,isaretce
1905.001,Öğrenci (2. İşaret),ÖĞRENCİ,isaretce
1891.000,Önlük,ÖNLÜK,isaretce
1895.000,Örnek,ÖRNEK,isaretce
1315.000,Program,PROGRAM,isaretce
1316.000,Proje,PROJE,isaretce
1317.000,Projeksiyon,PROJEKSİYON,isaretce
1320.000,Psikoloji,PSİKOLOJİ,isaretce
1321.000,Puan,PUAN,isaretce
1423.000,Seminer,SEMİNER,isaretce
1444.000,Seviye,SEVİYE,isaretce
1453.000,Sınav (1. İşaret),SINAV,isaretce
1453.001,Sınav (2. İşaret),SINAV,isaretce
1454.000,Sınıf,SINIF,isaretce
1468.000,Sosyal Bilgiler,SOSYAL BİLGİLER,isaretce
1488.000,Sözlük,SÖZLÜK,isaretce
1473.000,Staj,STAJ,isaretce
1529.000,Takdir,TAKDİR,isaretce
1534.000,Talebe (1. İşaret),TALEBE,isaretce
1534.001,Talebe (2. İşaret),TALEBE,isaretce
1558.000,Tebeşir,TEBEŞİR,isaretce
1575.000,Teneffüs (1. İşaret),TENEFFÜS,isaretce
1575.001,Teneffüs (2. İşaret),TENEFFÜS,isaretce
1575.002,Teneffüs (3. İşaret),TENEFFÜS,isaretce
1590.000,Test (1. İşaret),TEST,isaretce
1590.001,Test (2. İşaret),TEST,isaretce
1634.000,Türk İşaret Dili,TÜRK İŞARET DİLİ,isaretce
1635.000,Türkçe,TÜRKÇE,isaretce
1914.000,Üniversite,ÜNİVERSİTE,isaretce
0040.000,Acımak,ACIMAK,isaretce
0122.000,Arzu Etmek (1. İşaret),ARZU ETMEK,isaretce
0122.001,Arzu Etmek (2. İşaret),ARZU ETMEK,isaretce
0189.000,Aşk,AŞK,isaretce
0157.000,Ayıp (1. İşaret),AYIP,isaretce
0157.001,Ayıp (2. İşaret),AYIP,isaretce
0165.000,Azap,AZAP,isaretce
0297.000,Bunalmak,BUNALMAK,isaretce
0355.000,Cesaret,CESARET,isaretce
0480.000,Dikkat,DİKKAT,isaretce
0457.000,Duygu,DUYGU,isaretce
0645.000,Gurur,GURUR,isaretce
0666.000,Gülmek,GÜLMEK,isaretce
0712.000,Haset,HASET,isaretce
0743.000,Heyecan,HEYECAN,isaretce
0762.000,Hiddetlenmek,HİDDETLENMEK,isaretce
0761.000,Hürmet,HÜRMET,isaretce
1965.000,İntikam,İNTİKAM,isaretce
0896.000,Keyif,KEYİF,isaretce
0910.000,Kıskanç,KISKANÇ,isaretce
0914.000,Kızmak,KIZMAK,isaretce
0998.000,Kibar,KİBAR,isaretce
1000.000,Kibir,KİBİR,isaretce
0936.000,Korkmak,KORKMAK,isaretce
0937.000,Korku,KORKU,isaretce
0982.000,Kuşku,KUŞKU,isaretce
1080.000,Memnun,MEMNUN,isaretce
1084.000,Merak,MERAK,isaretce
1088.000,Merhamet (1. İşaret),MERHAMET,isaretce
1088.001,Merhamet (2. İşaret),MERHAMET,isaretce
1125.000,Mutlu (1. İşaret),MUTLU,isaretce
1125.001,Mutlu (2. İşaret),MUTLU,isaretce
1126.000,Mutluluk (1. İşaret),MUTLULUK,isaretce
1126.001,Mutluluk (2. İşaret),MUTLULUK,isaretce
1183.000,Nazik,NAZİK,isaretce
1188.000,Nefret (1. İşaret),NEFRET,isaretce
1188.001,Nefret (2. İşaret),NEFRET,isaretce
1196.000,Neşe,NEŞE,isaretce
1217.000,Oh,OH,isaretce
1903.000,Öç,ÖÇ,isaretce
1881.000,Öfkelenmek,ÖFKELENMEK,isaretce
1900.000,Özlem,ÖZLEM,isaretce
1901.000,Özlemek,ÖZLEMEK,isaretce
1276.000,Panik,PANİK,isaretce
1331.000,Pişman,PİŞMAN,isaretce
1337.000,Rahat,RAHAT,isaretce
1361.000,Sabır,SABIR,isaretce
1383.000,Samimi,SAMİMİ,isaretce
1405.000,Saygı (1. İşaret),SAYGI,isaretce
1405.001,Saygı (2. İşaret),SAYGI,isaretce
1441.000,Sevgi,SEVGİ,isaretce
1443.000,Sevinç,SEVİNÇ,isaretce
1450.000,Sıkılmak,SIKILMAK,isaretce
1510.000,Sinirlenmek,SİNİRLENMEK,isaretce
2011.000,Şaşırmak,ŞAŞIRMAK,isaretce
2027.000,Şükür,ŞÜKÜR,isaretce
2028.000,Şüphe,ŞÜPHE,isaretce
1639.000,Tüyleri Diken Diken Olmak,TÜYLERİ DİKEN DİKEN OLMAK,isaretce
1655.000,Umut,UMUT,isaretce
1660.000,Utanç,UTANÇ,isaretce
1659.000,Utanmak,UTANMAK,isaretce
1915.000,Ürpermek,ÜRPERMEK,isaretce
1923.000,Üzüntü,ÜZÜNTÜ,isaretce
1701.000,Vicdan,VİCDAN,isaretce
1746.000,Yazık (1. İşaret),YAZIK,isaretce
1746.001,Yazık (2. İşaret),YAZIK,isaretce
0033.000,Abartmak,ABARTMAK,isaretce
0039.000,Acıkmak,ACIKMAK,isaretce
0040.000,Acımak,ACIMAK,isaretce
0172.000,Açıklamak,AÇIKLAMAK,isaretce
0173.000,Açmak,AÇMAK,isaretce
0048.000,Affetmek (1. İşaret),AFFETMEK,isaretce
0048.001,Affetmek (2. İşaret),AFFETMEK,isaretce
0178.000,Ağlamak,AĞLAMAK,isaretce
0180.000,Ağrımak,AĞRIMAK,isaretce
0058.000,Aklına Gelmek,AKLINA GELMEK,isaretce
0066.000,Aldatmak (1. İşaret),ALDATMAK,isaretce
0066.001,Aldatmak (2. İşaret),ALDATMAK,isaretce
0067.000,Aldırmamak,ALDIRMAMAK,isaretce
0070.000,Alışmak,ALIŞMAK,isaretce
0077.000,Almak,ALMAK,isaretce
0095.000,Anlamak,ANLAMAK,isaretce
0096.000,Anlamamak,ANLAMAMAK,isaretce
0098.000,Anlaşma,ANLAŞMA,isaretce
0097.000,Anlatmak,ANLATMAK,isaretce
0110.000,Aramak,ARAMAK,isaretce
0111.000,Araştırmak,ARAŞTIRMAK,isaretce
0122.000,Arzu Etmek (1. İşaret),ARZU ETMEK,isaretce
0122.001,Arzu Etmek (2. İşaret),ARZU ETMEK,isaretce
0128.000,Asmak,ASMAK,isaretce
0188.000,Aşık Olmak (1. İşaret),AŞIK OLMAK,isaretce
0188.001,Aşık Olmak (2. İşaret),AŞIK OLMAK,isaretce
0136.000,Atlamak,ATLAMAK,isaretce
0139.000,Atmak,ATMAK,isaretce
0145.000,Avukat Tutmak,AVUKAT TUTMAK,isaretce
0158.000,Ayırmak,AYIRMAK,isaretce
0159.000,Ayırtmak,AYIRTMAK,isaretce
0162.000,Ayrılmak,AYRILMAK,isaretce
0227.000,Bağırmak,BAĞIRMAK,isaretce
0229.000,Bağlamak (1. İşaret),BAĞLAMAK,isaretce
0229.001,Bağlamak (2. İşaret),BAĞLAMAK,isaretce
0200.000,Bakışmak,BAKIŞMAK,isaretce
0203.000,Bakmak,BAKMAK,isaretce
0214.000,Barışmak,BARIŞMAK,isaretce
0218.000,Basmak,BASMAK,isaretce
0240.000,Başlamak,BAŞLAMAK,isaretce
0220.000,Batmak,BATMAK,isaretce
0223.000,Bayılmak,BAYILMAK,isaretce
0265.000,Beğenmek,BEĞENMEK,isaretce
0245.000,Beklemek,BEKLEMEK,isaretce
0254.000,Benzemek,BENZEMEK,isaretce
0269.000,Bıkmak,BIKMAK,isaretce
0270.000,Bırakmak,BIRAKMAK,isaretce
0317.000,Bilmek,BİLMEK,isaretce
0318.000,Bilmemek,BİLMEMEK,isaretce
0321.000,Binmek,BİNMEK,isaretce
0329.000,Biriktirmek,BİRİKTİRMEK,isaretce
0336.000,Bitmek,BİTMEK,isaretce
0285.000,Boğmak,BOĞMAK,isaretce
0287.000,Boş Vermek,BOŞ VERMEK,isaretce
0288.000,Boşanmak,BOŞANMAK,isaretce
0281.000,Bozmak,BOZMAK,isaretce
0291.000,Budamak,BUDAMAK,isaretce
0294.000,Bulmak,BULMAK,isaretce
0296.000,Buluşmak,BULUŞMAK,isaretce
0297.000,Bunalmak,BUNALMAK,isaretce
0301.000,Buruşturmak,BURUŞTURMAK,isaretce
0307.000,Bükmek,BÜKMEK,isaretce
1833.000,Çağırmak,ÇAĞIRMAK,isaretce
1818.000,Çalışmak,ÇALIŞMAK,isaretce
1819.000,Çalmak,ÇALMAK,isaretce
1826.000,Çarpışmak,ÇARPIŞMAK,isaretce
1834.000,Çekmek,ÇEKMEK,isaretce
1842.000,Çevirmek,ÇEVİRMEK,isaretce
1846.000,Çıkmak,ÇIKMAK,isaretce
1872.000,Çiğnemek,ÇİĞNEMEK,isaretce
1856.000,Çömelmek,ÇÖMELMEK,isaretce
0379.000,Dalmak,DALMAK,isaretce
0386.000,Danışmak,DANIŞMAK,isaretce
0395.000,Dayılanmak,DAYILANMAK,isaretce
0401.000,Defetmek,DEFETMEK,isaretce
0429.000,Değiştirmek,DEĞİŞTİRMEK,isaretce
0406.000,Demek,DEMEK,isaretce
0407.000,Demlemek,DEMLEMEK,isaretce
0412.000,Denemek,DENEMEK,isaretce
0417.000,Derdest etmek,DERDEST ETMEK,isaretce
0427.000,Devretmek,DEVRETMEK,isaretce
0483.000,Dikizlemek,DİKİZLEMEK,isaretce
0481.000,Dikkat Çekmek,DİKKAT ÇEKMEK,isaretce
0482.000,Dikmek,DİKMEK,isaretce
0489.000,Dinlemek,DİNLEMEK,isaretce
0490.000,Dinlenmek,DİNLENMEK,isaretce
0492.000,Direnmek,DİRENMEK,isaretce
0498.000,Dizilmek,DİZİLMEK,isaretce
0446.000,Doğmak,DOĞMAK,isaretce
0433.000,Dokunmak,DOKUNMAK,isaretce
0438.000,Dolaşmak,DOLAŞMAK,isaretce
0443.000,Doymak,DOYMAK,isaretce
0460.000,Dökmek,DÖKMEK,isaretce
0461.000,Döndürmek,DÖNDÜRMEK,isaretce
0464.000,Dövmek,DÖVMEK,isaretce
0465.000,Dövüşmek,DÖVÜŞMEK,isaretce
0454.000,Durmak,DURMAK,isaretce
0458.000,Duymak,DUYMAK,isaretce
0477.000,Düşmek,DÜŞMEK,isaretce
0478.000,Düşünmek,DÜŞÜNMEK,isaretce
0474.000,Düzenlemek,DÜZENLEMEK,isaretce
0558.000,Eğilmek,EĞİLMEK,isaretce
0509.000,Ekmek,EKMEK,isaretce
0521.000,Elemek,ELEMEK,isaretce
0535.000,Ertelemek,ERTELEMEK,isaretce
0542.000,Esnemek,ESNEMEK,isaretce
0561.000,Eşmek,EŞMEK,isaretce
0546.000,Evlenmek,EVLENMEK,isaretce
0553.000,Ezberlemek,EZBERLEMEK,isaretce
0554.000,Ezmek,EZMEK,isaretce
0608.000,Firar Etmek,FİRAR ETMEK,isaretce
0623.000,Gecikmek,GECİKMEK,isaretce
0638.000,Geçmek,GEÇMEK,isaretce
0638.000,Geçmek,GEÇMEK,isaretce
0625.000,Gelişmek,GELİŞMEK,isaretce
0624.000,Gelmek,GELMEK,isaretce
0633.000,Getirmek,GETİRMEK,isaretce
0636.000,Gezmek,GEZMEK,isaretce
0687.000,Girmek,GİRMEK,isaretce
0688.000,Gitmek,GİTMEK,isaretce
0690.000,Giyinmek,GİYİNMEK,isaretce
0689.000,Giymek,GİYMEK,isaretce
0652.000,Görmek,GÖRMEK,isaretce
0653.000,Görüşmek,GÖRÜŞMEK,isaretce
0656.000,Göstermek,GÖSTERMEK,isaretce
0657.000,Götürmek,GÖTÜRMEK,isaretce
0660.000,Gözetlemek,GÖZETLEMEK,isaretce
0661.000,Gözlemek,GÖZLEMEK,isaretce
0666.000,Gülmek,GÜLMEK,isaretce
0681.000,Güvenmek,GÜVENMEK,isaretce
0708.000,Harcamak,HARCAMAK,isaretce
0717.000,Hatırlamak,HATIRLAMAK,isaretce
0727.000,Hazırlamak,HAZIRLAMAK,isaretce
0745.000,Hırsızlık Etmek,HIRSIZLIK ETMEK,isaretce
0762.000,Hiddetlenmek,HİDDETLENMEK,isaretce
0765.000,Hissetmek,HİSSETMEK,isaretce
0754.000,Hoşlanmak,HOŞLANMAK,isaretce
0772.000,Isınmak,ISINMAK,isaretce
0773.000,Isırmak,ISIRMAK,isaretce
1992.000,İçmek,İÇMEK,isaretce
1996.000,İğnelemek,İĞNELEMEK,isaretce
1948.000,İlgilenmek,İLGİLENMEK,isaretce
1956.000,İmrenmek,İMRENMEK,isaretce
1958.000,İnanmak,İNANMAK,isaretce
1959.000,İnanmamak,İNANMAMAK,isaretce
1963.000,İnmek,İNMEK,isaretce
1974.000,İstemek,İSTEMEK,isaretce
1975.000,İstememek,İSTEMEMEK,isaretce
1976.000,İstifra Etmek,İSTİFRA ETMEK,isaretce
1998.000,İşemek,İŞEMEK,isaretce
2001.000,İşitmek,İŞİTMEK,isaretce
1981.000,İtmek,İTMEK,isaretce
1988.000,İzlemek,İZLEMEK,isaretce
0875.000,Kaçmak,KAÇMAK,isaretce
0810.000,Kalkmak,KALKMAK,isaretce
0811.000,Kalmak,KALMAK,isaretce
0811.000,Kalmak,KALMAK,isaretce
0820.000,Kandırmak (1. İşaret),KANDIRMAK,isaretce
0820.001,Kandırmak (2. İşaret),KANDIRMAK,isaretce
0845.000,Karışmamak,KARIŞMAMAK,isaretce
0851.000,Karşılaşmak,KARŞILAŞMAK,isaretce
0879.000,Kaşınmak,KAŞINMAK,isaretce
0857.000,Katlamak,KATLAMAK,isaretce
0861.000,Kavuşmak,KAVUŞMAK,isaretce
0870.000,Kazanmak,KAZANMAK,isaretce
0871.000,Kazımak,KAZIMAK,isaretce
0873.000,Kazmak,KAZMAK,isaretce
0893.000,Kesmek,KESMEK,isaretce
0905.000,Kırmak (1. İşaret),KIRMAK,isaretce
0905.001,Kırmak (2. İşaret),KIRMAK,isaretce
0914.000,Kızmak,KIZMAK,isaretce
1004.000,Kilitlemek (1. İşaret),KİLİTLEMEK,isaretce
1004.001,Kilitlemek (2. İşaret),KİLİTLEMEK,isaretce
0931.000,Konuşabilmek,KONUŞABİLMEK,isaretce
0932.000,Konuşmak,KONUŞMAK,isaretce
0934.000,Koparmak,KOPARMAK,isaretce
0936.000,Korkmak,KORKMAK,isaretce
0939.000,Korumak,KORUMAK,isaretce
0945.000,Koşmak,KOŞMAK,isaretce
0941.000,Kovmak,KOVMAK,isaretce
0942.000,Koymak,KOYMAK,isaretce
0955.000,Kullanmak (1. İşaret),KULLANMAK,isaretce
0955.001,Kullanmak (2. İşaret),KULLANMAK,isaretce
0967.000,Kurtarmak,KURTARMAK,isaretce
0970.000,Kurutmak,KURUTMAK,isaretce
0972.000,Kusmak,KUSMAK,isaretce
0974.000,Kutlamak,KUTLAMAK,isaretce
0997.000,Küçümsemek,KÜÇÜMSEMEK,isaretce
0994.000,Küsmek,KÜSMEK,isaretce
1094.000,Methetmek,METHETMEK,isaretce
1182.000,Nazlanmak,NAZLANMAK,isaretce
1224.000,Okşamak,OKŞAMAK,isaretce
1222.000,Okumak,OKUMAK,isaretce
1226.000,Olmak,OLMAK,isaretce
1241.000,Onaylamak,ONAYLAMAK,isaretce
1258.000,Oturmak,OTURMAK,isaretce
1262.000,Oynamak,OYNAMAK,isaretce
1876.000,Ödemek,ÖDEMEK,isaretce
1878.000,Ödeşmek,ÖDEŞMEK,isaretce
1881.000,Öfkelenmek,ÖFKELENMEK,isaretce
1906.000,Öğrenmek (1. İşaret),ÖĞRENMEK,isaretce
1906.001,Öğrenmek (2. İşaret),ÖĞRENMEK,isaretce
1907.000,Öğretmek,ÖĞRETMEK,isaretce
1882.000,Öksürmek,ÖKSÜRMEK,isaretce
1886.000,Ölçmek,ÖLÇMEK,isaretce
1885.000,Ölmek,ÖLMEK,isaretce
1892.000,Öpmek,ÖPMEK,isaretce
1893.000,Öpüşmek,ÖPÜŞMEK,isaretce
1898.000,Övmek,ÖVMEK,isaretce
1901.000,Özlemek,ÖZLEMEK,isaretce
1270.000,Paketlemek,PAKETLEMEK,isaretce
1332.000,Pişirmek,PİŞİRMEK,isaretce
1343.000,Rastlamak,RASTLAMAK,isaretce
1372.000,Saklamak,SAKLAMAK,isaretce
1377.000,Saldırmak,SALDIRMAK,isaretce
1381.000,Sallamak,SALLAMAK,isaretce
1390.000,Sanmak,SANMAK,isaretce
1396.000,Sarılmak,SARILMAK,isaretce
1401.000,Satmak,SATMAK,isaretce
1438.000,Seslenmek,SESLENMEK,isaretce
1442.000,Sevmek,SEVMEK,isaretce
1445.000,Seyretmek,SEYRETMEK,isaretce
1446.000,Sezmek,SEZMEK,isaretce
1450.000,Sıkılmak,SIKILMAK,isaretce
1452.000,Sıkmak,SIKMAK,isaretce
1505.000,Silmek,SİLMEK,isaretce
1510.000,Sinirlenmek,SİNİRLENMEK,isaretce
1466.000,Sormak,SORMAK,isaretce
1469.000,Soyunmak,SOYUNMAK,isaretce
1482.000,Söndürmek,SÖNDÜRMEK,isaretce
1483.000,Sönmek,SÖNMEK,isaretce
1484.000,Söylemek,SÖYLEMEK,isaretce
1485.000,Söylememek,SÖYLEMEMEK,isaretce
1478.000,Susamak,SUSAMAK,isaretce
1479.000,Susmak,SUSMAK,isaretce
2011.000,Şaşırmak,ŞAŞIRMAK,isaretce
2036.000,Şişirmek,ŞİŞİRMEK,isaretce
1531.000,Takmak,TAKMAK,isaretce
1537.000,Tanımak,TANIMAK,isaretce
1538.000,Tanımamak,TANIMAMAK,isaretce
1539.000,Tanışmak,TANIŞMAK,isaretce
1541.000,Tapmak,TAPMAK,isaretce
1543.000,Tartışmak,TARTIŞMAK,isaretce
1544.000,Tartmak,TARTMAK,isaretce
1557.000,Taşınmak,TAŞINMAK,isaretce
1584.000,Tercih Etmek,TERCİH ETMEK,isaretce
1595.000,Teşekkür Etmek (1. İşaret),TEŞEKKÜR ETMEK,isaretce
1595.001,Teşekkür Etmek (2. İşaret),TEŞEKKÜR ETMEK,isaretce
1601.000,Tokalaşmak,TOKALAŞMAK,isaretce
1603.000,Tokuşmak,TOKUŞMAK,isaretce
1605.000,Toplamak,TOPLAMAK,isaretce
1605.000,Toplamak,TOPLAMAK,isaretce
1622.000,Tutmak,TUTMAK,isaretce
1629.000,Tükenmek,TÜKENMEK,isaretce
1631.000,Tükürmek,TÜKÜRMEK,isaretce
1637.000,Tütmek,TÜTMEK,isaretce
1671.000,Uçmak,UÇMAK,isaretce
1656.000,Unutmak,UNUTMAK,isaretce
1657.000,Usanmak,USANMAK,isaretce
1659.000,Utanmak,UTANMAK,isaretce
1661.000,Uyanmak,UYANMAK,isaretce
1664.000,Uyumak,UYUMAK,isaretce
1911.000,Üflemek,ÜFLEMEK,isaretce
1915.000,Ürpermek,ÜRPERMEK,isaretce
1927.000,Üşümek,ÜŞÜMEK,isaretce
1921.000,Üzülmek,ÜZÜLMEK,isaretce
1686.000,Vazgeçmek (1. İşaret),VAZGEÇMEK,isaretce
1686.001,Vazgeçmek (2. İşaret),VAZGEÇMEK,isaretce
1692.000,Vermek,VERMEK,isaretce
1699.000,Vurmak,VURMAK,isaretce
1712.000,Yaka Silkmek,YAKA SİLKMEK,isaretce
1713.000,Yakalamak,YAKALAMAK,isaretce
1716.000,Yakışmak,YAKIŞMAK,isaretce
1717.000,Yakmak,YAKMAK,isaretce
1721.000,Yalvarmak,YALVARMAK,isaretce
1724.000,Yanılmak,YANILMAK,isaretce
1728.000,Yapmak,YAPMAK,isaretce
1729.000,Yapmamak,YAPMAMAK,isaretce
1734.000,Yaratmak,YARATMAK,isaretce
1751.000,Yaşamak,YAŞAMAK,isaretce
1744.000,Yaymak,YAYMAK,isaretce
1748.000,Yazmak,YAZMAK,isaretce
1760.000,Yenilmek,YENİLMEK,isaretce
1758.000,Yenmek,YENMEK,isaretce
1762.000,Yetmek,YETMEK,isaretce
1763.000,Yetmemek,YETMEMEK,isaretce
1767.000,Yıkamak,YIKAMAK,isaretce
1768.000,Yıkanmak,YIKANMAK,isaretce
1769.000,Yıkmak,YIKMAK,isaretce
1774.000,Yırtmak,YIRTMAK,isaretce
1777.000,Yorulmak,YORULMAK,isaretce
1783.000,Yönetmek,YÖNETMEK,isaretce
1786.000,Yükselmek,YÜKSELMEK,isaretce
1788.000,Yürümek,YÜRÜMEK,isaretce
1790.000,Yüzmek,YÜZMEK,isaretce
1800.000,Zannetmek,ZANNETMEK,isaretce
1808.000,Zımparalamak,ZIMPARALAMAK,isaretce
1811.000,Zor,ZOR,isaretce
1812.000,Zorlamak,ZORLAMAK,isaretce
0107.000,Araba,ARABA,isaretce
0249.000,Belediye Otobüsü,BELEDİYE OTOBÜSÜ,isaretce
0332.000,Bisiklet,BİSİKLET,isaretce
0411.000,Demir Yolu (1. İşaret),DEMİR YOLU,isaretce
0411.001,Demir Yolu (2. İşaret),DEMİR YOLU,isaretce
0452.000,Durak,DURAK,isaretce
0626.000,Gemi,GEMİ,isaretce
0718.000,Havaalanı,HAVAALANI,isaretce
0720.000,Havalimanı,HAVALİMANI,isaretce
0735.000,Helikopter,HELİKOPTER,isaretce
0816.000,Kamyon,KAMYON,isaretce
0862.000,Kayak,KAYAK,isaretce
0863.000,Kayık,KAYIK,isaretce
1096.000,Metro,METRO,isaretce
1097.000,Metrobüs (1. İşaret),METROBÜS,isaretce
1097.001,Metrobüs (2. İşaret),METROBÜS,isaretce
1166.000,Minibüs,MİNİBÜS,isaretce
1114.000,Motorsiklet,MOTORSİKLET,isaretce
1255.000,Otobüs,OTOBÜS,isaretce
1257.000,Otomobil,OTOMOBİL,isaretce
1344.000,Ray,RAY,isaretce
1436.000,Servis,SERVİS,isaretce
1532.000,Taksi (1. İşaret),TAKSİ,isaretce
1532.001,Taksi (2. İşaret),TAKSİ,isaretce
1553.000,Tayyare,TAYYARE,isaretce
1567.000,Teleferik,TELEFERİK,isaretce
1612.000,Trafik,TRAFİK,isaretce
1614.000,Tramvay,TRAMVAY,isaretce
1615.000,Tren,TREN,isaretce
1616.000,Tren Yolu,TREN YOLU,isaretce
1670.000,Uçak,UÇAK,isaretce
1677.000,Vagon,VAGON,isaretce
1683.000,Vapur,VAPUR,isaretce
1742.000,Yaya,YAYA,isaretce
0141.000,Avea,AVEA,isaretce
0316.000,Bilgisayar,BİLGİSAYAR,isaretce
0348.000,CD,CD,isaretce
0567.000,Faks,FAKS,isaretce
0595.000,Fotokopi,FOTOKOPİ,isaretce
0602.000,Füze,FÜZE,isaretce
1964.000,İnternet,İNTERNET,isaretce
1018.000,Laptop,LAPTOP,isaretce
1155.000,Mikroskop,MİKROSKOP,isaretce
1111.000,Monitör,MONİTÖR,isaretce
1334.000,Radar,RADAR,isaretce
1335.000,Radyo,RADYO,isaretce
1350.000,Roket,ROKET,isaretce
2009.000,Şarj,ŞARJ,isaretce
1568.000,Telefon,TELEFON,isaretce
1569.000,Televizyon,TELEVİZYON,isaretce
1570.000,Telsiz,TELSİZ,isaretce
1619.000,Turkcell,TURKCELL,isaretce
1697.000,Vodafone,VODAFONE,isaretce
1778.000,Youtube,YOUTUBE,isaretce
0081.000,Altın,ALTIN,isaretce
0199.000,Bakır,BAKIR,isaretce
0256.000,Benzin,BENZİN,isaretce
1865.000,Çinko,ÇİNKO,isaretce
0410.000,Demir,DEMİR,isaretce
0618.000,Gaz,GAZ,isaretce
0667.000,Gümüş,GÜMÜŞ,isaretce
0919.000,Kokain,KOKAİN,isaretce
0985.000,Kömür,KÖMÜR,isaretce
1014.000,Laboratuvar,LABORATUVAR,isaretce
1050.000,Margarin,MARGARİN,isaretce
1067.000,Mazot,MAZOT,isaretce
1115.000,Motorin,MOTORİN,isaretce
1325.000,Pil (1. İşaret),PİL,isaretce
1325.001,Pil (2. İşaret),PİL,isaretce
1362.000,Sabun,SABUN,isaretce
1507.000,Sinek İlacı,SİNEK İLACI,isaretce
1643.000,Tiner,TİNER,isaretce
1624.000,Tuz,TUZ,isaretce
0119.000,Artı,ARTI,isaretce
0306.000,Bölme,BÖLME,isaretce
1825.000,Çarpı,ÇARPI,isaretce
1827.000,Çarpma,ÇARPMA,isaretce
1838.000,Çember,ÇEMBER,isaretce
1845.000,Çıkarma,ÇIKARMA,isaretce
0398.000,Daire,DAİRE,isaretce
0479.000,Dikdörtgen,DİKDÖRTGEN,isaretce
0557.000,Eğri,EĞRİ,isaretce
0512.000,Eksi,EKSİ,isaretce
0742.000,Hesap,HESAP,isaretce
0874.000,Kaç (1. İşaret),KAÇ,isaretce
0874.001,Kaç (2. İşaret),KAÇ,isaretce
0840.000,Kare,KARE,isaretce
1059.000,Matematik,MATEMATİK,isaretce
1095.000,Metre,METRE,isaretce
1246.000,Oran,ORAN,isaretce
1283.000,Paralel,PARALEL,isaretce
1302.000,Pergel,PERGEL,isaretce
1391.000,Santimetre,SANTİMETRE,isaretce
1406.000,Sayı (1. İşaret),SAYI,isaretce
1406.001,Sayı (2. İşaret),SAYI,isaretce
1528.000,Tahmin,TAHMİN,isaretce
1605.000,Toplamak,TOPLAMAK,isaretce
1925.000,Üçgen,ÜÇGEN,isaretce
0160.000,Ayna,AYNA,isaretce
0267.000,Beşik (1. İşaret),BEŞİK,isaretce
0267.001,Beşik (2. İşaret),BEŞİK,isaretce
0271.000,Bıçak,BIÇAK,isaretce
0302.000,Buzdolabı,BUZDOLABI,isaretce
0341.000,Cam,CAM,isaretce
0356.000,Cetvel,CETVEL,isaretce
0360.000,Cezve,CEZVE,isaretce
0362.000,Cop,COP,isaretce
0369.000,Cüzdan,CÜZDAN,isaretce
1820.000,Çamaşır Makinesi,ÇAMAŞIR MAKİNESİ,isaretce
1828.000,Çarşaf,ÇARŞAF,isaretce
1830.000,Çatal,ÇATAL,isaretce
1832.000,Çaydanlık,ÇAYDANLIK,isaretce
1835.000,Çekyat,ÇEKYAT,isaretce
1844.000,Çeyiz,ÇEYİZ,isaretce
1857.000,Çöp Kutusu,ÇÖP KUTUSU,isaretce
0374.000,Daktilo,DAKTİLO,isaretce
0380.000,Dama,DAMA,isaretce
0384.000,Damga,DAMGA,isaretce
0387.000,Dantel (1. İşaret),DANTEL,isaretce
0387.001,Dantel (2. İşaret),DANTEL,isaretce
0403.000,Defter,DEFTER,isaretce
0408.000,Demlik,DEMLİK,isaretce
0419.000,Derece (1. İşaret),DERECE,isaretce
0419.001,Derece (2. İşaret),DERECE,isaretce
0435.000,Dolap,DOLAP,isaretce
0467.000,Döşek (1. İşaret),DÖŞEK,isaretce
0467.001,Döşek (2. İşaret),DÖŞEK,isaretce
0459.000,Duş,DUŞ,isaretce
0160.000,Ayna,AYNA,isaretce
0267.000,Beşik (1. İşaret),BEŞİK,isaretce
0267.001,Beşik (2. İşaret),BEŞİK,isaretce
0271.000,Bıçak,BIÇAK,isaretce
0302.000,Buzdolabı,BUZDOLABI,isaretce
0341.000,Cam,CAM,isaretce
0356.000,Cetvel,CETVEL,isaretce
0360.000,Cezve,CEZVE,isaretce
0362.000,Cop,COP,isaretce
0369.000,Cüzdan,CÜZDAN,isaretce
1820.000,Çamaşır Makinesi,ÇAMAŞIR MAKİNESİ,isaretce
1828.000,Çarşaf,ÇARŞAF,isaretce
1830.000,Çatal,ÇATAL,isaretce
1832.000,Çaydanlık,ÇAYDANLIK,isaretce
1835.000,Çekyat,ÇEKYAT,isaretce
1844.000,Çeyiz,ÇEYİZ,isaretce
1857.000,Çöp Kutusu,ÇÖP KUTUSU,isaretce
0374.000,Daktilo,DAKTİLO,isaretce
0380.000,Dama,DAMA,isaretce
0384.000,Damga,DAMGA,isaretce
0387.000,Dantel (1. İşaret),DANTEL,isaretce
0387.001,Dantel (2. İşaret),DANTEL,isaretce
0403.000,Defter,DEFTER,isaretce
0408.000,Demlik,DEMLİK,isaretce
0419.000,Derece (1. İşaret),DERECE,isaretce
0419.001,Derece (2. İşaret),DERECE,isaretce
0435.000,Dolap,DOLAP,isaretce
0467.000,Döşek (1. İşaret),DÖŞEK,isaretce
0467.001,Döşek (2. İşaret),DÖŞEK,isaretce
0459.000,Duş,DUŞ,isaretce
0468.000,Düdük,DÜDÜK,isaretce
0476.000,Düğme,DÜĞME,isaretce
0563.000,Eşya,EŞYA,isaretce
0589.000,Fırın,FIRIN,isaretce
0606.000,Fincan,FİNCAN,isaretce
0702.000,Halı,HALI,isaretce
0777.000,Izgara,IZGARA,isaretce
0785.000,Jilet,JİLET,isaretce
0822.000,Kanepe,KANEPE,isaretce
0878.000,Kaşık,KAŞIK,isaretce
0859.000,Kavanoz,KAVANOZ,isaretce
1001.000,Kilim,KİLİM,isaretce
0923.000,Koltuk,KOLTUK,isaretce
0958.000,Kumaş,KUMAŞ,isaretce
0959.000,Kumbara,KUMBARA,isaretce
0975.000,Kutu,KUTU,isaretce
0990.000,Küpe,KÜPE,isaretce
1017.000,Lamba,LAMBA,isaretce
1018.000,Laptop,LAPTOP,isaretce
1020.000,Lavabo,LAVABO,isaretce
1033.000,Makas,MAKAS,isaretce
1040.000,Mandal,MANDAL,isaretce
1042.000,Mangal,MANGAL,isaretce
1053.000,Masa,MASA,isaretce
1076.000,Mektup,MEKTUP,isaretce
1083.000,Menteşe,MENTEŞE,isaretce
1156.000,Mikser,MİKSER,isaretce
1165.000,Minder,MİNDER,isaretce
1108.000,Mobilya,MOBİLYA,isaretce
1121.000,Mum,MUM,isaretce
1130.000,Muşamba,MUŞAMBA,isaretce
1214.000,Ocak,OCAK,isaretce
1220.000,Oklava,OKLAVA,isaretce
1228.000,Olta,OLTA,isaretce
1269.000,Paket,PAKET,isaretce
1287.000,Paspas,PASPAS,isaretce
1306.000,Peçete,PEÇETE,isaretce
1298.000,Pencere (1. İşaret),PENCERE,isaretce
1298.001,Pencere (2. İşaret),PENCERE,isaretce
1301.000,Perde,PERDE,isaretce
1336.000,Raf,RAF,isaretce
1340.000,Ranza,RANZA,isaretce
1362.000,Sabun,SABUN,isaretce
1373.000,Saksı,SAKSI,isaretce
1380.000,Salıncak,SALINCAK,isaretce
1388.000,Sandalye,SANDALYE,isaretce
1389.000,Sandık,SANDIK,isaretce
1429.000,Sepet,SEPET,isaretce
1492.000,Süpürge,SÜPÜRGE,isaretce
1493.000,Sürahi,SÜRAHİ,isaretce
1500.000,Süzgeç,SÜZGEÇ,isaretce
2005.000,Şamdan,ŞAMDAN,isaretce
2015.000,Şemsiye,ŞEMSİYE,isaretce
2034.000,Şişe,ŞİŞE,isaretce
1521.000,Tabak,TABAK,isaretce
1523.000,Tablo,TABLO,isaretce
1546.000,Tava,TAVA,isaretce
1569.000,Televizyon,TELEVİZYON,isaretce
1570.000,Telsiz,TELSİZ,isaretce
1574.000,Tencere,TENCERE,isaretce
1579.000,Tepsi,TEPSİ,isaretce
1604.000,Top,TOP,isaretce
1607.000,Torba,TORBA,isaretce
1625.000,Tuzluk,TUZLUK,isaretce
1632.000,Tül,TÜL,isaretce
1918.000,Ütü,ÜTÜ,isaretce
1680.000,Valiz,VALİZ,isaretce
1687.000,Vazo,VAZO,isaretce
1693.000,Vestiyer,VESTİYER,isaretce
1727.000,Yapışkan,YAPIŞKAN,isaretce
1739.000,Yastık,YASTIK,isaretce
1740.000,Yatak,YATAK,isaretce
1801.000,Zar,ZAR,isaretce
1802.000,Zarf,ZARF,isaretce
0000.000,0 – Sıfır,0,isaretce
0000.000,0 – Sıfır,SIFIR,isaretce
0001.000,1 – Bir,1,isaretce
0001.000,1 – Bir,BİR,isaretce
0002.000,10 – On,10,isaretce
0002.000,10 – On,ON,isaretce
0003.000,100 – Yüz,100,isaretce
0003.000,100 – Yüz,YÜZ,isaretce
0004.000,1000 – Bin,1000,isaretce
0004.000,1000 – Bin,BİN,isaretce
0005.000,1000000 – Milyon,1000000,isaretce
0005.000,1000000 – Milyon,MİLYON,isaretce
0006.000,1000000000 – Milyar,1000000000,isaretce
0006.000,1000000000 – Milyar,MİLYAR,isaretce
0007.000,11 – On Bir,11,isaretce
0007.000,11 – On Bir,ON BİR,isaretce
0008.000,12 – On İki,12,isaretce
0008.000,12 – On İki,ON İKİ,isaretce
0009.000,13 – On Üç,13,isaretce
0009.000,13 – On Üç,ON ÜÇ,isaretce
0010.000,14 – On Dört,14,isaretce
0010.000,14 – On Dört	,ON DÖRT,isaretce
0011.000,15 – On Beş,15,isaretce
0011.000,15 – On Beş,ON BEŞ,isaretce
0012.000,16 – On Altı,16,isaretce
0012.000,16 – On Altı,ON ALTI,isaretce
0013.000,17 – On Yedi,17,isaretce
0013.000,18 – On Yedi,ON YEDİ,isaretce
0014.000,18 – On Sekiz,18,isaretce
0014.000,18 – On Sekiz,ON SEKİZ,isaretce
0015.000,19 – On Dokuz,19,isaretce
0015.000,19 – On Dokuz,ON DOKUZ,isaretce
0016.000,2 – İki,2,isaretce
0016.000,2 – İki,İKİ,isaretce
0017.000,20 – Yirmi,20,isaretce
0017.000,20 – Yirmi,YİRMİ,isaretce
0018.000,3,3,isaretce
0018.000,3 – Üç,ÜÇ,isaretce
0019.000,30 – Otuz,30,isaretce
0019.000,30 – Otuz,OTUZ,isaretce
0020.000,4 – Dört,4,isaretce
0020.000,4 – Dört,DÖRT,isaretce
0021.000,40 – Kırk,40,isaretce
0021.000,40 – Kırk,KIRK,isaretce
0022.000,5 – Beş,5,isaretce
0022.000,5 – Beş,BEŞ,isaretce
0023.000,50 – Elli,50,isaretce
0023.000,50 – Elli,ELLİ,isaretce
0024.000,6 – Altı,6,isaretce
0024.000,6 – Altı,ALTI,isaretce
0025.000,60 – Altmış,60,isaretce
0025.000,60 – Altmış,ALTMIŞ,isaretce
0026.000,7 – Yedi,7,isaretce
0026.000,7 – Yedi,YEDİ,isaretce
0027.000,70 – Yetmiş,70,isaretce
0027.000,70 – Yetmiş,YETMİŞ,isaretce
0028.000,8 – Sekiz,8,isaretce
0028.000,8 – Sekiz,SEKİZ,isaretce
0029.000,80 – Seksen,80,isaretce
0029.000,80 – Seksen,SEKSEN,isaretce
0030.000,9 – Dokuz,9,isaretce
0030.000,9 – Dokuz,DOKUZ,isaretce
0031.002,90 – Doksan,90,isaretce
0031.002,90 – Doksan,DOKSAN,isaretce
0175.000,Ağaç (1. İşaret),AĞAÇ,isaretce
0175.001,Ağaç (2. İşaret),AĞAÇ,isaretce
0116.000,Armut,ARMUT,isaretce
0118.000,Arpa,ARPA,isaretce
0150.000,Ay Çekirdeği,AY ÇEKİRDEĞİ,isaretce
0163.000,Ayva,AYVA,isaretce
0196.000,Badem,BADEM,isaretce
0202.000,Bakla,BAKLA,isaretce
0208.000,Bamya,BAMYA,isaretce
0213.000,Barbunya,BARBUNYA,isaretce
0264.000,Bezelye,BEZELYE,isaretce
0310.000,Biber,BİBER,isaretce
0334.000,Bitki,BİTKİ,isaretce
0303.000,Buğday,BUĞDAY,isaretce
0358.000,Ceviz,CEVİZ,isaretce
1870.000,Çiçek,ÇİÇEK,isaretce
1862.000,Çilek,ÇİLEK,isaretce
1863.000,Çimen,ÇİMEN,isaretce
0440.000,Domates,DOMATES,isaretce
0455.000,Dut,DUT,isaretce
0523.000,Elma,ELMA,isaretce
0538.000,Erik,ERİK,isaretce
0574.000,Fasülye,FASÜLYE,isaretce
0588.000,Fındık,FINDIK,isaretce
0591.000,Fıstık,FISTIK,isaretce
0642.000,Greyfurt,GREYFURT,isaretce
0664.000,Gül,GÜL,isaretce
0722.000,Havuç,HAVUÇ,isaretce
0746.000,Hıyar,HIYAR,isaretce
0775.000,Ispanak,ISPANAK,isaretce
1960.000,İncir,İNCİR,isaretce
0788.000,Kabak,KABAK,isaretce
0802.000,Kahve,KAHVE,isaretce
0835.000,Karabiber,KARABİBER,isaretce
0847.000,Karpuz,KARPUZ,isaretce
0858.000,Kavak,KAVAK,isaretce
0860.000,Kavun (1. İşaret),KAVUN,isaretce
0860.001,Kavun (2. İşaret),KAVUN,isaretce
0865.000,Kayısı (1. İşaret),KAYISI,isaretce
0865.001,Kayısı (2. İşaret),KAYISI,isaretce
0894.000,Kestane,KESTANE,isaretce
0907.000,Kırmızıbiber,KIRMIZIBİBER,isaretce
1007.000,Kiraz,KİRAZ,isaretce
1012.000,Kivi,KİVİ,isaretce
0921.000,Kola,KOLA,isaretce
0969.000,Kuru Fasulye,KURU FASULYE,isaretce
1016.000,Lahana,LAHANA,isaretce
1024.000,Limon,LİMON,isaretce
1041.000,Mandalina,MANDALİNA,isaretce
1044.000,Mantar,MANTAR,isaretce
1052.000,Marul,MARUL,isaretce
1063.000,Maydanoz,MAYDANOZ,isaretce
1085.000,Mercimek (1. İşaret),MERCİMEK,isaretce
1085.001,Mercimek (2. İşaret),MERCİMEK,isaretce
1101.000,Meyve,MEYVE,isaretce
1107.000,Mısır,MISIR,isaretce
1127.000,Muz,MUZ,isaretce
1175.000,Nane,NANE,isaretce
1177.000,Nar,NAR,isaretce
1197.000,Nohut,NOHUT,isaretce
1254.000,Ot,OT,isaretce
1274.000,Pamuk,PAMUK,isaretce
1278.000,Papatya,PAPATYA,isaretce
1288.000,Patates (1. İşaret),PATATES,isaretce
1288.001,Patates (2. İşaret),PATATES,isaretce
1289.000,Patlıcan (1. İşaret),PATLICAN,isaretce
1289.001,Patlıcan (2. İşaret),PATLICAN,isaretce
1308.000,Pırasa,PIRASA,isaretce
1327.000,Pirinç,PİRİNÇ,isaretce
1312.000,Portakal,PORTAKAL,isaretce
1376.000,Salatalık,SALATALIK,isaretce
1378.000,Salep,SALEP,isaretce
1397.000,Sarımsak (1. İşaret),SARIMSAK,isaretce
1397.001,Sarımsak (2. İşaret),SARIMSAK,isaretce
1470.000,Soğan,SOĞAN,isaretce
2013.000,Şeftali,ŞEFTALİ,isaretce
1638.000,Tütün,TÜTÜN,isaretce
1922.000,Üzüm,ÜZÜM,isaretce
1708.000,Vişne,VİŞNE,isaretce
1730.000,Yaprak,YAPRAK,isaretce
1807.000,Zeytin,ZEYTİN,isaretce
0041.000,Adale,ADALE,isaretce
0177.000,Ağız,AĞIZ,isaretce
0055.000,Akciğer,AKCİĞER,isaretce
0069.000,Alın,ALIN,isaretce
0148.000,Avuç,AVUÇ,isaretce
0151.000,Ayak,AYAK,isaretce
0194.000,Bacak,BACAK,isaretce
0228.000,Bağırsak,BAĞIRSAK,isaretce
0230.000,Baş,BAŞ,isaretce
0247.000,Bel,BEL,isaretce
0263.000,Beyin,BEYİN,isaretce
0314.000,Bilek,BİLEK,isaretce
0284.000,Boğaz,BOĞAZ,isaretce
0280.000,Boyun,BOYUN,isaretce
0304.000,Böbrek,BÖBREK,isaretce
0300.000,Burun,BURUN,isaretce
1839.000,Çene,ÇENE,isaretce
1841.000,Çeper,ÇEPER,isaretce
0376.000,Dalak,DALAK,isaretce
0381.000,Damak,DAMAK,isaretce
0382.000,Damar,DAMAR,isaretce
0423.000,Deri,DERİ,isaretce
0485.000,Dil,DİL,isaretce
0493.000,Dirsek,DİRSEK,isaretce
0500.000,Diş,DİŞ,isaretce
0496.000,Diz,DİZ,isaretce
0451.000,Dudak,DUDAK,isaretce
0517.000,El,EL,isaretce
0532.000,Ense,ENSE,isaretce
0640.000,Gırtlak,GIRTLAK,isaretce
0646.000,Göbek,GÖBEK,isaretce
0663.000,Göğüs,GÖĞÜS,isaretce
0658.000,Gövde,GÖVDE,isaretce
0659.000,Göz,GÖZ,isaretce
1968.000,İskelet,İSKELET,isaretce
0797.000,Kafa,KAFA,isaretce
0812.000,Kalp,KALP,isaretce
0836.000,Karaciğer,KARACİĞER,isaretce
0842.000,Karın,KARIN,isaretce
0853.000,Kas,KAS,isaretce
0877.000,Kaş,KAŞ,isaretce
0886.000,Kemik,KEMİK,isaretce
1010.000,Kirpik,KİRPİK,isaretce
0920.000,Kol,KOL,isaretce
0953.000,Kulak,KULAK,isaretce
1078.000,Meme,MEME,isaretce
1153.000,Mide,MİDE,isaretce
1230.000,Omuz,OMUZ,isaretce
1285.000,Parmak,PARMAK,isaretce
1408.000,Saç,SAÇ,isaretce
1458.000,Sırt,SIRT,isaretce
1475.000,Surat,SURAT,isaretce
1580.000,Ter,TER,isaretce
1597.000,Tırnak,TIRNAK,isaretce
1700.000,Vücut,VÜCUT,isaretce
1722.000,Yanak,YANAK,isaretce
1787.000,Yürek,YÜREK,isaretce
1789.000,Yüz,YÜZ,isaretce
1801.000,Zar,ZAR,isaretce
0054.000,Ak,AK,isaretce
0065.000,Al,AL,isaretce
0244.000,Bej,BEJ,isaretce
0262.000,Beyaz,BEYAZ,isaretce
0643.000,Gri,GRİ,isaretce
0803.000,Kahverengi,KAHVERENGİ,isaretce
0833.000,Kara,KARA,isaretce
0906.000,Kırmızı (1. İşaret),KIRMIZI,isaretce
0906.001,Kırmızı (2. İşaret),KIRMIZI,isaretce
1015.000,Lacivert,LACİVERT,isaretce
1062.000,Mavi (1. İşaret),MAVİ,isaretce
1062.001,Mavi (2. İşaret),MAVİ,isaretce
1062.002,Mavi (3. İşaret),MAVİ,isaretce
1112.000,Mor,MOR,isaretce
1296.000,Pembe,PEMBE,isaretce
1347.000,Renk,RENK,isaretce
1395.000,Sarı (1. İşaret),SARI,isaretce
1395.001,Sarı (2. İşaret),SARI,isaretce
1395.002,Sarı (3. İşaret),SARI,isaretce
1516.000,Siyah,SİYAH,isaretce
1620.000,Turuncu (1. İşaret),TURUNCU,isaretce
1620.001,Turuncu (2. İşaret),TURUNCU,isaretce
1766.000,Yeşil (1. İşaret),YEŞİL,isaretce
1766.001,Yeşil (2. İşaret),YEŞİL,isaretce
0071.000,Alışveriş,ALIŞVERİŞ,isaretce
0140.000,Avans,AVANS,isaretce
0142.000,Avro,AVRO,isaretce
0276.000,Borsa (1. İşaret),BORSA,isaretce
0276.001,Borsa (2. İşaret),BORSA,isaretce
0437.000,Dolar,DOLAR,isaretce
0466.000,Döviz,DÖVİZ,isaretce
0510.000,Ekonomi,EKONOMİ,isaretce
0511.000,Ekonomik,EKONOMİK,isaretce
0579.000,Faiz,FAİZ,isaretce
0575.000,Fatura,FATURA,isaretce
0611.000,Fiş,FİŞ,isaretce
0609.000,Fiyat,FİYAT,isaretce
1940.000,İktisat,İKTİSAT,isaretce
0815.000,Kampanya,KAMPANYA,isaretce
0983.000,Kâr,KÂR,isaretce
0881.000,Kefil,KEFİL,isaretce
1025.000,Lira (1. İşaret),LİRA,isaretce
1025.001,Lira (2. İşaret),LİRA,isaretce
1035.000,Makbuz (1. İşaret),MAKBUZ,isaretce
1035.001,Makbuz (2. İşaret),MAKBUZ,isaretce
1036.000,Mal,MAL,isaretce
1057.000,Masraf,MASRAF,isaretce
1074.000,Mehil,MEHİL,isaretce
1118.000,Muhasebe,MUHASEBE,isaretce
1138.000,Mühlet,MÜHLET,isaretce
1152.000,Müşteri,MÜŞTERİ,isaretce
1246.000,Oran,ORAN,isaretce
1267.000,Paha,PAHA,isaretce
1281.000,Para,PARA,isaretce
1307.000,Peşin,PEŞİN,isaretce
1329.000,Piyasa,PİYASA,isaretce
1425.000,Senet,SENET,isaretce
1432.000,Sermaye,SERMAYE,isaretce
1533.000,Taksit,TAKSİT,isaretce
1545.000,Tasarruf,TASARRUF,isaretce
1640.000,Ticaret,TİCARET,isaretce
1910.000,Ücret,ÜCRET,isaretce
1675.000,Vade,VADE,isaretce
1691.000,Vergi,VERGİ,isaretce
1696.000,Vezne,VEZNE,isaretce
1796.000,Zam,ZAM,isaretce
0063.000,Aktör,AKTÖR,isaretce
1868.000,Çizgi Film,ÇİZGİ FİLM,isaretce
0497.000,Dizi,DİZİ,isaretce
0505.000,Edebiyat,EDEBİYAT,isaretce
0604.000,Film,FİLM,isaretce
0596.000,Fotoğraf,FOTOĞRAF,isaretce
0597.000,Fotoğraf Çekmek,FOTOĞRAF ÇEKMEK,isaretce
0814.000,Kamera,KAMERA,isaretce
1150.000,Müze (1. İşaret),MÜZE,isaretce
1150.001,Müze (2. İşaret),MÜZE,isaretce
1151.000,Müzik,MÜZİK,isaretce
1273.000,Palyaço,PALYAÇO,isaretce
1330.000,Piyes,PİYES,isaretce
1318.000,Prova,PROVA,isaretce
1348.000,Resim,RESİM,isaretce
1386.000,Sanat,SANAT,isaretce
1431.000,Sergi,SERGİ,isaretce
1508.000,Sinema,SİNEMA,isaretce
1523.000,Tablo,TABLO,isaretce
1645.000,Tiyatro,TİYATRO,isaretce
1704.000,Video,VİDEO,isaretce
1785.000,Yönetmen,YÖNETMEN,isaretce
0079.000,Alt,ALT,isaretce
0115.000,Arka,ARKA,isaretce
0219.000,Batı,BATI,isaretce
0448.000,Doğu,DOĞU,isaretce
0632.000,Geri,GERİ,isaretce
0673.000,Güney,GÜNEY,isaretce
1947.000,İleri,İLERİ,isaretce
0850.000,Karşı,KARŞI,isaretce
0899.000,Kıble,KIBLE,isaretce
0979.000,Kuzey,KUZEY,isaretce
1249.000,Orta,ORTA,isaretce
1887.000,Ön,ÖN,isaretce
1410.000,Sağ,SAĞ,isaretce
1460.000,Sol,SOL,isaretce
1916.000,Üst,ÜST,isaretce
1917.000,Üstünde,ÜSTÜNDE,isaretce
1725.000,Yanında,YANINDA,isaretce
1780.000,Yukarı,YUKARI,isaretce
0042.000,Adam Adama,ADAM ADAMA,isaretce
0102.000,Antrenman,ANTRENMAN,isaretce
0103.000,Antrenör,ANTRENÖR,isaretce
0138.000,Atletizm,ATLETİZM,isaretce
0216.000,Basketbol,BASKETBOL,isaretce
0243.000,Beden Eğitimi,BEDEN EĞİTİMİ,isaretce
0268.000,Beşiktaş,BEŞİKTAŞ,isaretce
0312.000,Bilardo,BİLARDO,isaretce
0273.000,Boks,BOKS,isaretce
0400.000,Defans,DEFANS,isaretce
0562.000,Eşofman,EŞOFMAN,isaretce
0577.000,Faul,FAUL,isaretce
0580.000,Federasyon,FEDERASYON,isaretce
0585.000,Fenerbahçe,FENERBAHÇE,isaretce
0605.000,Final,FİNAL,isaretce
0593.000,Forma,FORMA,isaretce
0594.000,Forvet,FORVET,isaretce
0601.000,Futbol,FUTBOL,isaretce
0614.000,Galatasaray,GALATASARAY,isaretce
0641.000,Gol,GOL,isaretce
0678.000,Güreş,GÜREŞ,isaretce
0679.000,Güreşçi,GÜREŞÇİ,isaretce
0699.000,Hakem,HAKEM,isaretce
0703.000,Halter,HALTER,isaretce
0721.000,Havuz,HAVUZ,isaretce
1934.000,İdman,İDMAN,isaretce
0805.000,Kale,KALE,isaretce
0806.000,Kaleci,KALECİ,isaretce
0831.000,Kaptan,KAPTAN,isaretce
0938.000,Korner,KORNER,isaretce
0946.000,Krampon,KRAMPON,isaretce
0956.000,Kulüp,KULÜP,isaretce
0961.000,Kupa,KUPA,isaretce
1068.000,Maç,MAÇ,isaretce
1054.000,Masa Tenisi,MASA TENİSİ,isaretce
1160.000,Milli Takım,MİLLİ TAKIM,isaretce
1216.000,Ofsayt,OFSAYT,isaretce
1229.000,Olimpiyat,OLİMPİYAT,isaretce
1286.000,Pas (1. İşaret),PAS,isaretce
1286.001,Pas (2. İşaret),PAS,isaretce
1286.002,Pas (3. İşaret),PAS,isaretce
1294.000,Pehlivan,PEHLİVAN,isaretce
1297.000,Penaltı,PENALTI,isaretce
1338.000,Raket,RAKET,isaretce
1345.000,Rekor,REKOR,isaretce
1472.000,Spor,SPOR,isaretce
2006.000,Şampiyon,ŞAMPİYON,isaretce
2025.000,Şut,ŞUT,isaretce
1556.000,Taç,TAÇ,isaretce
1530.000,Takım (1. İşaret),TAKIM,isaretce
1530.001,Takım (2. İşaret),TAKIM,isaretce
1577.000,Tenis,TENİS,isaretce
1604.000,Top,TOP,isaretce
1735.000,Yarı Final,YARI FİNAL,isaretce
0149.000,Ay,AY,isaretce
0470.000,Dünya (1. İşaret),DÜNYA,isaretce
0470.001,Dünya (2. İşaret),DÜNYA,isaretce
0548.000,Evren,EVREN,isaretce
0648.000,Gökyüzü,GÖKYÜZÜ,isaretce
0676.000,Güneş,GÜNEŞ,isaretce
0984.000,Kâinat,KÂİNAT,isaretce
1667.000,Uzay,UZAY,isaretce
1773.000,Yıldız,YILDIZ,isaretce
0135.000,Atkı,ATKI,isaretce
0137.000,Atlet,ATLET,isaretce
0152.000,Ayakkabı,AYAKKABI,isaretce
0241.000,Başörtüsü,BAŞÖRTÜSÜ,isaretce
0260.000,Bere,BERE,isaretce
0311.000,Bikini,BİKİNİ,isaretce
0272.000,Bluz,BLUZ,isaretce
0278.000,Bot,BOT,isaretce
0350.000,Ceket,CEKET,isaretce
0354.000,Cep,CEP,isaretce
0368.000,Cübbe,CÜBBE,isaretce
1823.000,Çanta,ÇANTA,isaretce
1869.000,Çizme,ÇİZME,isaretce
1853.000,Çorap (1. İşaret),ÇORAP,isaretce
1853.001,Çorap (2. İşaret),ÇORAP,isaretce
0456.000,Duvak,DUVAK,isaretce
0476.000,Düğme,DÜĞME,isaretce
0519.000,Elbise,ELBİSE,isaretce
0520.000,Eldiven,ELDİVEN,isaretce
0559.000,Eşarp,EŞARP,isaretce
0544.000,Etek,ETEK,isaretce
0586.000,Fermuar,FERMUAR,isaretce
0593.000,Forma,FORMA,isaretce
0600.000,Fular,FULAR,isaretce
0650.000,Gömlek,GÖMLEK,isaretce
0744.000,Hırka,HIRKA,isaretce
0790.000,Kaban,KABAN,isaretce
0796.000,Kadife,KADİFE,isaretce
0869.000,Kazak,KAZAK,isaretce
0885.000,Kemer,KEMER,isaretce
0924.000,Kolye,KOLYE,isaretce
0946.000,Krampon,KRAMPON,isaretce
0947.000,Kravat,KRAVAT,isaretce
0960.000,Kundura,KUNDURA,isaretce
0989.000,Külot,KÜLOT,isaretce
1045.000,Manto,MANTO,isaretce
1056.000,Maske,MASKE,isaretce
1066.000,Mayo (1. İşaret),MAYO,isaretce
1066.001,Mayo (2. İşaret),MAYO,isaretce
1110.000,Mont,MONT,isaretce
1891.000,Önlük,ÖNLÜK,isaretce
1266.000,Pabuç,PABUÇ,isaretce
1272.000,Palto,PALTO,isaretce
1275.000,Pantolon,PANTOLON,isaretce
1324.000,Pijama,PİJAMA,isaretce
1499.000,Sütyen,SÜTYEN,isaretce
2004.000,Şal,ŞAL,isaretce
2008.000,Şapka,ŞAPKA,isaretce
2021.000,Şort,ŞORT,isaretce
1585.000,Terlik,TERLİK,isaretce
1646.000,Tişört,TİŞÖRT,isaretce
1600.000,Toka,TOKA,isaretce
1711.000,Yaka,YAKA,isaretce
1755.000,Yelek,YELEK,isaretce
0084.000,Ama,AMA,isaretce
1946.000,İle,İLE,isaretce
1688.000,Ve,VE,isaretce
1695.000,Veya (1. İşaret),VEYA,isaretce
1695.001,Veya (2. İşaret),VEYA,isaretce
0295.000,Bulut (1. İşaret),BULUT,isaretce
0295.001,Bulut (2. İşaret),BULUT,isaretce
0647.000,Gökkuşağı,GÖKKUŞAĞI,isaretce
0832.000,Kar,KAR,isaretce
1421.000,Sel,SEL,isaretce
1511.000,Sis,SİS,isaretce
2031.000,Şimşek,ŞİMŞEK,isaretce
1749.000,Yağmur,YAĞMUR,isaretce
0545.000,Evet,EVET,isaretce
0685.000,Gibi,GİBİ,isaretce
0723.000,Hayır,HAYIR,isaretce
1993.000,İçin,İÇİN,isaretce
1093.000,Mesela,MESELA,isaretce
1295.000,Peki,PEKİ,isaretce
1536.000,Tamam (1. İşaret),TAMAM,isaretce
1536.001,Tamam (2. İşaret),TAMAM,isaretce
0051.000,Afiyet Olsun,AFİYET OLSUN,isaretce
0210.000,Banane,BANANE,isaretce
0237.000,Başın Sağ Olsun,BAŞIN SAĞ OLSUN,isaretce
0357.000,Cevap,CEVAP,isaretce
1852.000,Çok Yaşa (1. İşaret),ÇOK YAŞA,isaretce
1852.001,Çok Yaşa (2. İşaret),ÇOK YAŞA,isaretce
0527.000,Eline Sağlık,ELİNE SAĞLIK,isaretce
0639.000,Geçmiş Olsun,GEÇMİŞ OLSUN,isaretce
0654.000,Görüşmek Üzere,GÖRÜŞMEK ÜZERE,isaretce
0655.000,Görüşürüz,GÖRÜŞÜRÜZ,isaretce
0665.000,Güle Güle,GÜLE GÜLE,isaretce
0671.000,Günaydın (1. İşaret),GÜNAYDIN,isaretce
0671.001,Günaydın (2. İşaret),GÜNAYDIN,isaretce
0671.002,Günaydın (3.İşaret),GÜNAYDIN,isaretce
0723.000,Hayır,HAYIR,isaretce
0724.000,Hayırlı Olsun,HAYIRLI OLSUN,isaretce
0734.000,Helal Olsun (1. İşaret),HELAL OLSUN,isaretce
0734.001,Helal Olsun (2. İşaret),HELAL OLSUN,isaretce
0752.000,Hoş Bulduk,HOŞ BULDUK,isaretce
0753.000,Hoş Geldiniz,HOŞ GELDİNİZ,isaretce
0755.000,Hoşçakal,HOŞÇAKAL,isaretce
1983.000,İyi Akşamlar,İYİ AKŞAMLAR,isaretce
1984.000,İyi Geceler,İYİ GECELER,isaretce
1985.000,İyi Günler,İYİ GÜNLER,isaretce
1986.000,İyi misin,İYİ MİSİN,isaretce
1987.000,İyiyim,İYİYİM,isaretce
0874.000,Kaç (1. İşaret),KAÇ,isaretce
0874.001,Kaç (2. İşaret),KAÇ,isaretce
1005.000,Kim,KİM,isaretce
0973.000,Kusura Bakma,KUSURA BAKMA,isaretce
1023.000,Lütfen,LÜTFEN,isaretce
1079.000,Memleketin Neresi,MEMLEKETİN NERESİ,isaretce
1087.000,Merhaba,MERHABA,isaretce
1178.000,Nasıl,NASIL,isaretce
1179.000,Nasılsın,NASILSIN,isaretce
1185.000,Ne Zaman,NE ZAMAN,isaretce
1186.000,Neden,NEDEN,isaretce
1191.000,Nerede,NEREDE,isaretce
1192.000,Neredesin,NEREDESİN,isaretce
1193.000,Nereye,NEREYE,isaretce
1210.000,Niçin,NİÇİN,isaretce
1902.000,Özür Dilemek,ÖZÜR DİLEMEK,isaretce
1355.000,Rica Etmek,RİCA ETMEK,isaretce
1414.000,Sağol,SAĞOL,isaretce
1422.000,Selam,SELAM,isaretce
1426.000,Seni Seviyorum,SENİ SEVİYORUM,isaretce
1467.000,Soru İşareti,SORU İŞARETİ,isaretce
1726.000,Yanıt,YANIT,isaretce
0279.000,Boylam,BOYLAM,isaretce
1855.000,Çöl,ÇÖL,isaretce
0396.000,Dağ,DAĞ,isaretce
0414.000,Deniz,DENİZ,isaretce
0416.000,Deprem,DEPREM,isaretce
0418.000,Dere,DERE,isaretce
0444.000,Doğa,DOĞA,isaretce
0470.000,Dünya (1. İşaret),DÜNYA,isaretce
0470.001,Dünya (2. İşaret),DÜNYA,isaretce
0514.000,Ekvator,EKVATOR,isaretce
0649.000,Göl,GÖL,isaretce
0711.000,Harita,HARİTA,isaretce
0757.000,Hudut,HUDUT,isaretce
0771.000,Irmak,IRMAK,isaretce
0957.000,Kum,KUM,isaretce
1069.000,Mağara,MAĞARA,isaretce
1091.000,Meridyen,MERİDYEN,isaretce
1189.000,Nehir,NEHİR,isaretce
1223.000,Okyanus,OKYANUS,isaretce
1248.000,Orman,ORMAN,isaretce
1260.000,Ova,OVA,isaretce
1368.000,Sahil,SAHİL,isaretce
1365.000,Sahra,SAHRA,isaretce
1455.000,Sınır,SINIR,isaretce
2014.000,Şelale,ŞELALE,isaretce
1525.000,Tabiat,TABİAT,isaretce
1578.000,Tepe,TEPE,isaretce
1606.000,Toprak,TOPRAK,isaretce
1676.000,Vadi,VADİ,isaretce
1698.000,Volkan,VOLKAN,isaretce
1723.000,Yanardağ,YANARDAĞ,isaretce
1743.000,Yayla,YAYLA,isaretce
1805.000,Zelzele,ZELZELE,isaretce
0035.000,Abla (1. İşaret),ABLA,isaretce
0035.001,Abla (2. İşaret),ABLA,isaretce
0174.000,Ağabey,AĞABEY,isaretce
0185.000,Aile,AİLE,isaretce
0059.000,Akraba,AKRABA,isaretce
0086.000,Amca,AMCA,isaretce
0099.000,Anne,ANNE,isaretce
0100.000,Anneanne,ANNEANNE,isaretce
0192.000,Baba (1. İşaret),BABA,isaretce
0192.001,Baba (2. İşaret),BABA,isaretce
0193.000,Babaanne,BABAANNE,isaretce
0195.000,Bacanak,BACANAK,isaretce
1850.000,Çocuk,ÇOCUK,isaretce
0383.000,Damat (1. İşaret),DAMAT,isaretce
0383.001,Damat (2. İşaret),DAMAT,isaretce
0394.000,Dayı,DAYI,isaretce
0399.000,Dede,DEDE,isaretce
0701.000,Hala,HALA,isaretce
0839.000,Kardeş,KARDEŞ,isaretce
0864.000,Kayınvalide,KAYINVALİDE,isaretce
0912.000,Kız,KIZ,isaretce
0916.000,Koca,KOCA,isaretce
0978.000,Kuzen (1. İşaret),KUZEN,isaretce
0978.001,Kuzen (2. İşaret),KUZEN,isaretce
1207.000,Nine,NİNE,isaretce
1264.000,Oğul,OĞUL,isaretce
1594.000,Teyze,TEYZE,isaretce
1610.000,Torun,TORUN,isaretce
1919.000,Üvey,ÜVEY,isaretce
1765.000,Yeğen,YEĞEN,isaretce
00140,1 kg'lık ağırlık kemeri,1 KG'LIK AĞIRLIK KEMERİ,afid
01058,110'luk hortum,110'LUK HORTUM,afid
01059,85'lik hortum,85'LİK HORTUM,afid
00059,A tipi kbrn koruyucu kıyafet,A TİPİ KBRN KORUYUCU KIYAFET,afid
00300,Abone,ABONE,afid
00501,Açık ağız anahtar takımı,AÇIK AĞIZ ANAHTAR TAKIMI,afid
00301,Acil,ACİL,afid
00302,Acil çağrı,ACİL ÇAĞRI,afid
00303,Acil çıkış,ACİL ÇIKIŞ,afid
00314,Acil durum,ACİL DURUM,afid
00315,Acil durum ekibi,ACİL DURUM EKİBİ,afid
00316,Acil durum planı,ACİL DURUM PLANI,afid
00060,Acil kaçış maskesi,ACİL KAÇIŞ MASKESİ,afid
00861,Adana,ADANA,afid
00862,Adıyaman,ADIYAMAN,afid
00317,Adres,ADRES,afid
00061,Aerosol,AEROSOL,afid
00318,Afad,AFAD,afid
00009,Afad çığ arama kurtarma malzemeleri,AFAD ÇIĞ ARAMA KURTARMA MALZEMELERİ,afid
00014,Afad dağ arama kurtarma malzemeleri,AFAD DAĞ ARAMA KURTARMA MALZEMELERİ,afid
00299,Afad genel terimler,AFAD GENEL TERİMLER,afid
00349,Afad gönüllüsü,AFAD GÖNÜLLÜSÜ,afid
00057,Afad kbrn arama kurtarma malzemeleri,AFAD KBRN ARAMA KURTARMA MALZEMELERİ,afid
00097,Afad kentsel arama kurtarma malzemeleri,AFAD KENTSEL ARAMA KURTARMA MALZEMELERİ,afid
00139,Afad su altı arama kurtarma malzemeleri,AFAD SU ALTI ARAMA KURTARMA MALZEMELERİ,afid
00163,Afet,AFET,afid
00350,Afet bölge komutanı,AFET BÖLGE KOMUTANI,afid
00351,Afet bölgesi,AFET BÖLGESİ,afid
01158,Afet gönüllüsü,AFET GÖNÜLLÜSÜ,afid
01159,Afet gönüllüsü,AFET GÖNÜLLÜSÜ,afid
00352,Afet tehlikesi,AFET TEHLİKESİ,afid
00353,Afet ve acil durum çantası,AFET VE ACİL DURUM ÇANTASI,afid
01137,Afetlerin etkileri,AFETLERİN ETKİLERİ,afid
01138,Afetzede,AFETZEDE,afid
01139,Afiş,AFİŞ,afid
00863,Afyonkarahisar,AFYONKARAHİSAR,afid
00164,Ağaç,AĞAÇ,afid
00165,Ağaç gövdesi,AĞAÇ GÖVDESİ,afid
00141,Ağırlık kemeri,AĞIRLIK KEMERİ,afid
00864,Ağrı,AĞRI,afid
01140,Ahşap yapı,AHŞAP YAPI,afid
00142,Ahtapot,AHTAPOT,afid
00233,Akaryakıt tankeri,AKARYAKIT TANKERİ,afid
00261,Akaryakıt tankeri,AKARYAKIT TANKERİ,afid
00412,Akaryakıt tankeri,AKARYAKIT TANKERİ,afid
00502,Akaryakıt tankeri,AKARYAKIT TANKERİ,afid
01141,Akım,AKIM,afid
00305,Akrep,AKREP,afid
00865,Aksaray,AKSARAY,afid
00377,Aktarma,AKTARMA,afid
00377,Nakil,NAKİL,afid
00378,Aktif fay,AKTİF FAY,afid
00234,Akü,AKÜ,afid
00379,Akü,AKÜ,afid
00235,Akü ölçer,AKÜ ÖLÇER,afid
00236,Akü şarj aleti,AKÜ ŞARJ ALETİ,afid
01060,Ala hortum(alıcı hortum),ALA HORTUM(ALICI HORTUM),afid
00380,Alarm,ALARM,afid
00381,Alet,ALET,afid
01061,Alevli,ALEVLİ,afid
00382,Alkol,ALKOL,afid
00383,Alt geçit,ALT GEÇİT,afid
00262,Alt yapı,ALT YAPI,afid
00384,Altın saatler,ALTIN SAATLER,afid
00015,Alüminyum karabin,ALÜMİNYUM KARABİN,afid
00866,Amasya,AMASYA,afid
00793,Ambulans,AMBULANS,afid
00641,Ambulans şoförü,AMBULANS ŞOFÖRÜ,afid
00715,Ameliyat,AMELİYAT,afid
00385,Ampul,AMPUL,afid
00386,Ana şok,ANA ŞOK,afid
00387,Anahtar,ANAHTAR,afid
00263,Anahtar(alet),ANAHTAR(ALET),afid
00388,Analiz,ANALİZ,afid
00642,Anestezi uzmanı,ANESTEZİ UZMANI,afid
00867,Ankara,ANKARA,afid
00868,Antalya,ANTALYA,afid
00062,Antidot(panzehir),ANTİDOT(PANZEHİR),afid
00063,Antraks(şarbon),ANTRAKS(ŞARBON),afid
00794,Araba,ARABA,afid
00098,Araç önü vinç,ARAÇ ÖNÜ VİNÇ,afid
01069,Araç takviyesi,ARAÇ TAKVİYESİ,afid
00389,Arama kurtarma,ARAMA KURTARMA,afid
00643,Arama kurtarma ekibi,ARAMA KURTARMA EKİBİ,afid
00390,Arazi,ARAZİ,afid
00391,Arazi tespiti,ARAZİ TESPİTİ,afid
00869,Ardahan,ARDAHAN,afid
00306,Arı,ARI,afid
01142,Arındırma,ARINDIRMA,afid
01143,Arşiv,ARŞİV,afid
01144,Artçı deprem,ARTÇI DEPREM,afid
00875,Artvin,ARTVİN,afid
01145,Asansör,ASANSÖR,afid
00264,Asfalt,ASFALT,afid
00413,Asfalt distribütörü,ASFALT DİSTRİBÜTÖRÜ,afid
00265,Asfalt kazıma makinesi(freze),ASFALT KAZIMA MAKİNESİ(FREZE),afid
00414,Asfalt kazıma makinesi(freze),ASFALT KAZIMA MAKİNESİ(FREZE),afid
00266,Asfalt plenti,ASFALT PLENTİ,afid
00415,Asfalt plenti,ASFALT PLENTİ,afid
01157,Asfalt serici(finişer),ASFALT SERİCİ(FİNİŞER),afid
01160,Asfalt serici(finişer),ASFALT SERİCİ(FİNİŞER),afid
00267,Asfalt sermek,ASFALT SERMEK,afid
00421,Asfalt sermek,ASFALT SERMEK,afid
00718,Aşı,AŞI,afid
00396,Aşırı buzlanma,AŞIRI BUZLANMA,afid
00397,Aşırı kar yağışı,AŞIRI KAR YAĞIŞI,afid
00064,Asit,ASİT,afid
00644,Asker,ASKER,afid
00065,Askeri tip gaz maskesi,ASKERİ TİP GAZ MASKESİ,afid
01146,Askı,ASKI,afid
00307,Aslan,ASLAN,afid
00716,Aspirin,ASPİRİN,afid
00717,Astım,ASTIM,afid
00308,At,AT,afid
00016,Atc emniyet,ATC EMNİYET,afid
00166,Ateş,ATEŞ,afid
00398,Ateşle yaklaşma,ATEŞLE YAKLAŞMA,afid
00399,Atık,ATIK,afid
00503,Atık su,ATIK SU,afid
01070,Atlama çadırı,ATLAMA ÇADIRI,afid
00400,Atlet,ATLET,afid
00268,Atölye,ATÖLYE,afid
00401,Avantaj,AVANTAJ,afid
00167,Ay,AY,afid
00402,Ayakkabı,AYAKKABI,afid
00237,Ayaklı matkap(sabit),AYAKLI MATKAP(SABİT),afid
00876,Aydın,AYDIN,afid
00309,Ayı,AYI,afid
00310,Ayı,AYI,afid
00099,Ayırma makası,AYIRMA MAKASI,afid
01071,Ayırma makası,AYIRMA MAKASI,afid
00403,Ayna,AYNA,afid
00066,B tipi kbrn koruyucu kıyafet,B TİPİ KBRN KORUYUCU KIYAFET,afid
00168,Bahar,BAHAR,afid
00169,Bahçe,BAHÇE,afid
00655,Bakan,BAKAN,afid
00656,Bakıcı,BAKICI,afid
00311,Balık,BALIK,afid
00877,Balıkesir,BALIKESİR,afid
00404,Balkon,BALKON,afid
00405,Balta,BALTA,afid
00406,Balyoz,BALYOZ,afid
00509,Balyoz,BALYOZ,afid
00719,Bandaj,BANDAJ,afid
00407,Bant,BANT,afid
01072,Bar düşür,BAR DÜŞÜR,afid
01073,Bar yükselt,BAR YÜKSELT,afid
00408,Bardak,BARDAK,afid
00409,Baret,BARET,afid
00410,Barınma,BARINMA,afid
00416,Bariyer,BARİYER,afid
00878,Bartın,BARTIN,afid
00720,Baş ağrısı,BAŞ AĞRISI,afid
00721,Baş dönmesi,BAŞ DÖNMESİ,afid
00657,Başkan,BAŞKAN,afid
00417,Baskül,BASKÜL,afid
00418,Başvuru,BAŞVURU,afid
00170,Bataklık,BATAKLIK,afid
00419,Batarya,BATARYA,afid
00171,Batmak(boğulmak),BATMAK(BOĞULMAK),afid
00172,Batmak(güneş),BATMAK(GÜNEŞ),afid
00879,Batman,BATMAN,afid
00017,Baton,BATON,afid
00420,Battaniye,BATTANİYE,afid
00885,Bayburt,BAYBURT,afid
00067,Baz,BAZ,afid
00426,Baza,BAZA,afid
00143,Bc denge yeleği,BC DENGE YELEĞİ,afid
00658,Bekçi,BEKÇİ,afid
00427,Bekletme merkezi,BEKLETME MERKEZİ,afid
00238,Beko loder,BEKO LODER,afid
00269,Beko loder,BEKO LODER,afid
00422,Beko loder,BEKO LODER,afid
00510,Beko loder,BEKO LODER,afid
00018,Belay bold vida,BELAY BOLD VİDA,afid
00019,Belay halka,BELAY HALKA,afid
00659,Belediye başkanı,BELEDİYE BAŞKANI,afid
00428,Benzin,BENZİN,afid
00100,Benzinli 27 kg kırıcı,BENZİNLİ 27 KG KIRICI,afid
00101,Benzinli ağaç kesme makinesi,BENZİNLİ AĞAÇ KESME MAKİNESİ,afid
00102,Benzinli beton ve demir kesme makinesi,BENZİNLİ BETON VE DEMİR KESME MAKİNESİ,afid
00103,Benzinli liberatör,BENZİNLİ LİBERATÖR,afid
00429,Bere,BERE,afid
00430,Beton,BETON,afid
00104,Beton çatlatma ve patlatma makası,BETON ÇATLATMA VE PATLATMA MAKASI,afid
00239,Bez halat,BEZ HALAT,afid
00144,Bıçak,BIÇAK,afid
00886,Bilecik,BİLECİK,afid
00446,Bilgi ağı,BİLGİ AĞI,afid
00447,Bilinçlendirme,BİLİNÇLENDİRME,afid
00660,Bilirkişi,BİLİRKİŞİ,afid
00448,Bina,BİNA,afid
00449,Bina göçmesi,BİNA GÖÇMESİ,afid
00887,Bingöl,BİNGÖL,afid
00010,Bipder,BİPDER,afid
00795,Bisiklet,BİSİKLET,afid
00312,Bit,BİT,afid
00173,Bitki,BİTKİ,afid
00888,Bitlis,BİTLİS,afid
00068,Biyolojik tehlike,BİYOLOJİK TEHLİKE,afid
00450,Biyolojik tehlike,BİYOLOJİK TEHLİKE,afid
00319,Böcek,BÖCEK,afid
00461,Bodrum kat,BODRUM KAT,afid
00313,Boğa,BOĞA,afid
00069,Boğucu alan,BOĞUCU ALAN,afid
00462,Boğulma,BOĞULMA,afid
00465,Bölge,BÖLGE,afid
00469,Bölge planı,BÖLGE PLANI,afid
00470,Bölgeleme,BÖLGELEME,afid
00471,Bölgesel afet,BÖLGESEL AFET,afid
00889,Bolu,BOLU,afid
00463,Bot,BOT,afid
00145,Bot(su altı),BOT(SU ALTI),afid
00464,Boya,BOYA,afid
00472,Buharlaşma,BUHARLAŞMA,afid
00473,Bulaşıcı hastalık,BULAŞICI HASTALIK,afid
00474,Bulaşık makinesi,BULAŞIK MAKİNESİ,afid
00174,Bulut,BULUT,afid
00890,Burdur,BURDUR,afid
00891,Bursa,BURSA,afid
00475,Buz,BUZ,afid
00020,Buz kazması,BUZ KAZMASI,afid
00476,Buz(buz küpü),BUZ(BUZ KÜPÜ),afid
00477,Buzdolabı,BUZDOLABI,afid
00175,Buzul,BUZUL,afid
00070,C tipi kbrn koruyucu kıyafet,C TİPİ KBRN KORUYUCU KIYAFET,afid
00478,Cam,CAM,afid
01074,Cam kırma çekici,CAM KIRMA ÇEKİCİ,afid
00479,Cankurtaran,CANKURTARAN,afid
00480,Ceket,CEKET,afid
00071,Cerrahi eldiven,CERRAHİ ELDİVEN,afid
00105,Ceset torbası,CESET TORBASI,afid
00320,Civciv,CİVCİV,afid
00162,Coğrafi terimler ve doğa,COĞRAFİ TERİMLER VE DOĞA,afid
00021,Colt ekspress,COLT EKSPRESS,afid
00661,Cumhurbaşkanı,CUMHURBAŞKANI,afid
00481,Cüzdan,CÜZDAN,afid
00482,Çadır,ÇADIR,afid
00483,Çağrı işareti,ÇAĞRI İŞARETİ,afid
00484,Çakı,ÇAKI,afid
00511,Çalışma tezgahı,ÇALIŞMA TEZGAHI,afid
00176,Çam,ÇAM,afid
00485,Çamaşır makinesi,ÇAMAŞIR MAKİNESİ,afid
00106,Çamur pompası,ÇAMUR POMPASI,afid
00892,Çanakkale,ÇANAKKALE,afid
00893,Çankırı,ÇANKIRI,afid
00486,Çanta,ÇANTA,afid
00240,Çanta kaynağı,ÇANTA KAYNAĞI,afid
00107,Çanta tipi jeneratör,ÇANTA TİPİ JENERATÖR,afid
00487,Çarşaf,ÇARŞAF,afid
00488,Çatal,ÇATAL,afid
00489,Çatlak,ÇATLAK,afid
00241,Çatlak enjeksiyonu,ÇATLAK ENJEKSİYONU,afid
00490,Çaydanlık,ÇAYDANLIK,afid
00022,Çekiç,ÇEKİÇ,afid
00491,Çekiç,ÇEKİÇ,afid
00796,Çekici,ÇEKİCİ,afid
00321,Çekirge,ÇEKİRGE,afid
00492,Çekmece,ÇEKMECE,afid
00493,Çelik,ÇELİK,afid
00242,Çelik halat,ÇELİK HALAT,afid
00023,Çelik karabin,ÇELİK KARABİN,afid
00494,Çeşme,ÇEŞME,afid
00178,Çiçek,ÇİÇEK,afid
00024,Çiftli makara,ÇİFTLİ MAKARA,afid
00177,Çığ,ÇIĞ,afid
00495,Çığ uyarısı,ÇIĞ UYARISI,afid
00423,Çim biçme makinesi,ÇİM BİÇME MAKİNESİ,afid
00179,Çimen,ÇİMEN,afid
00496,Çivi,ÇİVİ,afid
00497,Çizme,ÇİZME,afid
00662,Çoban,ÇOBAN,afid
00504,Çök kapan tutun,ÇÖK KAPAN TUTUN,afid
00505,Çökme,ÇÖKME,afid
00506,Çöküntü depremler,ÇÖKÜNTÜ DEPREMLER,afid
00180,Çöl,ÇÖL,afid
00498,Çorap,ÇORAP,afid
00894,Çorum,ÇORUM,afid
00072,Çözelti,ÇÖZELTİ,afid
00507,Çözüm,ÇÖZÜM,afid
00508,Çuval,ÇUVAL,afid
00073,D tipi kbrn koruyucu kıyafet,D TİPİ KBRN KORUYUCU KIYAFET,afid
00181,Dağ,DAĞ,afid
00663,Dağcı,DAĞCI,afid
00514,Dağıtım,DAĞITIM,afid
00025,Dağıtım panosu,DAĞITIM PANOSU,afid
00182,Dal,DAL,afid
00183,Dalga,DALGA,afid
00664,Dalgıç,DALGIÇ,afid
00512,Dalgıç pompa,DALGIÇ POMPA,afid
00108,Dalgıç pompası,DALGIÇ POMPASI,afid
00146,Dalış bilgisayarı,DALIŞ BİLGİSAYARI,afid
00147,Dalış elbisesi,DALIŞ ELBİSESİ,afid
00148,Dalış makarası,DALIŞ MAKARASI,afid
00513,Damlama borusu,DAMLAMA BORUSU,afid
00322,Davar,DAVAR,afid
00515,Dedektör,DEDEKTÖR,afid
00519,Dedektör,DEDEKTÖR,afid
00074,Dekontaminasyon ünitesi,DEKONTAMİNASYON ÜNİTESİ,afid
00516,Demir,DEMİR,afid
00517,Demirbaş,DEMİRBAŞ,afid
00518,Denetim,DENETİM,afid
00529,Deneyim,DENEYİM,afid
00184,Deniz,DENİZ,afid
00900,Denizli,DENİZLİ,afid
00530,Depo,DEPO,afid
00185,Deprem,DEPREM,afid
00531,Deprem merkez üssü,DEPREM MERKEZ ÜSSÜ,afid
00186,Dere,DERE,afid
00722,Derece,DERECE,afid
00532,Derhal,DERHAL,afid
00323,Deve,DEVE,afid
00231,Devlet su işleri genel müdürlüğü ekipmanları ve terimler,DEVLET SU İŞLERİ GENEL MÜDÜRLÜĞÜ EKİPMANLARI VE TERİMLER,afid
00533,Dezavantaj,DEZAVANTAJ,afid
00520,Dezenfeksiyon,DEZENFEKSİYON,afid
00544,Dezenfeksiyon,DEZENFEKSİYON,afid
00026,Dinamik ip,DİNAMİK İP,afid
00424,Direk çakma makinesi,DİREK ÇAKMA MAKİNESİ,afid
00545,Direnç,DİRENÇ,afid
00546,Disiplin,DİSİPLİN,afid
00270,Distribütör,DİSTRİBÜTÖR,afid
00901,Diyarbakır,DİYARBAKIR,afid
00187,Doğa olayı,DOĞA OLAYI,afid
00547,Doğal afet,DOĞAL AFET,afid
00548,Doğalgaz,DOĞALGAZ,afid
00723,Doğum,DOĞUM,afid
00670,Doktor(1),DOKTOR(1),afid
00671,Doktor(2),DOKTOR(2),afid
00559,Dolap,DOLAP,afid
00797,Dolmuş,DOLMUŞ,afid
00798,Dolmuş,DOLMUŞ,afid
00188,Dolu,DOLU,afid
00324,Domuz,DOMUZ,afid
00560,Don ısırması,DON ISIRMASI,afid
00243,Dozer,DOZER,afid
00271,Dozer,DOZER,afid
00521,Dozer,DOZER,afid
01075,Duman,DUMAN,afid
00189,Dünya,DÜNYA,afid
00902,Düzce,DÜZCE,afid
00561,Düzen,DÜZEN,afid
00724,Eczane,ECZANE,afid
00903,Edirne,EDİRNE,afid
00522,Ekip aracı,EKİP ARACI,afid
00562,Ekip,EKİP,afid
00562,Grup,GRUP,afid
00563,Ekonomik,EKONOMİK,afid
00272,Ekskavatör,EKSKAVATÖR,afid
00425,Ekskavatör,EKSKAVATÖR,afid
00523,Ekskavatör,EKSKAVATÖR,afid
00109,El feneri,EL FENERİ,afid
00027,El jumarı,EL JUMARI,afid
00904,Elazığ,ELAZIĞ,afid
00569,Elbise,ELBİSE,afid
00570,Eldiven,ELDİVEN,afid
00524,Elektrik,ELEKTRİK,afid
00571,Elektrik,ELEKTRİK,afid
00525,Elektrik panosu,ELEKTRİK PANOSU,afid
00110,Elektrikli 12 kg kırıcı,ELEKTRİKLİ 12 KG KIRICI,afid
00111,Elektrikli 27 kg kırıcı,ELEKTRİKLİ 27 KG KIRICI,afid
00526,Elektrikli kaynak makinesi,ELEKTRİKLİ KAYNAK MAKİNESİ,afid
00527,Elektrikli su süpürgesi,ELEKTRİKLİ SU SÜPÜRGESİ,afid
00431,Elektrikli testere,ELEKTRİKLİ TESTERE,afid
00572,Emir,EMİR,afid
00528,Emniyet kemeri,EMNİYET KEMERİ,afid
00573,Emniyet(koruma),EMNİYET(KORUMA),afid
00534,Enerji,ENERJİ,afid
00600,Enerji içeceği,ENERJİ İÇECEĞİ,afid
00601,Enkaz,ENKAZ,afid
00112,Enkaz altı görüntüleme ve iletişim cihazı,ENKAZ ALTI GÖRÜNTÜLEME VE İLETİŞİM CİHAZI,afid
00602,Enkaz dökme bölgesi,ENKAZ DÖKME BÖLGESİ,afid
00603,Enkaz kaldırma,ENKAZ KALDIRMA,afid
00604,Enkaz yönetimi,ENKAZ YÖNETİMİ,afid
00605,Epidemi,EPİDEMİ,afid
00606,Erozyon,EROZYON,afid
00905,Erzincan,ERZİNCAN,afid
00906,Erzurum,ERZURUM,afid
00325,Eşek,EŞEK,afid
00607,Eşgüdüm,EŞGÜDÜM,afid
00907,Eskişehir,ESKİŞEHİR,afid
00608,Eşya,EŞYA,afid
01076,Ev yangını,EV YANGINI,afid
00609,Evrensel,EVRENSEL (1),afid
00610,Evrensel,EVRENSEL (2),afid
00611,Faal,FAAL,afid
00113,Faraş sedye,FARAŞ SEDYE,afid
00326,Fare,FARE,afid
00612,Farkındalık,FARKINDALIK,afid
00613,Fatura,FATURA,afid
00614,Fay,FAY,afid
00615,Felaket,FELAKET,afid
00725,Felç,FELÇ,afid
00260,Fen işleri dairesi başkanlığı ekipmanları ve terimler,FEN İŞLERİ DAİRESİ BAŞKANLIĞI EKİPMANLARI VE TERİMLER,afid
00149,Fener,FENER,afid
00618,Fikir,FİKİR,afid
01077,Fikrasyon,FİKRASYON,afid
00327,Fil,FİL,afid
00075,Filtre,FİLTRE,afid
00619,Fincan,FİNCAN,afid
00616,Fırça,FIRÇA,afid
00028,Fırdöndü,FIRDÖNDÜ,afid
00617,Fırın,FIRIN,afid
00076,Firstdefender,FİRSTDEFENDER,afid
00190,Fırtına,FIRTINA,afid
00535,Fiziki su kayıp kaçak tespit aracı,FİZİKİ SU KAYIP KAÇAK TESPİT ARACI,afid
00620,Flash bellek,FLASH BELLEK,afid
00328,Fok,FOK,afid
00273,Forklift,FORKLİFT,afid
00432,Forklift,FORKLİFT,afid
00536,Forklift,FORKLİFT,afid
00621,Frekans(telsiz için),FREKANS(TELSİZ İÇİN),afid
00029,Frenli indirici,FRENLİ İNDİRİCİ,afid
01078,Gaz maskesi,GAZ MASKESİ,afid
00908,Gaziantep,GAZİANTEP,afid
00622,Geçici barınma,GEÇİCİ BARINMA,afid
00623,Geçici hayvan barınağı,GEÇİCİ HAYVAN BARINAĞI,afid
00537,Gelberi,GELBERİ,afid
00624,Gelişmek,GELİŞMEK,afid
00624,Çoğalmak,ÇOĞALMAK,afid
00799,Gemi,GEMİ,afid
00150,Geyc,GEYC,afid
00329,Geyik,GEYİK,afid
00909,Giresun,GİRESUN,afid
00625,Göç,GÖÇ,afid
00626,Göçmen,GÖÇMEN,afid
00627,Göçük,GÖÇÜK,afid
00030,Göğüs jumarı,GÖĞÜS JUMARI,afid
00191,Gök gürültüsü,GÖK GÜRÜLTÜSÜ,afid
00192,Gökkuşağı,GÖKKUŞAĞI,afid
00193,Göl,GÖL,afid
00628,Görevlendirme,GÖREVLENDİRME,afid
00077,Göz yaşartıcı gaz,GÖZ YAŞARTICI GAZ,afid
00629,Gözlük,GÖZLÜK,afid
00114,Gps,GPS,afid
00274,Greyder,GREYDER,afid
00433,Greyder,GREYDER,afid
00726,Grip,GRİP,afid
00630,Grizu,GRİZU,afid
00631,Grizu patlaması,GRİZU PATLAMASI,afid
00115,Güç aktarma hortumu,GÜÇ AKTARMA HORTUMU,afid
00116,Güç ünitesi,GÜÇ ÜNİTESİ,afid
01079,Güç ünitesi,GÜÇ ÜNİTESİ,afid
00632,Güçlendirme,GÜÇLENDİRME,afid
00194,Gül,GÜL,afid
00915,Gümüşhane,GÜMÜŞHANE,afid
00195,Güneş,GÜNEŞ,afid
00633,Güvenli bölge,GÜVENLİ BÖLGE,afid
00330,Güvercin,GÜVERCİN,afid
00634,Güzergah,GÜZERGAH,afid
00635,Haber,HABER,afid
00636,Haber merkezi,HABER MERKEZİ,afid
00637,Haberleşme,HABERLEŞME,afid
00638,Hafriyat,HAFRİYAT,afid
00916,Hakkari,HAKKARİ,afid
00639,Halat,HALAT,afid
00645,Halk,HALK,afid
00727,Hamile,HAMİLE,afid
00331,Hamsi,HAMSİ,afid
00646,Harita,HARİTA,afid
00647,Hasar,HASAR,afid
00728,Hasta,HASTA,afid
00729,Hastane,HASTANE,afid
00917,Hatay,HATAY,afid
00196,Hava,HAVA,afid
00197,Hava durumu,HAVA DURUMU,afid
00117,Hava yastığı seti,HAVA YASTIĞI SETİ,afid
00648,Havalandırma,HAVALANDIRMA,afid
00649,Havlu,HAVLU,afid
00304,Hayvanlar,HAYVANLAR,afid
00650,Hedef,HEDEF,afid
00011,Hedik,HEDİK,afid
00800,Helikopter,HELİKOPTER,afid
01080,Helikopterle müdahale,HELİKOPTERLE MÜDAHALE,afid
00672,Hemşire,HEMŞİRE,afid
00198,Heyelan,HEYELAN,afid
00651,Heyelan,HEYELAN,afid
00652,Hibe,HİBE,afid
00652,Bağış,BAĞIŞ,afid
01081,Hidrant,HİDRANT,afid
00434,Hidrolik kaya kırıcı,HİDROLİK KAYA KIRICI,afid
00118,Hidrolik silindir yastığı,HİDROLİK SİLİNDİR YASTIĞI,afid
00119,Hidrolik silindirler,HİDROLİK SİLİNDİRLER,afid
00275,Hidrolik yağ,HİDROLİK YAĞ,afid
00653,Hijyen,HİJYEN,afid
00332,Hindi,HİNDİ,afid
00801,Hızlı tren,HIZLI TREN,afid
00654,Hizmet,HİZMET,afid
00673,Hizmetli,HİZMETLİ,afid
00120,Holigan demiri,HOLİGAN DEMİRİ,afid
00078,Honeywell solo sensör,HONEYWELL SOLO SENSÖR,afid
00333,Horoz,HOROZ,afid
00665,Hortum,HORTUM,afid
01082,Hortum,HORTUM,afid
01083,Hortum at,HORTUM AT,afid
01084,Hortum çek,HORTUM ÇEK,afid
01085,Hortum ekle,HORTUM EKLE,afid
01086,Hortum topla,HORTUM TOPLA,afid
00199,Hortum(doğa olayı),HORTUM(DOĞA OLAYI),afid
00918,Iğdır,IĞDIR,afid
00200,Irmak,IRMAK,afid
00666,Işık,IŞIK,afid
00919,Isparta,ISPARTA,afid
00667,Izgara,IZGARA,afid
00668,Idare,İDARE,afid
00730,Idrar,İDRAR,afid
00669,Iğne,İĞNE,afid
00685,Ihbar,İHBAR,afid
00686,Ihlal,İHLAL,afid
00687,Ihtiyaç,İHTİYAÇ,afid
00688,Ikaz,İKAZ,afid
00689,Ikaz ve alarm işareti,İKAZ VE ALARM İŞARETİ,afid
00700,Ikincil afet,İKİNCİL AFET,afid
00731,Ilaç,İLAÇ,afid
00701,Ilave,İLAVE,afid
01087,Ilk müdahale,İLK MÜDAHALE,afid
01088,Ilk müdahale hortumu,İLK MÜDAHALE HORTUMU,afid
00702,Ilk yardım,İLK YARDIM,afid
00732,Ilk yardım,İLK YARDIM,afid
00201,Ilkbahar,İLKBAHAR,afid
00860,Iller,İLLER,afid
00703,Imar,İMAR,afid
00334,Inek,İNEK,afid
00151,Inflatör egzoz,İNFLATÖR EGZOZ,afid
00674,Inşaatçı,İNŞAATÇI,afid
00704,Insani yardım,İNSANİ YARDIM,afid
00709,Insansız hava aracı(iha)1,İNSANSIZ HAVA ARACI(İHA)1,afid
00710,Insansız hava aracı(iha)2,İNSANSIZ HAVA ARACI(İHA)2,afid
00711,Internet,İNTERNET,afid
00712,Intikal,İNTİKAL,afid
00031,Ip koruyucu,İP KORUYUCU,afid
00713,Iptal,İPTAL,afid
00276,Iş kamyonu,İŞ KAMYONU,afid
00277,Iş makineleri,İŞ MAKİNELERİ,afid
01089,Iş yeri yangını,İŞ YERİ YANGINI,afid
00675,Işçi,İŞÇİ,afid
00765,Işçi,İŞÇİ,afid
00733,Işitme( sağır) engelli,İŞİTME( SAĞIR) ENGELLİ,afid
00762,Iskele,İSKELE,afid
00920,Istanbul,İSTANBUL,afid
00763,Istasyon,İSTASYON,afid
00764,Istatistik,İSTATİSTİK,afid
01090,Itfaiye aracı,İTFAİYE ARACI,afid
01057,Itfaiye genel müdürlüğü ekipmanları ve terimler,İTFAİYE GENEL MÜDÜRLÜĞÜ EKİPMANLARI VE TERİMLER,afid
00676,Itfaiyeci,İTFAİYECİ,afid
01091,Itfaiyeci çizmesi,İTFAİYECİ ÇİZMESİ,afid
01092,Itfaiyeci elbisesi,İTFAİYECİ ELBİSESİ,afid
01093,Itfaiyeci eldiveni,İTFAİYECİ ELDİVENİ,afid
01094,Itfaiyeci kaskı,İTFAİYECİ KASKI,afid
01095,Itfaiyeci yangın kemeri,İTFAİYECİ YANGIN KEMERİ,afid
00766,Izin,İZİN,afid
00921,Izmir,İZMİR,afid
00677,Jandarma,JANDARMA,afid
00121,Jeneratör,JENERATÖR,afid
00435,Jeneratör,JENERATÖR,afid
00538,Jeneratör,JENERATÖR,afid
00734,Kabakulak,KABAKULAK,afid
00767,Kabin,KABİN,afid
00768,Kablo,KABLO,afid
00539,Kaçak akım,KAÇAK AKIM,afid
00769,Kaçak(sızıntı),KAÇAK(SIZINTI),afid
00922,Kahramanmaraş,KAHRAMANMARAŞ,afid
00770,Kaldır,KALDIR,afid
00771,Kaldırım,KALDIRIM,afid
00772,Kalorifer,KALORİFER,afid
00735,Kalp krizi,KALP KRİZİ,afid
00152,Kamçı,KAMÇI,afid
00773,Kamp,KAMP,afid
00774,Kamu,KAMU,afid
00436,Kamyon,KAMYON,afid
00802,Kamyon,KAMYON,afid
00244,Kamyonlu vinç,KAMYONLU VİNÇ,afid
00278,Kamyonlu vinç,KAMYONLU VİNÇ,afid
00437,Kamyonlu vinç,KAMYONLU VİNÇ,afid
00736,Kan,KAN,afid
00540,Kanal görüntüleme aracı,KANAL GÖRÜNTÜLEME ARACI,afid
00541,Kanal temizleme aracı,KANAL TEMİZLEME ARACI,afid
00542,Kanal ve su rogar kapağı,KANAL VE SU ROGAR KAPAĞI,afid
00543,Kanalizasyon şebekesi,KANALİZASYON ŞEBEKESİ,afid
00775,Kanca,KANCA,afid
00335,Kanguru,KANGURU,afid
00737,Kanser,KANSER,afid
00776,Kapasite,KAPASİTE,afid
00777,Kapı,KAPI,afid
00336,Kaplan,KAPLAN,afid
00337,Kaplumbağa,KAPLUMBAĞA,afid
00279,Kaportahane,KAPORTAHANE,afid
00012,Kar küreği,KAR KÜREĞİ,afid
00280,Kar küreme aracı,KAR KÜREME ARACI,afid
00438,Kar küreme kamyonu,KAR KÜREME KAMYONU,afid
00439,Kar küremek,KAR KÜREMEK,afid
00440,Kar rotatif,KAR ROTATİF,afid
00779,Kar tipisi,KAR TİPİSİ,afid
00923,Karabük,KARABÜK,afid
00924,Karaman,KARAMAN,afid
00780,Karantina,KARANTİNA,afid
00781,Karar,KARAR,afid
00411,Karayolları genel müdürlüğü ekipmanları ve terimler,KARAYOLLARI GENEL MÜDÜRLÜĞÜ EKİPMANLARI VE TERİMLER,afid
00338,Karınca,KARINCA,afid
00778,Karölçer,KARÖLÇER,afid
00925,Kars,KARS,afid
00339,Kartal,KARTAL,afid
00782,Kaşık,KAŞIK,afid
01096,Kask feneri,KASK FENERİ,afid
00926,Kastamonu,KASTAMONU,afid
00202,Kaya,KAYA,afid
00783,Kaya düşmesi,KAYA DÜŞMESİ,afid
00032,Kaya stoper,KAYA STOPER,afid
00803,Kayak,KAYAK,afid
00784,Kaydetmek,KAYDETMEK,afid
00804,Kayık,KAYIK,afid
00678,Kaymakam,KAYMAKAM,afid
00281,Kaynakhane,KAYNAKHANE,afid
00927,Kayseri,KAYSERİ,afid
00785,Kaza,KAZA,afid
00786,Kazma,KAZMA,afid
00441,Kazmak,KAZMAK,afid
00079,Kbrn eldiveni,KBRN ELDİVENİ,afid
00340,Keçi,KEÇİ,afid
00442,Keçi ayağı silindir,KEÇİ AYAĞI SİLİNDİR,afid
00341,Kedi,KEDİ,afid
00342,Kelebek,KELEBEK,afid
01147,Kemer,KEMER,afid
01148,Kerpeten,KERPETEN,afid
01149,Keser,KESER,afid
00122,Kesme makası,KESME MAKASI,afid
01097,Kesme makası,KESME MAKASI,afid
00931,Kilis,KİLİS,afid
00283,Kilit,KİLİT,afid
00058,Kimyasal biyolojik radyolojik nükleer tehditler,KİMYASAL BİYOLOJİK RADYOLOJİK NÜKLEER TEHDİTLER,afid
01151,Kimyasal tehlike,KİMYASAL TEHLİKE,afid
00282,Kırıcı,KIRICI,afid
00928,Kırıkkale,KIRIKKALE,afid
00812,Kiriş,KİRİŞ,afid
00929,Kırklareli,KIRKLARELİ,afid
00343,Kirpi,KİRPİ,afid
00930,Kırşehir,KIRŞEHİR,afid
00203,Kış,KIŞ,afid
00549,Kısa devre,KISA DEVRE,afid
00813,Kişisel koruyucu ekipman,KİŞİSEL KORUYUCU EKİPMAN,afid
01150,Kısıtlama,KISITLAMA,afid
00738,Kızamık,KIZAMIK,afid
00080,Klor,KLOR,afid
00550,Klor,KLOR,afid
00344,Koç,KOÇ,afid
00932,Kocaeli,KOCAELİ,afid
00814,Kolon,KOLON,afid
00815,Koltuk,KOLTUK,afid
00123,Kombi makas,KOMBİ MAKAS,afid
01098,Kombi set makası,KOMBİ SET MAKASI,afid
00124,Kombine sedye,KOMBİNE SEDYE,afid
00284,Kompaktör,KOMPAKTÖR,afid
00827,Kömür,KÖMÜR,afid
00816,Komuta,KOMUTA,afid
00825,Konaklama,KONAKLAMA,afid
00285,Konteyner,KONTEYNER,afid
00551,Kontrol kalemi,KONTROL KALEMİ,afid
00933,Konya,KONYA,afid
00552,Koordinat,KOORDİNAT,afid
00346,Köpek,KÖPEK,afid
01099,Köpük lansları,KÖPÜK LANSLARI,afid
00739,Kör (görme ) engelli,KÖR (GÖRME ) ENGELLİ,afid
00245,Koruyucu ayakkabı,KORUYUCU AYAKKABI,afid
00246,Koruyucu gözlük,KORUYUCU GÖZLÜK,afid
00826,Kova,KOVA,afid
00553,Kovalı araç,KOVALI ARAÇ,afid
00204,Köy,KÖY,afid
00345,Koyun,KOYUN,afid
00828,Kravat,KRAVAT,afid
00740,Kronik,KRONİK,afid
00347,Kuduz,KUDUZ,afid
00829,Kullanmak,KULLANMAK,afid
00205,Kum,KUM,afid
00830,Kum,KUM,afid
00831,Kumanya,KUMANYA,afid
00832,Kural,KURAL,afid
00348,Kurbağa,KURBAĞA,afid
00554,Kurbağacık anahtar,KURBAĞACIK ANAHTAR,afid
00555,Kürek,KÜREK,afid
00838,Kürek,KÜREK,afid
00354,Kurt,KURT,afid
00833,Kurtarma,KURTARMA,afid
00033,Kurtarma makarası,KURTARMA MAKARASI,afid
00834,Kurul,KURUL,afid
00835,Kuruluş,KURULUŞ,afid
00836,Kurum,KURUM,afid
00355,Kuş,KUŞ,afid
00081,Kusturucu ajan,KUSTURUCU AJAN,afid
00934,Kütahya,KÜTAHYA,afid
00837,Kuyu,KUYU,afid
00443,Lastik zinciri,LASTİK ZİNCİRİ,afid
00444,Levha çakmak,LEVHA ÇAKMAK,afid
00556,Levye,LEVYE,afid
00356,Leylek,LEYLEK,afid
00839,Lider,LİDER,afid
00206,Liman,LİMAN,afid
00247,Loder,LODER,afid
00286,Loder,LODER,afid
00445,Loder,LODER,afid
00840,Lojistik,LOJİSTİK,afid
00557,Lokma anahtar takımı,LOKMA ANAHTAR TAKIMI,afid
00207,Mağara,MAĞARA,afid
00841,Mağdur,MAĞDUR (1),afid
00842,Mağdur,MAĞDUR (2),afid
00208,Mahalle,MAHALLE,afid
00843,Mahsur kalmak,MAHSUR KALMAK,afid
00451,Makaslı platform,MAKASLI PLATFORM,afid
00082,Makav,MAKAV,afid
00844,Makine,MAKİNE,afid
00845,Mala,MALA,afid
00940,Malatya,MALATYA,afid
00846,Mangal,MANGAL,afid
00941,Manisa,MANİSA,afid
01100,Manuel güç ünitesi,MANUEL GÜÇ ÜNİTESİ,afid
00248,Marangozhane,MARANGOZHANE,afid
00942,Mardin,MARDİN,afid
00805,Marmaray,MARMARAY,afid
00153,Maske(dalış maskesi)1,MASKE(DALIŞ MASKESİ)1,afid
00154,Maske(dalış maskesi)2,MASKE(DALIŞ MASKESİ)2,afid
00847,Matkap,MATKAP,afid
00357,Maymun,MAYMUN,afid
00125,Megafon,MEGAFON,afid
00126,Mekanik destek seti,MEKANİK DESTEK SETİ,afid
00848,Menfez,MENFEZ,afid
00741,Merhem,MERHEM,afid
00943,Mersin,MERSİN,afid
00849,Mesafe,MESAFE,afid
00850,Mesai,MESAİ,afid
00640,Meslekler,MESLEKLER,afid
00851,Metal,METAL,afid
00249,Metre,METRE,afid
00852,Metre,METRE,afid
00806,Metro,METRO,afid
00807,Metrobüs,METROBÜS,afid
00853,Metruk,METRUK,afid
00209,Mevsim,MEVSİM,afid
00854,Mevzuat,MEVZUAT,afid
00358,Midye,MİDYE,afid
00679,Mimar,MİMAR,afid
00855,Mıntıka,MINTIKA,afid
00856,Misafirhane,MİSAFİRHANE,afid
00857,Moloz,MOLOZ,afid
00452,Motopomp,MOTOPOMP,afid
00558,Motopomp,MOTOPOMP,afid
00287,Motor,MOTOR,afid
00288,Motor yağı,MOTOR YAĞI,afid
00808,Motosiklet,MOTOSİKLET,afid
00742,Muayene,MUAYENE,afid
00742,Tedavi,TEDAVİ,afid
00743,Muayene,MUAYENE,afid
00743,Tedavi,TEDAVİ,afid
00858,Müdahele,MÜDAHELE,afid
00681,Müdür,MÜDÜR,afid
00944,Muğla,MUĞLA,afid
00682,Mühendis,MÜHENDİS,afid
00680,Muhtar,MUHTAR,afid
00564,Multimetre(ölçü aleti),MULTİMETRE(ÖLÇÜ ALETİ),afid
00083,Multirae,MULTİRAE,afid
00945,Muş,MUŞ,afid
00683,Müteahhit,MÜTEAHHİT,afid
00250,Mutfak treyleri,MUTFAK TREYLERİ,afid
00453,Mutfak treyleri,MUTFAK TREYLERİ,afid
00744,Nabız,NABIZ,afid
00251,Nakliye treyleri(lowbet),NAKLİYE TREYLERİ(LOWBET),afid
00454,Nakliye treyleri(lowbet),NAKLİYE TREYLERİ(LOWBET),afid
00745,Nefes,NEFES,afid
00946,Nevşehir,NEVŞEHİR,afid
00947,Niğde,NİĞDE,afid
00859,Nükleer atık,NÜKLEER ATIK,afid
00870,Nükleer tehlike,NÜKLEER TEHLİKE,afid
00084,Numune kiti,NUMUNE KİTİ,afid
00871,Ocak(ısıtma aracı),OCAK(ISITMA ARACI),afid
00289,Odun,ODUN,afid
00872,Odun,ODUN,afid
00873,Oksijen,OKSİJEN,afid
00210,Okyanus,OKYANUS,afid
00874,Olay,OLAY,afid
00880,Olay komuta sistemi,OLAY KOMUTA SİSTEMİ,afid
01101,Olay yeri,OLAY YERİ,afid
01102,Olay yeri güvenliği,OLAY YERİ GÜVENLİĞİ,afid
01103,Olay yeri kontrolü,OLAY YERİ KONTROLÜ,afid
00881,Olay yeri koordinatörü,OLAY YERİ KOORDİNATÖRÜ,afid
00684,Operatör,OPERATÖR,afid
00690,Operatör(iletişim),OPERATÖR(İLETİŞİM),afid
00882,Orak,ORAK,afid
00948,Ordu,ORDU,afid
00883,Organizasyon,ORGANİZASYON,afid
00884,Orman yangını,ORMAN YANGINI,afid
01104,Orman yangını,ORMAN YANGINI,afid
00949,Osmaniye,OSMANİYE,afid
00809,Otobüs,OTOBÜS,afid
00691,Otobüs şoförü,OTOBÜS ŞOFÖRÜ,afid
00895,Otoyol,OTOYOL,afid
00211,Ova,OVA,afid
00692,Öğretmen,ÖĞRETMEN,afid
00746,Öksürmek,ÖKSÜRMEK,afid
00359,Örümcek,ÖRÜMCEK,afid
00896,Özgüven,ÖZGÜVEN,afid
00155,Palet,PALET,afid
00565,Pano,PANO,afid
00897,Pantolon,PANTOLON,afid
00360,Papağan,PAPAĞAN,afid
00566,Paratoner,PARATONER,afid
00898,Parke,PARKE,afid
00290,Parke taşı döşeme makinesi,PARKE TAŞI DÖŞEME MAKİNESİ,afid
00899,Parsel,PARSEL,afid
00910,Patlak,PATLAK,afid
00911,Patlama,PATLAMA,afid
00912,Paylaşmak,PAYLAŞMAK,afid
00567,Pe su borusu,PE SU BORUSU,afid
00127,Pedal ve cam kesme makası,PEDAL VE CAM KESME MAKASI,afid
00913,Pense,PENSE,afid
00034,Perlon askı,PERLON ASKI,afid
00035,Perlon band,PERLON BAND,afid
00914,Personel,PERSONEL,afid
01105,Personel takviyesi,PERSONEL TAKVİYESİ,afid
01152,Petrol,PETROL,afid
01153,Pijama,PİJAMA,afid
00252,Pikap,PİKAP,afid
00291,Pikap,PİKAP,afid
00455,Pikap,PİKAP,afid
00568,Pikap,PİKAP,afid
01154,Plan,PLAN,afid
01155,Plan,PLAN,afid
01156,Plastik,PLASTİK,afid
00574,Plc,PLC,afid
00693,Polis,POLİS,afid
00935,Pompa,POMPA,afid
00128,Pompa hortumu,POMPA HORTUMU,afid
00936,Pres,PRES,afid
00575,Priz,PRİZ,afid
00937,Proje,PROJE,afid
00694,Psikolog,PSİKOLOG,afid
00938,Puantör,PUANTÖR,afid
00085,Pülverizatör,PÜLVERİZATÖR,afid
00129,Pusula,PUSULA,afid
00086,Radyakmetre,RADYAKMETRE,afid
00087,Radyasyon,RADYASYON,afid
00088,Radyasyon dozu,RADYASYON DOZU,afid
00939,Radyolojik tehlike,RADYOLOJİK TEHLİKE,afid
00747,Rapor,RAPOR,afid
00967,Rapor(araştırma sonucu),RAPOR(ARAŞTIRMA SONUCU),afid
00968,Red,RED,afid
00969,Reflektör,REFLEKTÖR,afid
00156,Regülatör,REGÜLATÖR,afid
00748,Revir,REVİR,afid
00970,Revize,REVİZE,afid
00971,Riayet,RİAYET,afid
00253,Rim(cer)dişlisi,RİM(CER)DİŞLİSİ,afid
00254,Riper(kazıyıcı),RİPER(KAZIYICI),afid
00972,Risk,RİSK,afid
00950,Rize,RİZE,afid
00749,Röntgen,RÖNTGEN,afid
00212,Rüzgar,RÜZGAR,afid
00255,Sabit vinç,SABİT VİNÇ,afid
00973,Sabitleme,SABİTLEME,afid
01106,Sabitleme takozlar,SABİTLEME TAKOZLAR,afid
00974,Sabotaj,SABOTAJ,afid
00750,Sağlık,SAĞLIK,afid
00975,Sağlık,SAĞLIK,afid
00714,Sağlık bakanlığı ekipmanları ve terimler,SAĞLIK BAKANLIĞI EKİPMANLARI VE TERİMLER,afid
00213,Sahil,SAHİL,afid
00951,Sakarya,SAKARYA,afid
00952,Samsun,SAMSUN,afid
00976,Sandık,SANDIK,afid
00977,Saygı,SAYGI,afid
00576,Scada,SCADA,afid
00978,Seçim,SEÇİM,afid
00751,Sedye,SEDYE,afid
00979,Seferberlik,SEFERBERLİK,afid
00036,Sekizli demiri,SEKİZLİ DEMİRİ,afid
00214,Sel,SEL,afid
00130,Sepet sedye,SEPET SEDYE,afid
00089,Serpinti,SERPİNTİ,afid
00577,Sert fırça,SERT FIRÇA,afid
00752,Serum,SERUM,afid
00980,Seviye,SEVİYE,afid
00981,Seyahat,SEYAHAT,afid
00578,Seyyar lamba,SEYYAR LAMBA,afid
00579,Seyyar merdiven,SEYYAR MERDİVEN,afid
00090,Sıcak bölge,SICAK BÖLGE,afid
00982,Sığınak,SIĞINAK,afid
00953,Siirt,SİİRT,afid
00038,Sikke,SİKKE,afid
00292,Silindir,SİLİNDİR,afid
01107,Silindirler(ram),SİLİNDİRLER(RAM),afid
00361,Sinek,SİNEK,afid
00091,Sinir ajanı,SİNİR AJANI,afid
00954,Sinop,SİNOP,afid
01108,Sirayet,SİRAYET,afid
00037,Sırt çantası,SIRT ÇANTASI,afid
00215,Sis,SİS,afid
00131,Sismik ve akustik enkaz dinleme cihazı,SİSMİK VE AKUSTİK ENKAZ DİNLEME CİHAZI,afid
00132,Sismik ve akustik enkaz dinleme cihazı kontrol paneli,SİSMİK VE AKUSTİK ENKAZ DİNLEME CİHAZI KONTROL PANELİ,afid
00133,Sismik ve akustik enkaz dinleme sensörleri ve kulaklık,SİSMİK VE AKUSTİK ENKAZ DİNLEME SENSÖRLERİ VE KULAKLIK,afid
00983,Sistem,SİSTEM,afid
00955,Sivas,SİVAS,afid
00984,Sivil toplum,SİVİL TOPLUM,afid
00362,Sivrisinek,SİVRİSİNEK,afid
00985,Soba,SOBA,afid
00092,Soğuk bölge,SOĞUK BÖLGE,afid
01109,Soğutma,SOĞUTMA,afid
01109,Söndürme,SÖNDÜRME,afid
00363,Solucan,SOLUCAN,afid
00157,Sonar,SONAR,afid
00216,Sonbahar,SONBAHAR,afid
00013,Sonda,SONDA,afid
00580,Sonda cihazı,SONDA CİHAZI,afid
00986,Sondaj,SONDAJ,afid
00256,Sondaj makinesi,SONDAJ MAKİNESİ,afid
00987,Sorgulama,SORGULAMA,afid
00988,Sorumluluk,SORUMLULUK,afid
00989,Sözleşme,SÖZLEŞME,afid
00581,Spatula,SPATULA,afid
00039,Statik ip,STATİK İP,afid
00217,Su,SU,afid
00582,Su dalgıç pompası,SU DALGIÇ POMPASI,afid
00583,Su sayacı,SU SAYACI,afid
01110,Su takviyesi,SU TAKVİYESİ,afid
00257,Su tankeri,SU TANKERİ,afid
00293,Su tankeri,SU TANKERİ,afid
00456,Su tankeri,SU TANKERİ,afid
00584,Su tankeri,SU TANKERİ,afid
00585,Su terazisi,SU TERAZİSİ,afid
00499,Su ve kanalizasyon idaresi genel müdürlüğü  ekipmanları ve terimler,SU VE KANALİZASYON İDARESİ GENEL MÜDÜRLÜĞÜ  EKİPMANLARI VE TERİMLER,afid
00990,Süpürge,SÜPÜRGE,afid
00991,Sürdürülebilirlik,SÜRDÜRÜLEBİLİRLİK,afid
00992,Süreç,SÜREÇ,afid
00993,Sütun,SÜTUN,afid
01111,Suyu aç,SUYU AÇ,afid
01112,Suyu kapat,SUYU KAPAT,afid
00586,Switch,SWİTCH,afid
00158,Şamandıra,ŞAMANDIRA,afid
00587,Şamandıra,ŞAMANDIRA,afid
00956,Şanlıurfa,ŞANLIURFA,afid
00457,Şantiye,ŞANTİYE,afid
00994,Şapka,ŞAPKA,afid
00134,Şarjlı ağaç kesme makinesi,ŞARJLI AĞAÇ KESME MAKİNESİ,afid
00135,Şarjlı kombi makas,ŞARJLI KOMBİ MAKAS,afid
00136,Şarjlı liberatör,ŞARJLI LİBERATÖR,afid
01161,Şebeke suyu,ŞEBEKE SUYU,afid
00695,Şef,ŞEF,afid
00218,Şelale,ŞELALE,afid
00258,Şev,ŞEV,afid
00754,Şifa,ŞİFA,afid
00995,Şikayet,ŞİKAYET,afid
00219,Şimşek,ŞİMŞEK,afid
00753,Şırınga,ŞIRINGA,afid
00957,Şırnak,ŞIRNAK,afid
00159,Şnorkel,ŞNORKEL,afid
00696,Şoför,ŞOFÖR,afid
00996,Şok,ŞOK,afid
00755,Şurup,ŞURUP,afid
00997,Tabaka,TABAKA,afid
00998,Tabela,TABELA,afid
01113,Tahkimat seti,TAHKİMAT SETİ,afid
00756,Tahlil,TAHLİL,afid
00999,Tahliye,TAHLİYE,afid
01000,Tahliye güzergahı,TAHLİYE GÜZERGAHI,afid
01001,Tahribat,TAHRİBAT,afid
01002,Takım çalışması,TAKIM ÇALIŞMASI,afid
00589,Takım çantası,TAKIM ÇANTASI,afid
01003,Takip,TAKİP,afid
00810,Taksi,TAKSİ,afid
01004,Talep,TALEP,afid
01005,Talimat,TALİMAT,afid
00040,Tam boy emniyet kemeri,TAM BOY EMNİYET KEMERİ,afid
00160,Tam yüz maskesi,TAM YÜZ MASKESİ,afid
01006,Tamir,TAMİR,afid
00697,Tamirci,TAMİRCİ,afid
01007,Tamirhane,TAMİRHANE,afid
00041,Tandem makara,TANDEM MAKARA,afid
00757,Tansiyon aleti,TANSİYON ALETİ,afid
01008,Tarayıcı,TARAYICI,afid
00220,Taş,TAŞ,afid
01009,Taş,TAŞ,afid
01010,Taşıma,TAŞIMA,afid
00792,Taşıtlar,TAŞITLAR,afid
01011,Taşkın,TAŞKIN,afid
01012,Taşkın alanı,TAŞKIN ALANI,afid
00590,Taşlama makinesi,TAŞLAMA MAKİNESİ,afid
01013,Taşra,TAŞRA,afid
01014,Tatbikat,TATBİKAT,afid
00591,Tatlı su tankeri,TATLI SU TANKERİ,afid
00364,Tavşan,TAVŞAN,afid
00365,Tavuk,TAVUK,afid
01015,Tecrübe,TECRÜBE,afid
01016,Tedbir,TEDBİR,afid
01016,Önlem,ÖNLEM,afid
01017,Teftiş,TEFTİŞ,afid
01018,Tehlike,TEHLİKE,afid
01019,Tehlikeli madde,TEHLİKELİ MADDE,afid
00958,Tekirdağ,TEKİRDAĞ,afid
00042,Tekli makara,TEKLİ MAKARA,afid
01020,Teklif,TEKLİF,afid
00811,Tekne,TEKNE,afid
00698,Tekniker,TEKNİKER,afid
00592,Tel fırça,TEL FIRÇA,afid
00817,Teleferik,TELEFERİK,afid
01021,Telsiz,TELSİZ,afid
01022,Temin,TEMİN,afid
00137,Temiz hava seti,TEMİZ HAVA SETİ,afid
01114,Temiz hava solunum cihazı,TEMİZ HAVA SOLUNUM CİHAZI,afid
00221,Tepe,TEPE,afid
00699,Tercüman(1),TERCÜMAN(1),afid
00705,Tercüman(2),TERCÜMAN(2),afid
01023,Terlik,TERLİK,afid
01115,Termal kamera,TERMAL KAMERA,afid
01024,Tesis,TESİS,afid
00093,Tespit,TESPİT,afid
01025,Tespit,TESPİT,afid
00458,Testere,TESTERE,afid
00593,Testere,TESTERE,afid
00094,Tıbbi maske,TIBBİ MASKE,afid
01026,Tıkanma,TIKANMA,afid
00366,Tilki,TİLKİ,afid
00367,Timsah,TİMSAH,afid
00818,Tır,TIR,afid
00959,Tokat,TOKAT,afid
01027,Toplanma alanı,TOPLANMA ALANI,afid
01028,Toplantı,TOPLANTI,afid
00222,Toprak,TOPRAK,afid
01029,Toprak,TOPRAK,afid
01116,Toz maskesi,TOZ MASKESİ,afid
00043,Tozluk,TOZLUK,afid
00960,Trabzon,TRABZON,afid
00819,Trafik,TRAFİK,afid
01030,Trafik kazası,TRAFİK KAZASI,afid
01117,Trafik yönlendirme çubuğu,TRAFİK YÖNLENDİRME ÇUBUĞU,afid
00594,Trafo,TRAFO,afid
00820,Traktör,TRAKTÖR,afid
00821,Tramvay,TRAMVAY,afid
01031,Travma,TRAVMA,afid
00822,Tren,TREN,afid
00294,Tretuvar,TRETUVAR,afid
00044,Tripod,TRİPOD,afid
01118,Tripod,TRİPOD,afid
00095,Trudefender,TRUDEFENDER,afid
00223,Tsunami,TSUNAMİ,afid
01033,Tüketim,TÜKETİM,afid
00961,Tunceli,TUNCELİ,afid
01034,Tünel,TÜNEL,afid
00161,Tüp veya çelik aliminyum,TÜP VEYA ÇELİK ALİMİNYUM,afid
01119,Turbo lans,TURBO LANS,afid
01032,Tutuşma,TUTUŞMA,afid
00459,Tuz atmak,TUZ ATMAK,afid
00823,Uçak,UÇAK,afid
01035,Uçak kazası,UÇAK KAZASI,afid
01036,Ulaşım,ULAŞIM,afid
01037,Ulusal medikal kurtarma ekibi,ULUSAL MEDİKAL KURTARMA EKİBİ,afid
01038,Umke,UMKE,afid
00595,Ups(kesintisiz güç kaynağı),UPS(KESİNTİSİZ GÜÇ KAYNAĞI),afid
00596,Urgan ip,URGAN İP,afid
00962,Uşak,UŞAK,afid
01039,Uydu telefonu,UYDU TELEFONU,afid
01040,Uymak(uyum),UYMAK(UYUM),afid
00706,Uzman,UZMAN,afid
01041,Üst geçit,ÜST GEÇİT,afid
00295,Üst yapı,ÜST YAPI,afid
01042,Üyelik,ÜYELİK,afid
00296,Vabil,VABİL,afid
01043,Vaka,VAKA,afid
01044,Vakıf,VAKIF,afid
01120,Vakumlu sedye,VAKUMLU SEDYE,afid
00707,Vali,VALİ,afid
00963,Van,VAN,afid
00824,Vapur,VAPUR,afid
01045,Vatandaş,VATANDAŞ,afid
01046,Vazife,VAZİFE,afid
01047,Vida,VİDA,afid
00460,Vinç,VİNÇ,afid
00597,Vinçli kamyon,VİNÇLİ KAMYON,afid
00758,Virüs,VİRÜS,afid
00759,Vitamin,VİTAMİN,afid
00224,Volkan,VOLKAN,afid
00224,Yanardağ,YANARDAĞ,afid
00096,Yakıcı ajan,YAKICI AJAN,afid
00964,Yalova,YALOVA,afid
00225,Yangın,YANGIN,afid
01121,Yangın,YANGIN,afid
01122,Yangın algılama sistemi,YANGIN ALGILAMA SİSTEMİ,afid
01123,Yangın battaniyesi,YANGIN BATTANİYESİ,afid
01124,Yangın dolabı,YANGIN DOLABI,afid
01125,Yangın durdurucu blok,YANGIN DURDURUCU BLOK,afid
01126,Yangın durdurucu harç,YANGIN DURDURUCU HARÇ,afid
01127,Yangın durdurucu köpük,YANGIN DURDURUCU KÖPÜK,afid
01128,Yangın durdurucu plaka,YANGIN DURDURUCU PLAKA,afid
01129,Yangın durdurucu yastık,YANGIN DURDURUCU YASTIK,afid
01130,Yangın kontrol altında,YANGIN KONTROL ALTINDA,afid
01131,Yangın merdiveni,YANGIN MERDİVENİ,afid
01132,Yangın raporu,YANGIN RAPORU,afid
01133,Yangın söndürme tozları,YANGIN SÖNDÜRME TOZLARI,afid
01134,Yangın tüpü,YANGIN TÜPÜ,afid
01048,Yanık,YANIK,afid
01049,Yapım,YAPIM,afid
01049,Bakım,BAKIM,afid
01049,Onarım,ONARIM,afid
00226,Yaprak,YAPRAK,afid
00760,Yara,YARA,afid
00761,Yara bandı,YARA BANDI,afid
00368,Yarasa,YARASA,afid
00045,Yardımcı ip,YARDIMCI İP,afid
00046,Yarım emniyet kemeri,YARIM EMNİYET KEMERİ,afid
01050,Yasak,YASAK,afid
00259,Yatakhane treyleri,YATAKHANE TREYLERİ,afid
00297,Yatakhane treyleri,YATAKHANE TREYLERİ,afid
00466,Yatakhane treyleri,YATAKHANE TREYLERİ,afid
01051,Yatırım,YATIRIM,afid
00227,Yayla,YAYLA,afid
00228,Yaz,YAZ,afid
01052,Yedek,YEDEK,afid
01053,Yelek,YELEK,afid
00369,Yengeç,YENGEÇ,afid
01054,Yetki,YETKİ,afid
01055,Yıkım,YIKIM,afid
00370,Yılan,YILAN,afid
00229,Yıldırım,YILDIRIM,afid
00230,Yıldız,YILDIZ,afid
01056,Yoğunluk,YOĞUNLUK,afid
01062,Yol,YOL,afid
00467,Yol çizgi makinesi,YOL ÇİZGİ MAKİNESİ,afid
00468,Yol yapmak,YOL YAPMAK,afid
00965,Yozgat,YOZGAT,afid
01135,Yüksek basınçlı hava yastığı,YÜKSEK BASINÇLI HAVA YASTIĞI,afid
01136,Yüksek basınçlı hortum,YÜKSEK BASINÇLI HORTUM,afid
00138,Yüksek vantilasyonlu şarjlı fan,YÜKSEK VANTİLASYONLU ŞARJLI FAN,afid
00598,Yüzey temizlik makinesi,YÜZEY TEMİZLİK MAKİNESİ,afid
00708,Zabıta,ZABITA,afid
01063,Zarar,ZARAR,afid
00599,Zayıf akım,ZAYIF AKIM,afid
01064,Zehirlenme,ZEHİRLENME,afid
01065,Zemin,ZEMİN,afid
00298,Zemin süpürme aracı,ZEMİN SÜPÜRME ARACI,afid
01066,Zımpara,ZIMPARA,afid
01067,Zincir,ZİNCİR,afid
00966,Zonguldak,ZONGULDAK,afid
01068,Zorla giriş,ZORLA GİRİŞ,afid
00371,Zürafa,ZÜRAFA,afid
00300,Abone,ABONE,afid
00301,Acil,ACİL,afid
00302,Acil çağrı,ACİL ÇAĞRI,afid
00303,Acil çıkış,ACİL ÇIKIŞ,afid
00314,Acil durum,ACİL DURUM,afid
00315,Acil durum ekibi,ACİL DURUM EKİBİ,afid
00316,Acil durum planı,ACİL DURUM PLANI,afid
00317,Adres,ADRES,afid
00318,Afad,AFAD,afid
00299,Afad genel terimler,AFAD GENEL TERİMLER,afid
00349,Afad gönüllüsü,AFAD GÖNÜLLÜSÜ,afid
00350,Afet bölge komutanı,AFET BÖLGE KOMUTANI,afid
00351,Afet bölgesi,AFET BÖLGESİ,afid
01158,Afet gönüllüsü,AFET GÖNÜLLÜSÜ,afid
01159,Afet gönüllüsü,AFET GÖNÜLLÜSÜ,afid
00352,Afet tehlikesi,AFET TEHLİKESİ,afid
00353,Afet ve acil durum çantası,AFET VE ACİL DURUM ÇANTASI,afid
01137,Afetlerin etkileri,AFETLERİN ETKİLERİ,afid
01138,Afetzede,AFETZEDE,afid
01139,Afiş,AFİŞ,afid
01140,Ahşap yapı,AHŞAP YAPI,afid
01141,Akım,AKIM,afid
00377,Aktarma,AKTARMA,afid
00377,Nakil,NAKİL,afid
00378,Aktif fay,AKTİF FAY,afid
00379,Akü,AKÜ,afid
00380,Alarm,ALARM,afid
00381,Alet,ALET,afid
00382,Alkol,ALKOL,afid
00383,Alt geçit,ALT GEÇİT,afid
00384,Altın saatler,ALTIN SAATLER,afid
00385,Ampul,AMPUL,afid
00386,Ana şok,ANA ŞOK,afid
00387,Anahtar,ANAHTAR,afid
00388,Analiz,ANALİZ,afid
00389,Arama kurtarma,ARAMA KURTARMA,afid
00390,Arazi,ARAZİ,afid
00391,Arazi tespiti,ARAZİ TESPİTİ,afid
01142,Arındırma,ARINDIRMA,afid
01143,Arşiv,ARŞİV,afid
01144,Artçı deprem,ARTÇI DEPREM,afid
01145,Asansör,ASANSÖR,afid
00396,Aşırı buzlanma,AŞIRI BUZLANMA,afid
00397,Aşırı kar yağışı,AŞIRI KAR YAĞIŞI,afid
01146,Askı,ASKI,afid
00398,Ateşle yaklaşma,ATEŞLE YAKLAŞMA,afid
00399,Atık,ATIK,afid
00400,Atlet,ATLET,afid
00401,Avantaj,AVANTAJ,afid
00402,Ayakkabı,AYAKKABI,afid
00403,Ayna,AYNA,afid
00404,Balkon,BALKON,afid
00405,Balta,BALTA,afid
00406,Balyoz,BALYOZ,afid
00407,Bant,BANT,afid
00408,Bardak,BARDAK,afid
00409,Baret,BARET,afid
00410,Barınma,BARINMA,afid
00416,Bariyer,BARİYER,afid
00417,Baskül,BASKÜL,afid
00418,Başvuru,BAŞVURU,afid
00419,Batarya,BATARYA,afid
00420,Battaniye,BATTANİYE,afid
00426,Baza,BAZA,afid
00427,Bekletme merkezi,BEKLETME MERKEZİ,afid
00428,Benzin,BENZİN,afid
00429,Bere,BERE,afid
00430,Beton,BETON,afid
00446,Bilgi ağı,BİLGİ AĞI,afid
00447,Bilinçlendirme,BİLİNÇLENDİRME,afid
00448,Bina,BİNA,afid
00449,Bina göçmesi,BİNA GÖÇMESİ,afid
00450,Biyolojik tehlike,BİYOLOJİK TEHLİKE,afid
00461,Bodrum kat,BODRUM KAT,afid
00462,Boğulma,BOĞULMA,afid
00465,Bölge,BÖLGE,afid
00469,Bölge planı,BÖLGE PLANI,afid
00470,Bölgeleme,BÖLGELEME,afid
00471,Bölgesel afet,BÖLGESEL AFET,afid
00463,Bot,BOT,afid
00464,Boya,BOYA,afid
00472,Buharlaşma,BUHARLAŞMA,afid
00473,Bulaşıcı hastalık,BULAŞICI HASTALIK,afid
00474,Bulaşık makinesi,BULAŞIK MAKİNESİ,afid
00475,Buz,BUZ,afid
00476,Buz(buz küpü),BUZ(BUZ KÜPÜ),afid
00477,Buzdolabı,BUZDOLABI,afid
00482,Çadır,ÇADIR,afid
00483,Çağrı işareti,ÇAĞRI İŞARETİ,afid
00484,Çakı,ÇAKI,afid
00478,Cam,CAM,afid
00485,Çamaşır makinesi,ÇAMAŞIR MAKİNESİ,afid
00479,Cankurtaran,CANKURTARAN,afid
00486,Çanta,ÇANTA,afid
00487,Çarşaf,ÇARŞAF,afid
00488,Çatal,ÇATAL,afid
00489,Çatlak,ÇATLAK,afid
00490,Çaydanlık,ÇAYDANLIK,afid
00480,Ceket,CEKET,afid
00491,Çekiç,ÇEKİÇ,afid
00492,Çekmece,ÇEKMECE,afid
00493,Çelik,ÇELİK,afid
00494,Çeşme,ÇEŞME,afid
00495,Çığ uyarısı,ÇIĞ UYARISI,afid
00496,Çivi,ÇİVİ,afid
00497,Çizme,ÇİZME,afid
00504,Çök kapan tutun,ÇÖK KAPAN TUTUN,afid
00505,Çökme,ÇÖKME,afid
00506,Çöküntü depremler,ÇÖKÜNTÜ DEPREMLER,afid
00498,Çorap,ÇORAP,afid
00507,Çözüm,ÇÖZÜM,afid
00508,Çuval,ÇUVAL,afid
00481,Cüzdan,CÜZDAN,afid
00514,Dağıtım,DAĞITIM,afid
00515,Dedektör,DEDEKTÖR,afid
00516,Demir,DEMİR,afid
00517,Demirbaş,DEMİRBAŞ,afid
00518,Denetim,DENETİM,afid
00529,Deneyim,DENEYİM,afid
00530,Depo,DEPO,afid
00531,Deprem merkez üssü,DEPREM MERKEZ ÜSSÜ,afid
00532,Derhal,DERHAL,afid
00533,Dezavantaj,DEZAVANTAJ,afid
00544,Dezenfeksiyon,DEZENFEKSİYON,afid
00545,Direnç,DİRENÇ,afid
00546,Disiplin,DİSİPLİN,afid
00547,Doğal afet,DOĞAL AFET,afid
00548,Doğalgaz,DOĞALGAZ,afid
00559,Dolap,DOLAP,afid
00560,Don ısırması,DON ISIRMASI,afid
00561,Düzen,DÜZEN,afid
00562,Ekip,EKİP,afid
00562,Grup,GRUP,afid
00563,Ekonomik,EKONOMİK,afid
00569,Elbise,ELBİSE,afid
00570,Eldiven,ELDİVEN,afid
00571,Elektrik,ELEKTRİK,afid
00572,Emir,EMİR,afid
00573,Emniyet(koruma),EMNİYET(KORUMA),afid
00600,Enerji içeceği,ENERJİ İÇECEĞİ,afid
00601,Enkaz,ENKAZ,afid
00602,Enkaz dökme bölgesi,ENKAZ DÖKME BÖLGESİ,afid
00603,Enkaz kaldırma,ENKAZ KALDIRMA,afid
00604,Enkaz yönetimi,ENKAZ YÖNETİMİ,afid
00605,Epidemi,EPİDEMİ,afid
00606,Erozyon,EROZYON,afid
00607,Eşgüdüm,EŞGÜDÜM,afid
00608,Eşya,EŞYA,afid
00609,Evrensel,EVRENSEL (1),afid
00610,Evrensel,EVRENSEL (2),afid
00611,Faal,FAAL,afid
00612,Farkındalık,FARKINDALIK,afid
00613,Fatura,FATURA,afid
00614,Fay,FAY,afid
00615,Felaket,FELAKET,afid
00618,Fikir,FİKİR,afid
00619,Fincan,FİNCAN,afid
00616,Fırça,FIRÇA,afid
00617,Fırın,FIRIN,afid
00620,Flash bellek,FLASH BELLEK,afid
00621,Frekans(telsiz için),FREKANS(TELSİZ İÇİN),afid
00622,Geçici barınma,GEÇİCİ BARINMA,afid
00623,Geçici hayvan barınağı,GEÇİCİ HAYVAN BARINAĞI,afid
00624,Gelişmek,GELİŞMEK,afid
00624,Çoğalmak,ÇOĞALMAK,afid
00625,Göç,GÖÇ,afid
00626,Göçmen,GÖÇMEN,afid
00627,Göçük,GÖÇÜK,afid
00628,Görevlendirme,GÖREVLENDİRME,afid
00629,Gözlük,GÖZLÜK,afid
00630,Grizu,GRİZU,afid
00631,Grizu patlaması,GRİZU PATLAMASI,afid
00632,Güçlendirme,GÜÇLENDİRME,afid
00633,Güvenli bölge,GÜVENLİ BÖLGE,afid
00634,Güzergah,GÜZERGAH,afid
00635,Haber,HABER,afid
00636,Haber merkezi,HABER MERKEZİ,afid
00637,Haberleşme,HABERLEŞME,afid
00638,Hafriyat,HAFRİYAT,afid
00639,Halat,HALAT,afid
00645,Halk,HALK,afid
00646,Harita,HARİTA,afid
00647,Hasar,HASAR,afid
00648,Havalandırma,HAVALANDIRMA,afid
00649,Havlu,HAVLU,afid
00650,Hedef,HEDEF,afid
00651,Heyelan,HEYELAN,afid
00652,Hibe,HİBE,afid
00652,Bağış,BAĞIŞ,afid
00653,Hijyen,HİJYEN,afid
00654,Hizmet,HİZMET,afid
00665,Hortum,HORTUM,afid
00668,Idare,İDARE,afid
00669,Iğne,İĞNE,afid
00685,Ihbar,İHBAR,afid
00686,Ihlal,İHLAL,afid
00687,Ihtiyaç,İHTİYAÇ,afid
00688,Ikaz,İKAZ,afid
00689,Ikaz ve alarm işareti,İKAZ VE ALARM İŞARETİ,afid
00700,Ikincil afet,İKİNCİL AFET,afid
00701,Ilave,İLAVE,afid
00702,Ilk yardım,İLK YARDIM,afid
00703,Imar,İMAR,afid
00704,Insani yardım,İNSANİ YARDIM,afid
00709,Insansız hava aracı(iha)1,İNSANSIZ HAVA ARACI(İHA)1,afid
00710,Insansız hava aracı(iha)2,İNSANSIZ HAVA ARACI(İHA)2,afid
00711,Internet,İNTERNET,afid
00712,Intikal,İNTİKAL,afid
00713,Iptal,İPTAL,afid
00765,Işçi,İŞÇİ,afid
00666,Işık,IŞIK,afid
00762,Iskele,İSKELE,afid
00763,Istasyon,İSTASYON,afid
00764,Istatistik,İSTATİSTİK,afid
00667,Izgara,IZGARA,afid
00766,Izin,İZİN,afid
00767,Kabin,KABİN,afid
00768,Kablo,KABLO,afid
00769,Kaçak(sızıntı),KAÇAK(SIZINTI),afid
00770,Kaldır,KALDIR,afid
00771,Kaldırım,KALDIRIM,afid
00772,Kalorifer,KALORİFER,afid
00773,Kamp,KAMP,afid
00774,Kamu,KAMU,afid
00775,Kanca,KANCA,afid
00776,Kapasite,KAPASİTE,afid
00777,Kapı,KAPI,afid
00779,Kar tipisi,KAR TİPİSİ,afid
00780,Karantina,KARANTİNA,afid
00781,Karar,KARAR,afid
00778,Karölçer,KARÖLÇER,afid
00782,Kaşık,KAŞIK,afid
00783,Kaya düşmesi,KAYA DÜŞMESİ,afid
00784,Kaydetmek,KAYDETMEK,afid
00785,Kaza,KAZA,afid
00786,Kazma,KAZMA,afid
01147,Kemer,KEMER,afid
01148,Kerpeten,KERPETEN,afid
01149,Keser,KESER,afid
01151,Kimyasal tehlike,KİMYASAL TEHLİKE,afid
00812,Kiriş,KİRİŞ,afid
00813,Kişisel koruyucu ekipman,KİŞİSEL KORUYUCU EKİPMAN,afid
01150,Kısıtlama,KISITLAMA,afid
00814,Kolon,KOLON,afid
00815,Koltuk,KOLTUK,afid
00827,Kömür,KÖMÜR,afid
00816,Komuta,KOMUTA,afid
00825,Konaklama,KONAKLAMA,afid
00826,Kova,KOVA,afid
00828,Kravat,KRAVAT,afid
00829,Kullanmak,KULLANMAK,afid
00830,Kum,KUM,afid
00831,Kumanya,KUMANYA,afid
00832,Kural,KURAL,afid
00838,Kürek,KÜREK,afid
00833,Kurtarma,KURTARMA,afid
00834,Kurul,KURUL,afid
00835,Kuruluş,KURULUŞ,afid
00836,Kurum,KURUM,afid
00837,Kuyu,KUYU,afid
00839,Lider,LİDER,afid
00840,Lojistik,LOJİSTİK,afid
00841,Mağdur,MAĞDUR (1),afid
00842,Mağdur,MAĞDUR (2),afid
00843,Mahsur kalmak,MAHSUR KALMAK,afid
00844,Makine,MAKİNE,afid
00845,Mala,MALA,afid
00846,Mangal,MANGAL,afid
00847,Matkap,MATKAP,afid
00848,Menfez,MENFEZ,afid
00849,Mesafe,MESAFE,afid
00850,Mesai,MESAİ,afid
00851,Metal,METAL,afid
00852,Metre,METRE,afid
00853,Metruk,METRUK,afid
00854,Mevzuat,MEVZUAT,afid
00855,Mıntıka,MINTIKA,afid
00856,Misafirhane,MİSAFİRHANE,afid
00857,Moloz,MOLOZ,afid
00858,Müdahele,MÜDAHELE,afid
00859,Nükleer atık,NÜKLEER ATIK,afid
00870,Nükleer tehlike,NÜKLEER TEHLİKE,afid
00871,Ocak(ısıtma aracı),OCAK(ISITMA ARACI),afid
00872,Odun,ODUN,afid
00873,Oksijen,OKSİJEN,afid
00874,Olay,OLAY,afid
00880,Olay komuta sistemi,OLAY KOMUTA SİSTEMİ,afid
00881,Olay yeri koordinatörü,OLAY YERİ KOORDİNATÖRÜ,afid
00882,Orak,ORAK,afid
00883,Organizasyon,ORGANİZASYON,afid
00884,Orman yangını,ORMAN YANGINI,afid
00895,Otoyol,OTOYOL,afid
00896,Özgüven,ÖZGÜVEN,afid
00897,Pantolon,PANTOLON,afid
00898,Parke,PARKE,afid
00899,Parsel,PARSEL,afid
00910,Patlak,PATLAK,afid
00911,Patlama,PATLAMA,afid
00912,Paylaşmak,PAYLAŞMAK,afid
00913,Pense,PENSE,afid
00914,Personel,PERSONEL,afid
01152,Petrol,PETROL,afid
01153,Pijama,PİJAMA,afid
01154,Plan,PLAN,afid
01155,Plan,PLAN,afid
01156,Plastik,PLASTİK,afid
00935,Pompa,POMPA,afid
00936,Pres,PRES,afid
00937,Proje,PROJE,afid
00938,Puantör,PUANTÖR,afid
00939,Radyolojik tehlike,RADYOLOJİK TEHLİKE,afid
00967,Rapor(araştırma sonucu),RAPOR(ARAŞTIRMA SONUCU),afid
00968,Red,RED,afid
00969,Reflektör,REFLEKTÖR,afid
00970,Revize,REVİZE,afid
00971,Riayet,RİAYET,afid
00972,Risk,RİSK,afid
00973,Sabitleme,SABİTLEME,afid
00974,Sabotaj,SABOTAJ,afid
00975,Sağlık,SAĞLIK,afid
00976,Sandık,SANDIK,afid
00994,Şapka,ŞAPKA,afid
00977,Saygı,SAYGI,afid
00978,Seçim,SEÇİM,afid
00979,Seferberlik,SEFERBERLİK,afid
00980,Seviye,SEVİYE,afid
00981,Seyahat,SEYAHAT,afid
00982,Sığınak,SIĞINAK,afid
00995,Şikayet,ŞİKAYET,afid
00983,Sistem,SİSTEM,afid
00984,Sivil toplum,SİVİL TOPLUM,afid
00985,Soba,SOBA,afid
00996,Şok,ŞOK,afid
00986,Sondaj,SONDAJ,afid
00987,Sorgulama,SORGULAMA,afid
00988,Sorumluluk,SORUMLULUK,afid
00989,Sözleşme,SÖZLEŞME,afid
00990,Süpürge,SÜPÜRGE,afid
00991,Sürdürülebilirlik,SÜRDÜRÜLEBİLİRLİK,afid
00992,Süreç,SÜREÇ,afid
00993,Sütun,SÜTUN,afid
00997,Tabaka,TABAKA,afid
00998,Tabela,TABELA,afid
00999,Tahliye,TAHLİYE,afid
01000,Tahliye güzergahı,TAHLİYE GÜZERGAHI,afid
01001,Tahribat,TAHRİBAT,afid
01002,Takım çalışması,TAKIM ÇALIŞMASI,afid
01003,Takip,TAKİP,afid
01004,Talep,TALEP,afid
01005,Talimat,TALİMAT,afid
01006,Tamir,TAMİR,afid
01007,Tamirhane,TAMİRHANE,afid
01008,Tarayıcı,TARAYICI,afid
01009,Taş,TAŞ,afid
01010,Taşıma,TAŞIMA,afid
01011,Taşkın,TAŞKIN,afid
01012,Taşkın alanı,TAŞKIN ALANI,afid
01013,Taşra,TAŞRA,afid
01014,Tatbikat,TATBİKAT,afid
01015,Tecrübe,TECRÜBE,afid
01016,Tedbir,TEDBİR,afid
01016,Önlem,ÖNLEM,afid
01017,Teftiş,TEFTİŞ,afid
01018,Tehlike,TEHLİKE,afid
01019,Tehlikeli madde,TEHLİKELİ MADDE,afid
01020,Teklif,TEKLİF,afid
01021,Telsiz,TELSİZ,afid
01022,Temin,TEMİN,afid
01023,Terlik,TERLİK,afid
01024,Tesis,TESİS,afid
01025,Tespit,TESPİT,afid
01026,Tıkanma,TIKANMA,afid
01027,Toplanma alanı,TOPLANMA ALANI,afid
01028,Toplantı,TOPLANTI,afid
01029,Toprak,TOPRAK,afid
01030,Trafik kazası,TRAFİK KAZASI,afid
01031,Travma,TRAVMA,afid
01033,Tüketim,TÜKETİM,afid
01034,Tünel,TÜNEL,afid
01032,Tutuşma,TUTUŞMA,afid
01035,Uçak kazası,UÇAK KAZASI,afid
01036,Ulaşım,ULAŞIM,afid
01037,Ulusal medikal kurtarma ekibi,ULUSAL MEDİKAL KURTARMA EKİBİ,afid
01038,Umke,UMKE,afid
01041,Üst geçit,ÜST GEÇİT,afid
01039,Uydu telefonu,UYDU TELEFONU,afid
01042,Üyelik,ÜYELİK,afid
01040,Uymak(uyum),UYMAK(UYUM),afid
01043,Vaka,VAKA,afid
01044,Vakıf,VAKIF,afid
01045,Vatandaş,VATANDAŞ,afid
01046,Vazife,VAZİFE,afid
01047,Vida,VİDA,afid
01048,Yanık,YANIK,afid
01049,Yapım,YAPIM,afid
01049,Bakım,BAKIM,afid
01049,Onarım,ONARIM,afid
01050,Yasak,YASAK,afid
01051,Yatırım,YATIRIM,afid
01052,Yedek,YEDEK,afid
01053,Yelek,YELEK,afid
01054,Yetki,YETKİ,afid
01055,Yıkım,YIKIM,afid
01056,Yoğunluk,YOĞUNLUK,afid
01062,Yol,YOL,afid
01063,Zarar,ZARAR,afid
01064,Zehirlenme,ZEHİRLENME,afid
01065,Zemin,ZEMİN,afid
01066,Zımpara,ZIMPARA,afid
01067,Zincir,ZİNCİR,afid
01068,Zorla giriş,ZORLA GİRİŞ,afid
00059,A tipi kbrn koruyucu kıyafet,A TİPİ KBRN KORUYUCU KIYAFET,afid
00060,Acil kaçış maskesi,ACİL KAÇIŞ MASKESİ,afid
00061,Aerosol,AEROSOL,afid
00057,Afad kbrn arama kurtarma malzemeleri,AFAD KBRN ARAMA KURTARMA MALZEMELERİ,afid
00062,Antidot(panzehir),ANTİDOT(PANZEHİR),afid
00063,Antraks(şarbon),ANTRAKS(ŞARBON),afid
00064,Asit,ASİT,afid
00065,Askeri tip gaz maskesi,ASKERİ TİP GAZ MASKESİ,afid
00066,B tipi kbrn koruyucu kıyafet,B TİPİ KBRN KORUYUCU KIYAFET,afid
00067,Baz,BAZ,afid
00068,Biyolojik tehlike,BİYOLOJİK TEHLİKE,afid
00069,Boğucu alan,BOĞUCU ALAN,afid
00070,C tipi kbrn koruyucu kıyafet,C TİPİ KBRN KORUYUCU KIYAFET,afid
00071,Cerrahi eldiven,CERRAHİ ELDİVEN,afid
00072,Çözelti,ÇÖZELTİ,afid
00073,D tipi kbrn koruyucu kıyafet,D TİPİ KBRN KORUYUCU KIYAFET,afid
00074,Dekontaminasyon ünitesi,DEKONTAMİNASYON ÜNİTESİ,afid
00075,Filtre,FİLTRE,afid
00076,Firstdefender,FİRSTDEFENDER,afid
00077,Göz yaşartıcı gaz,GÖZ YAŞARTICI GAZ,afid
00078,Honeywell solo sensör,HONEYWELL SOLO SENSÖR,afid
00079,Kbrn eldiveni,KBRN ELDİVENİ,afid
00058,Kimyasal biyolojik radyolojik nükleer tehditler,KİMYASAL BİYOLOJİK RADYOLOJİK NÜKLEER TEHDİTLER,afid
00080,Klor,KLOR,afid
00081,Kusturucu ajan,KUSTURUCU AJAN,afid
00082,Makav,MAKAV,afid
00083,Multirae,MULTİRAE,afid
00084,Numune kiti,NUMUNE KİTİ,afid
00085,Pülverizatör,PÜLVERİZATÖR,afid
00086,Radyakmetre,RADYAKMETRE,afid
00087,Radyasyon,RADYASYON,afid
00088,Radyasyon dozu,RADYASYON DOZU,afid
00089,Serpinti,SERPİNTİ,afid
00090,Sıcak bölge,SICAK BÖLGE,afid
00091,Sinir ajanı,SİNİR AJANI,afid
00092,Soğuk bölge,SOĞUK BÖLGE,afid
00093,Tespit,TESPİT,afid
00094,Tıbbi maske,TIBBİ MASKE,afid
00095,Trudefender,TRUDEFENDER,afid
00096,Yakıcı ajan,YAKICI AJAN,afid
00097,Afad kentsel arama kurtarma malzemeleri,AFAD KENTSEL ARAMA KURTARMA MALZEMELERİ,afid
00098,Araç önü vinç,ARAÇ ÖNÜ VİNÇ,afid
00099,Ayırma makası,AYIRMA MAKASI,afid
00100,Benzinli 27 kg kırıcı,BENZİNLİ 27 KG KIRICI,afid
00101,Benzinli ağaç kesme makinesi,BENZİNLİ AĞAÇ KESME MAKİNESİ,afid
00102,Benzinli beton ve demir kesme makinesi,BENZİNLİ BETON VE DEMİR KESME MAKİNESİ,afid
00103,Benzinli liberatör,BENZİNLİ LİBERATÖR,afid
00104,Beton çatlatma ve patlatma makası,BETON ÇATLATMA VE PATLATMA MAKASI,afid
00106,Çamur pompası,ÇAMUR POMPASI,afid
00107,Çanta tipi jeneratör,ÇANTA TİPİ JENERATÖR,afid
00105,Ceset torbası,CESET TORBASI,afid
00108,Dalgıç pompası,DALGIÇ POMPASI,afid
00109,El feneri,EL FENERİ,afid
00110,Elektrikli 12 kg kırıcı,ELEKTRİKLİ 12 KG KIRICI,afid
00111,Elektrikli 27 kg kırıcı,ELEKTRİKLİ 27 KG KIRICI,afid
00112,Enkaz altı görüntüleme ve iletişim cihazı,ENKAZ ALTI GÖRÜNTÜLEME VE İLETİŞİM CİHAZI,afid
00113,Faraş sedye,FARAŞ SEDYE,afid
00114,Gps,GPS,afid
00115,Güç aktarma hortumu,GÜÇ AKTARMA HORTUMU,afid
00116,Güç ünitesi,GÜÇ ÜNİTESİ,afid
00117,Hava yastığı seti,HAVA YASTIĞI SETİ,afid
00118,Hidrolik silindir yastığı,HİDROLİK SİLİNDİR YASTIĞI,afid
00119,Hidrolik silindirler,HİDROLİK SİLİNDİRLER,afid
00120,Holigan demiri,HOLİGAN DEMİRİ,afid
00121,Jeneratör,JENERATÖR,afid
00122,Kesme makası,KESME MAKASI,afid
00123,Kombi makas,KOMBİ MAKAS,afid
00124,Kombine sedye,KOMBİNE SEDYE,afid
00125,Megafon,MEGAFON,afid
00126,Mekanik destek seti,MEKANİK DESTEK SETİ,afid
00127,Pedal ve cam kesme makası,PEDAL VE CAM KESME MAKASI,afid
00128,Pompa hortumu,POMPA HORTUMU,afid
00129,Pusula,PUSULA,afid
00134,Şarjlı ağaç kesme makinesi,ŞARJLI AĞAÇ KESME MAKİNESİ,afid
00135,Şarjlı kombi makas,ŞARJLI KOMBİ MAKAS,afid
00136,Şarjlı liberatör,ŞARJLI LİBERATÖR,afid
00130,Sepet sedye,SEPET SEDYE,afid
00131,Sismik ve akustik enkaz dinleme cihazı,SİSMİK VE AKUSTİK ENKAZ DİNLEME CİHAZI,afid
00132,Sismik ve akustik enkaz dinleme cihazı kontrol paneli,SİSMİK VE AKUSTİK ENKAZ DİNLEME CİHAZI KONTROL PANELİ,afid
00133,Sismik ve akustik enkaz dinleme sensörleri ve kulaklık,SİSMİK VE AKUSTİK ENKAZ DİNLEME SENSÖRLERİ VE KULAKLIK,afid
00137,Temiz hava seti,TEMİZ HAVA SETİ,afid
00138,Yüksek vantilasyonlu şarjlı fan,YÜKSEK VANTİLASYONLU ŞARJLI FAN,afid
00014,Afad dağ arama kurtarma malzemeleri,AFAD DAĞ ARAMA KURTARMA MALZEMELERİ,afid
00015,Alüminyum karabin,ALÜMİNYUM KARABİN,afid
00016,Atc emniyet,ATC EMNİYET,afid
00017,Baton,BATON,afid
00018,Belay bold vida,BELAY BOLD VİDA,afid
00019,Belay halka,BELAY HALKA,afid
00020,Buz kazması,BUZ KAZMASI,afid
00022,Çekiç,ÇEKİÇ,afid
00023,Çelik karabin,ÇELİK KARABİN,afid
00024,Çiftli makara,ÇİFTLİ MAKARA,afid
00021,Colt ekspress,COLT EKSPRESS,afid
00025,Dağıtım panosu,DAĞITIM PANOSU,afid
00026,Dinamik ip,DİNAMİK İP,afid
00027,El jumarı,EL JUMARI,afid
00028,Fırdöndü,FIRDÖNDÜ,afid
00029,Frenli indirici,FRENLİ İNDİRİCİ,afid
00030,Göğüs jumarı,GÖĞÜS JUMARI,afid
00031,Ip koruyucu,İP KORUYUCU,afid
00032,Kaya stoper,KAYA STOPER,afid
00033,Kurtarma makarası,KURTARMA MAKARASI,afid
00034,Perlon askı,PERLON ASKI,afid
00035,Perlon band,PERLON BAND,afid
00036,Sekizli demiri,SEKİZLİ DEMİRİ,afid
00038,Sikke,SİKKE,afid
00037,Sırt çantası,SIRT ÇANTASI,afid
00039,Statik ip,STATİK İP,afid
00040,Tam boy emniyet kemeri,TAM BOY EMNİYET KEMERİ,afid
00041,Tandem makara,TANDEM MAKARA,afid
00042,Tekli makara,TEKLİ MAKARA,afid
00043,Tozluk,TOZLUK,afid
00044,Tripod,TRİPOD,afid
00045,Yardımcı ip,YARDIMCI İP,afid
00046,Yarım emniyet kemeri,YARIM EMNİYET KEMERİ,afid
00140,1 kg'lık ağırlık kemeri,1 KG'LIK AĞIRLIK KEMERİ,afid
00139,Afad su altı arama kurtarma malzemeleri,AFAD SU ALTI ARAMA KURTARMA MALZEMELERİ,afid
00141,Ağırlık kemeri,AĞIRLIK KEMERİ,afid
00142,Ahtapot,AHTAPOT,afid
00143,Bc denge yeleği,BC DENGE YELEĞİ,afid
00144,Bıçak,BIÇAK,afid
00145,Bot(su altı),BOT(SU ALTI),afid
00146,Dalış bilgisayarı,DALIŞ BİLGİSAYARI,afid
00147,Dalış elbisesi,DALIŞ ELBİSESİ,afid
00148,Dalış makarası,DALIŞ MAKARASI,afid
00149,Fener,FENER,afid
00150,Geyc,GEYC,afid
00151,Inflatör egzoz,İNFLATÖR EGZOZ,afid
00152,Kamçı,KAMÇI,afid
00153,Maske(dalış maskesi)1,MASKE(DALIŞ MASKESİ)1,afid
00154,Maske(dalış maskesi)2,MASKE(DALIŞ MASKESİ)2,afid
00155,Palet,PALET,afid
00156,Regülatör,REGÜLATÖR,afid
00158,Şamandıra,ŞAMANDIRA,afid
00159,Şnorkel,ŞNORKEL,afid
00157,Sonar,SONAR,afid
00160,Tam yüz maskesi,TAM YÜZ MASKESİ,afid
00161,Tüp veya çelik aliminyum,TÜP VEYA ÇELİK ALİMİNYUM,afid
00009,Afad çığ arama kurtarma malzemeleri,AFAD ÇIĞ ARAMA KURTARMA MALZEMELERİ,afid
00010,Bipder,BİPDER,afid
00011,Hedik,HEDİK,afid
00012,Kar küreği,KAR KÜREĞİ,afid
00013,Sonda,SONDA,afid
00715,Ameliyat,AMELİYAT,afid
00718,Aşı,AŞI,afid
00716,Aspirin,ASPİRİN,afid
00717,Astım,ASTIM,afid
00719,Bandaj,BANDAJ,afid
00720,Baş ağrısı,BAŞ AĞRISI,afid
00721,Baş dönmesi,BAŞ DÖNMESİ,afid
00722,Derece,DERECE,afid
00723,Doğum,DOĞUM,afid
00724,Eczane,ECZANE,afid
00725,Felç,FELÇ,afid
00726,Grip,GRİP,afid
00727,Hamile,HAMİLE,afid
00728,Hasta,HASTA,afid
00729,Hastane,HASTANE,afid
00730,Idrar,İDRAR,afid
00731,Ilaç,İLAÇ,afid
00732,Ilk yardım,İLK YARDIM,afid
00733,Işitme( sağır) engelli,İŞİTME( SAĞIR) ENGELLİ,afid
00734,Kabakulak,KABAKULAK,afid
00735,Kalp krizi,KALP KRİZİ,afid
00736,Kan,KAN,afid
00737,Kanser,KANSER,afid
00738,Kızamık,KIZAMIK,afid
00739,Kör (görme ) engelli,KÖR (GÖRME ) ENGELLİ,afid
00740,Kronik,KRONİK,afid
00347,Kuduz,KUDUZ,afid
00741,Merhem,MERHEM,afid
00742,Muayene,MUAYENE,afid
00742,Tedavi,TEDAVİ,afid
00743,Muayene,MUAYENE,afid
00743,Tedavi,TEDAVİ,afid
00744,Nabız,NABIZ,afid
00745,Nefes,NEFES,afid
00746,Öksürmek,ÖKSÜRMEK,afid
00747,Rapor,RAPOR,afid
00748,Revir,REVİR,afid
00749,Röntgen,RÖNTGEN,afid
00750,Sağlık,SAĞLIK,afid
00714,Sağlık bakanlığı ekipmanları ve terimler,SAĞLIK BAKANLIĞI EKİPMANLARI VE TERİMLER,afid
00751,Sedye,SEDYE,afid
00752,Serum,SERUM,afid
00754,Şifa,ŞİFA,afid
00753,Şırınga,ŞIRINGA,afid
00755,Şurup,ŞURUP,afid
00756,Tahlil,TAHLİL,afid
00757,Tansiyon aleti,TANSİYON ALETİ,afid
00758,Virüs,VİRÜS,afid
00759,Vitamin,VİTAMİN,afid
00760,Yara,YARA,afid
00761,Yara bandı,YARA BANDI,afid
00412,Akaryakıt tankeri,AKARYAKIT TANKERİ,afid
00413,Asfalt distribütörü,ASFALT DİSTRİBÜTÖRÜ,afid
00414,Asfalt kazıma makinesi(freze),ASFALT KAZIMA MAKİNESİ(FREZE),afid
00415,Asfalt plenti,ASFALT PLENTİ,afid
01160,Asfalt serici(finişer),ASFALT SERİCİ(FİNİŞER),afid
00421,Asfalt sermek,ASFALT SERMEK,afid
00422,Beko loder,BEKO LODER,afid
00423,Çim biçme makinesi,ÇİM BİÇME MAKİNESİ,afid
00424,Direk çakma makinesi,DİREK ÇAKMA MAKİNESİ,afid
00425,Ekskavatör,EKSKAVATÖR,afid
00431,Elektrikli testere,ELEKTRİKLİ TESTERE,afid
00432,Forklift,FORKLİFT,afid
00433,Greyder,GREYDER,afid
00434,Hidrolik kaya kırıcı,HİDROLİK KAYA KIRICI,afid
00435,Jeneratör,JENERATÖR,afid
00436,Kamyon,KAMYON,afid
00437,Kamyonlu vinç,KAMYONLU VİNÇ,afid
00438,Kar küreme kamyonu,KAR KÜREME KAMYONU,afid
00439,Kar küremek,KAR KÜREMEK,afid
00440,Kar rotatif,KAR ROTATİF,afid
00411,Karayolları genel müdürlüğü ekipmanları ve terimler,KARAYOLLARI GENEL MÜDÜRLÜĞÜ EKİPMANLARI VE TERİMLER,afid
00441,Kazmak,KAZMAK,afid
00442,Keçi ayağı silindir,KEÇİ AYAĞI SİLİNDİR,afid
00443,Lastik zinciri,LASTİK ZİNCİRİ,afid
00444,Levha çakmak,LEVHA ÇAKMAK,afid
00445,Loder,LODER,afid
00451,Makaslı platform,MAKASLI PLATFORM,afid
00452,Motopomp,MOTOPOMP,afid
00453,Mutfak treyleri,MUTFAK TREYLERİ,afid
00454,Nakliye treyleri(lowbet),NAKLİYE TREYLERİ(LOWBET),afid
00455,Pikap,PİKAP,afid
00457,Şantiye,ŞANTİYE,afid
00456,Su tankeri,SU TANKERİ,afid
00458,Testere,TESTERE,afid
00459,Tuz atmak,TUZ ATMAK,afid
00460,Vinç,VİNÇ,afid
00466,Yatakhane treyleri,YATAKHANE TREYLERİ,afid
00467,Yol çizgi makinesi,YOL ÇİZGİ MAKİNESİ,afid
00468,Yol yapmak,YOL YAPMAK,afid
00233,Akaryakıt tankeri,AKARYAKIT TANKERİ,afid
00234,Akü,AKÜ,afid
00235,Akü ölçer,AKÜ ÖLÇER,afid
00236,Akü şarj aleti,AKÜ ŞARJ ALETİ,afid
00237,Ayaklı matkap(sabit),AYAKLI MATKAP(SABİT),afid
00238,Beko loder,BEKO LODER,afid
00239,Bez halat,BEZ HALAT,afid
00240,Çanta kaynağı,ÇANTA KAYNAĞI,afid
00241,Çatlak enjeksiyonu,ÇATLAK ENJEKSİYONU,afid
00242,Çelik halat,ÇELİK HALAT,afid
00231,Devlet su işleri genel müdürlüğü ekipmanları ve terimler,DEVLET SU İŞLERİ GENEL MÜDÜRLÜĞÜ EKİPMANLARI VE TERİMLER,afid
00243,Dozer,DOZER,afid
00244,Kamyonlu vinç,KAMYONLU VİNÇ,afid
00245,Koruyucu ayakkabı,KORUYUCU AYAKKABI,afid
00246,Koruyucu gözlük,KORUYUCU GÖZLÜK,afid
00247,Loder,LODER,afid
00248,Marangozhane,MARANGOZHANE,afid
00249,Metre,METRE,afid
00250,Mutfak treyleri,MUTFAK TREYLERİ,afid
00251,Nakliye treyleri(lowbet),NAKLİYE TREYLERİ(LOWBET),afid
00252,Pikap,PİKAP,afid
00253,Rim(cer)dişlisi,RİM(CER)DİŞLİSİ,afid
00254,Riper(kazıyıcı),RİPER(KAZIYICI),afid
00255,Sabit vinç,SABİT VİNÇ,afid
00258,Şev,ŞEV,afid
00256,Sondaj makinesi,SONDAJ MAKİNESİ,afid
00257,Su tankeri,SU TANKERİ,afid
00259,Yatakhane treyleri,YATAKHANE TREYLERİ,afid
00501,Açık ağız anahtar takımı,AÇIK AĞIZ ANAHTAR TAKIMI,afid
00502,Akaryakıt tankeri,AKARYAKIT TANKERİ,afid
00503,Atık su,ATIK SU,afid
00509,Balyoz,BALYOZ,afid
00510,Beko loder,BEKO LODER,afid
00511,Çalışma tezgahı,ÇALIŞMA TEZGAHI,afid
00512,Dalgıç pompa,DALGIÇ POMPA,afid
00513,Damlama borusu,DAMLAMA BORUSU,afid
00519,Dedektör,DEDEKTÖR,afid
00520,Dezenfeksiyon,DEZENFEKSİYON,afid
00521,Dozer,DOZER,afid
00522,Ekip aracı,EKİP ARACI,afid
00523,Ekskavatör,EKSKAVATÖR,afid
00524,Elektrik,ELEKTRİK,afid
00525,Elektrik panosu,ELEKTRİK PANOSU,afid
00526,Elektrikli kaynak makinesi,ELEKTRİKLİ KAYNAK MAKİNESİ,afid
00527,Elektrikli su süpürgesi,ELEKTRİKLİ SU SÜPÜRGESİ,afid
00528,Emniyet kemeri,EMNİYET KEMERİ,afid
00534,Enerji,ENERJİ,afid
00535,Fiziki su kayıp kaçak tespit aracı,FİZİKİ SU KAYIP KAÇAK TESPİT ARACI,afid
00536,Forklift,FORKLİFT,afid
00537,Gelberi,GELBERİ,afid
00538,Jeneratör,JENERATÖR,afid
00539,Kaçak akım,KAÇAK AKIM,afid
00540,Kanal görüntüleme aracı,KANAL GÖRÜNTÜLEME ARACI,afid
00541,Kanal temizleme aracı,KANAL TEMİZLEME ARACI,afid
00542,Kanal ve su rogar kapağı,KANAL VE SU ROGAR KAPAĞI,afid
00543,Kanalizasyon şebekesi,KANALİZASYON ŞEBEKESİ,afid
00549,Kısa devre,KISA DEVRE,afid
00550,Klor,KLOR,afid
00551,Kontrol kalemi,KONTROL KALEMİ,afid
00552,Koordinat,KOORDİNAT,afid
00553,Kovalı araç,KOVALI ARAÇ,afid
00554,Kurbağacık anahtar,KURBAĞACIK ANAHTAR,afid
00555,Kürek,KÜREK,afid
00556,Levye,LEVYE,afid
00557,Lokma anahtar takımı,LOKMA ANAHTAR TAKIMI,afid
00558,Motopomp,MOTOPOMP,afid
00564,Multimetre(ölçü aleti),MULTİMETRE(ÖLÇÜ ALETİ),afid
00565,Pano,PANO,afid
00566,Paratoner,PARATONER,afid
00567,Pe su borusu,PE SU BORUSU,afid
00568,Pikap,PİKAP,afid
00574,Plc,PLC,afid
00575,Priz,PRİZ,afid
00587,Şamandıra,ŞAMANDIRA,afid
00576,Scada,SCADA,afid
01161,Şebeke suyu,ŞEBEKE SUYU,afid
00577,Sert fırça,SERT FIRÇA,afid
00578,Seyyar lamba,SEYYAR LAMBA,afid
00579,Seyyar merdiven,SEYYAR MERDİVEN,afid
00580,Sonda cihazı,SONDA CİHAZI,afid
00581,Spatula,SPATULA,afid
00582,Su dalgıç pompası,SU DALGIÇ POMPASI,afid
00583,Su sayacı,SU SAYACI,afid
00584,Su tankeri,SU TANKERİ,afid
00585,Su terazisi,SU TERAZİSİ,afid
00499,Su ve kanalizasyon idaresi genel müdürlüğü  ekipmanları ve terimler,SU VE KANALİZASYON İDARESİ GENEL MÜDÜRLÜĞÜ  EKİPMANLARI VE TERİMLER,afid
00586,Switch,SWİTCH,afid
00589,Takım çantası,TAKIM ÇANTASI,afid
00590,Taşlama makinesi,TAŞLAMA MAKİNESİ,afid
00591,Tatlı su tankeri,TATLI SU TANKERİ,afid
00592,Tel fırça,TEL FIRÇA,afid
00593,Testere,TESTERE,afid
00594,Trafo,TRAFO,afid
00595,Ups(kesintisiz güç kaynağı),UPS(KESİNTİSİZ GÜÇ KAYNAĞI),afid
00596,Urgan ip,URGAN İP,afid
00597,Vinçli kamyon,VİNÇLİ KAMYON,afid
00598,Yüzey temizlik makinesi,YÜZEY TEMİZLİK MAKİNESİ,afid
00599,Zayıf akım,ZAYIF AKIM,afid
01058,110'luk hortum,110'LUK HORTUM,afid
01059,85'lik hortum,85'LİK HORTUM,afid
01060,Ala hortum(alıcı hortum),ALA HORTUM(ALICI HORTUM),afid
01061,Alevli,ALEVLİ,afid
01069,Araç takviyesi,ARAÇ TAKVİYESİ,afid
01070,Atlama çadırı,ATLAMA ÇADIRI,afid
01071,Ayırma makası,AYIRMA MAKASI,afid
01072,Bar düşür,BAR DÜŞÜR,afid
01073,Bar yükselt,BAR YÜKSELT,afid
01074,Cam kırma çekici,CAM KIRMA ÇEKİCİ,afid
01075,Duman,DUMAN,afid
01076,Ev yangını,EV YANGINI,afid
01077,Fikrasyon,FİKRASYON,afid
01078,Gaz maskesi,GAZ MASKESİ,afid
01079,Güç ünitesi,GÜÇ ÜNİTESİ,afid
01080,Helikopterle müdahale,HELİKOPTERLE MÜDAHALE,afid
01081,Hidrant,HİDRANT,afid
01082,Hortum,HORTUM,afid
01083,Hortum at,HORTUM AT,afid
01084,Hortum çek,HORTUM ÇEK,afid
01085,Hortum ekle,HORTUM EKLE,afid
01086,Hortum topla,HORTUM TOPLA,afid
01087,Ilk müdahale,İLK MÜDAHALE,afid
01088,Ilk müdahale hortumu,İLK MÜDAHALE HORTUMU,afid
01089,Iş yeri yangını,İŞ YERİ YANGINI,afid
01090,Itfaiye aracı,İTFAİYE ARACI,afid
01057,Itfaiye genel müdürlüğü ekipmanları ve terimler,İTFAİYE GENEL MÜDÜRLÜĞÜ EKİPMANLARI VE TERİMLER,afid
01091,Itfaiyeci çizmesi,İTFAİYECİ ÇİZMESİ,afid
01092,Itfaiyeci elbisesi,İTFAİYECİ ELBİSESİ,afid
01093,Itfaiyeci eldiveni,İTFAİYECİ ELDİVENİ,afid
01094,Itfaiyeci kaskı,İTFAİYECİ KASKI,afid
01095,Itfaiyeci yangın kemeri,İTFAİYECİ YANGIN KEMERİ,afid
01096,Kask feneri,KASK FENERİ,afid
01097,Kesme makası,KESME MAKASI,afid
01098,Kombi set makası,KOMBİ SET MAKASI,afid
01099,Köpük lansları,KÖPÜK LANSLARI,afid
01100,Manuel güç ünitesi,MANUEL GÜÇ ÜNİTESİ,afid
01101,Olay yeri,OLAY YERİ,afid
01102,Olay yeri güvenliği,OLAY YERİ GÜVENLİĞİ,afid
01103,Olay yeri kontrolü,OLAY YERİ KONTROLÜ,afid
01104,Orman yangını,ORMAN YANGINI,afid
01105,Personel takviyesi,PERSONEL TAKVİYESİ,afid
01106,Sabitleme takozlar,SABİTLEME TAKOZLAR,afid
01107,Silindirler(ram),SİLİNDİRLER(RAM),afid
01108,Sirayet,SİRAYET,afid
01109,Soğutma,SOĞUTMA,afid
01109,Söndürme,SÖNDÜRME,afid
01110,Su takviyesi,SU TAKVİYESİ,afid
01111,Suyu aç,SUYU AÇ,afid
01112,Suyu kapat,SUYU KAPAT,afid
01113,Tahkimat seti,TAHKİMAT SETİ,afid
01114,Temiz hava solunum cihazı,TEMİZ HAVA SOLUNUM CİHAZI,afid
01115,Termal kamera,TERMAL KAMERA,afid
01116,Toz maskesi,TOZ MASKESİ,afid
01117,Trafik yönlendirme çubuğu,TRAFİK YÖNLENDİRME ÇUBUĞU,afid
01118,Tripod,TRİPOD,afid
01119,Turbo lans,TURBO LANS,afid
01120,Vakumlu sedye,VAKUMLU SEDYE,afid
01121,Yangın,YANGIN,afid
01122,Yangın algılama sistemi,YANGIN ALGILAMA SİSTEMİ,afid
01123,Yangın battaniyesi,YANGIN BATTANİYESİ,afid
01124,Yangın dolabı,YANGIN DOLABI,afid
01125,Yangın durdurucu blok,YANGIN DURDURUCU BLOK,afid
01126,Yangın durdurucu harç,YANGIN DURDURUCU HARÇ,afid
01127,Yangın durdurucu köpük,YANGIN DURDURUCU KÖPÜK,afid
01128,Yangın durdurucu plaka,YANGIN DURDURUCU PLAKA,afid
01129,Yangın durdurucu yastık,YANGIN DURDURUCU YASTIK,afid
01130,Yangın kontrol altında,YANGIN KONTROL ALTINDA,afid
01131,Yangın merdiveni,YANGIN MERDİVENİ,afid
01132,Yangın raporu,YANGIN RAPORU,afid
01133,Yangın söndürme tozları,YANGIN SÖNDÜRME TOZLARI,afid
01134,Yangın tüpü,YANGIN TÜPÜ,afid
01135,Yüksek basınçlı hava yastığı,YÜKSEK BASINÇLI HAVA YASTIĞI,afid
01136,Yüksek basınçlı hortum,YÜKSEK BASINÇLI HORTUM,afid
00261,Akaryakıt tankeri,AKARYAKIT TANKERİ,afid
00262,Alt yapı,ALT YAPI,afid
00263,Anahtar(alet),ANAHTAR(ALET),afid
00264,Asfalt,ASFALT,afid
00265,Asfalt kazıma makinesi(freze),ASFALT KAZIMA MAKİNESİ(FREZE),afid
00266,Asfalt plenti,ASFALT PLENTİ,afid
01157,Asfalt serici(finişer),ASFALT SERİCİ(FİNİŞER),afid
00267,Asfalt sermek,ASFALT SERMEK,afid
00268,Atölye,ATÖLYE,afid
00269,Beko loder,BEKO LODER,afid
00270,Distribütör,DİSTRİBÜTÖR,afid
00271,Dozer,DOZER,afid
00272,Ekskavatör,EKSKAVATÖR,afid
00260,Fen işleri dairesi başkanlığı ekipmanları ve terimler,FEN İŞLERİ DAİRESİ BAŞKANLIĞI EKİPMANLARI VE TERİMLER,afid
00273,Forklift,FORKLİFT,afid
00274,Greyder,GREYDER,afid
00275,Hidrolik yağ,HİDROLİK YAĞ,afid
00276,Iş kamyonu,İŞ KAMYONU,afid
00277,Iş makineleri,İŞ MAKİNELERİ,afid
00278,Kamyonlu vinç,KAMYONLU VİNÇ,afid
00279,Kaportahane,KAPORTAHANE,afid
00280,Kar küreme aracı,KAR KÜREME ARACI,afid
00281,Kaynakhane,KAYNAKHANE,afid
00283,Kilit,KİLİT,afid
00282,Kırıcı,KIRICI,afid
00284,Kompaktör,KOMPAKTÖR,afid
00285,Konteyner,KONTEYNER,afid
00286,Loder,LODER,afid
00287,Motor,MOTOR,afid
00288,Motor yağı,MOTOR YAĞI,afid
00289,Odun,ODUN,afid
00290,Parke taşı döşeme makinesi,PARKE TAŞI DÖŞEME MAKİNESİ,afid
00291,Pikap,PİKAP,afid
00292,Silindir,SİLİNDİR,afid
00293,Su tankeri,SU TANKERİ,afid
00294,Tretuvar,TRETUVAR,afid
00295,Üst yapı,ÜST YAPI,afid
00296,Vabil,VABİL,afid
00297,Yatakhane treyleri,YATAKHANE TREYLERİ,afid
00298,Zemin süpürme aracı,ZEMİN SÜPÜRME ARACI,afid
00163,Afet,AFET,afid
00164,Ağaç,AĞAÇ,afid
00165,Ağaç gövdesi,AĞAÇ GÖVDESİ,afid
00166,Ateş,ATEŞ,afid
00167,Ay,AY,afid
00168,Bahar,BAHAR,afid
00169,Bahçe,BAHÇE,afid
00170,Bataklık,BATAKLIK,afid
00171,Batmak(boğulmak),BATMAK(BOĞULMAK),afid
00172,Batmak(güneş),BATMAK(GÜNEŞ),afid
00173,Bitki,BİTKİ,afid
00174,Bulut,BULUT,afid
00175,Buzul,BUZUL,afid
00176,Çam,ÇAM,afid
00178,Çiçek,ÇİÇEK,afid
00177,Çığ,ÇIĞ,afid
00179,Çimen,ÇİMEN,afid
00162,Coğrafi terimler ve doğa,COĞRAFİ TERİMLER VE DOĞA,afid
00180,Çöl,ÇÖL,afid
00181,Dağ,DAĞ,afid
00182,Dal,DAL,afid
00183,Dalga,DALGA,afid
00184,Deniz,DENİZ,afid
00185,Deprem,DEPREM,afid
00186,Dere,DERE,afid
00187,Doğa olayı,DOĞA OLAYI,afid
00188,Dolu,DOLU,afid
00189,Dünya,DÜNYA,afid
00190,Fırtına,FIRTINA,afid
00191,Gök gürültüsü,GÖK GÜRÜLTÜSÜ,afid
00192,Gökkuşağı,GÖKKUŞAĞI,afid
00193,Göl,GÖL,afid
00194,Gül,GÜL,afid
00195,Güneş,GÜNEŞ,afid
00196,Hava,HAVA,afid
00197,Hava durumu,HAVA DURUMU,afid
00198,Heyelan,HEYELAN,afid
00199,Hortum(doğa olayı),HORTUM(DOĞA OLAYI),afid
00201,Ilkbahar,İLKBAHAR,afid
00200,Irmak,IRMAK,afid
00202,Kaya,KAYA,afid
00203,Kış,KIŞ,afid
00204,Köy,KÖY,afid
00205,Kum,KUM,afid
00206,Liman,LİMAN,afid
00207,Mağara,MAĞARA,afid
00208,Mahalle,MAHALLE,afid
00209,Mevsim,MEVSİM,afid
00210,Okyanus,OKYANUS,afid
00211,Ova,OVA,afid
00212,Rüzgar,RÜZGAR,afid
00213,Sahil,SAHİL,afid
00214,Sel,SEL,afid
00218,Şelale,ŞELALE,afid
00219,Şimşek,ŞİMŞEK,afid
00215,Sis,SİS,afid
00216,Sonbahar,SONBAHAR,afid
00217,Su,SU,afid
00220,Taş,TAŞ,afid
00221,Tepe,TEPE,afid
00222,Toprak,TOPRAK,afid
00223,Tsunami,TSUNAMİ,afid
00224,Volkan,VOLKAN,afid
00224,Yanardağ,YANARDAĞ,afid
00225,Yangın,YANGIN,afid
00226,Yaprak,YAPRAK,afid
00227,Yayla,YAYLA,afid
00228,Yaz,YAZ,afid
00229,Yıldırım,YILDIRIM,afid
00230,Yıldız,YILDIZ,afid
00793,Ambulans,AMBULANS,afid
00794,Araba,ARABA,afid
00795,Bisiklet,BİSİKLET,afid
00796,Çekici,ÇEKİCİ,afid
00797,Dolmuş,DOLMUŞ,afid
00798,Dolmuş,DOLMUŞ,afid
00799,Gemi,GEMİ,afid
00800,Helikopter,HELİKOPTER,afid
00801,Hızlı tren,HIZLI TREN,afid
00802,Kamyon,KAMYON,afid
00803,Kayak,KAYAK,afid
00804,Kayık,KAYIK,afid
00805,Marmaray,MARMARAY,afid
00806,Metro,METRO,afid
00807,Metrobüs,METROBÜS,afid
00808,Motosiklet,MOTOSİKLET,afid
00809,Otobüs,OTOBÜS,afid
00810,Taksi,TAKSİ,afid
00792,Taşıtlar,TAŞITLAR,afid
00811,Tekne,TEKNE,afid
00817,Teleferik,TELEFERİK,afid
00818,Tır,TIR,afid
00819,Trafik,TRAFİK,afid
00820,Traktör,TRAKTÖR,afid
00821,Tramvay,TRAMVAY,afid
00822,Tren,TREN,afid
00823,Uçak,UÇAK,afid
00824,Vapur,VAPUR,afid
00641,Ambulans şoförü,AMBULANS ŞOFÖRÜ,afid
00642,Anestezi uzmanı,ANESTEZİ UZMANI,afid
00643,Arama kurtarma ekibi,ARAMA KURTARMA EKİBİ,afid
00644,Asker,ASKER,afid
00655,Bakan,BAKAN,afid
00656,Bakıcı,BAKICI,afid
00657,Başkan,BAŞKAN,afid
00658,Bekçi,BEKÇİ,afid
00659,Belediye başkanı,BELEDİYE BAŞKANI,afid
00660,Bilirkişi,BİLİRKİŞİ,afid
00662,Çoban,ÇOBAN,afid
00661,Cumhurbaşkanı,CUMHURBAŞKANI,afid
00663,Dağcı,DAĞCI,afid
00664,Dalgıç,DALGIÇ,afid
00670,Doktor(1),DOKTOR(1),afid
00671,Doktor(2),DOKTOR(2),afid
00672,Hemşire,HEMŞİRE,afid
00673,Hizmetli,HİZMETLİ,afid
00674,Inşaatçı,İNŞAATÇI,afid
00675,Işçi,İŞÇİ,afid
00676,Itfaiyeci,İTFAİYECİ,afid
00677,Jandarma,JANDARMA,afid
00678,Kaymakam,KAYMAKAM,afid
00640,Meslekler,MESLEKLER,afid
00679,Mimar,MİMAR,afid
00681,Müdür,MÜDÜR,afid
00682,Mühendis,MÜHENDİS,afid
00680,Muhtar,MUHTAR,afid
00683,Müteahhit,MÜTEAHHİT,afid
00692,Öğretmen,ÖĞRETMEN,afid
00684,Operatör,OPERATÖR,afid
00690,Operatör(iletişim),OPERATÖR(İLETİŞİM),afid
00691,Otobüs şoförü,OTOBÜS ŞOFÖRÜ,afid
00693,Polis,POLİS,afid
00694,Psikolog,PSİKOLOG,afid
00695,Şef,ŞEF,afid
00696,Şoför,ŞOFÖR,afid
00697,Tamirci,TAMİRCİ,afid
00698,Tekniker,TEKNİKER,afid
00699,Tercüman(1),TERCÜMAN(1),afid
00705,Tercüman(2),TERCÜMAN(2),afid
00706,Uzman,UZMAN,afid
00707,Vali,VALİ,afid
00708,Zabıta,ZABITA,afid
00305,Akrep,AKREP,afid
00306,Arı,ARI,afid
00307,Aslan,ASLAN,afid
00308,At,AT,afid
00309,Ayı,AYI,afid
00310,Ayı,AYI,afid
00311,Balık,BALIK,afid
00312,Bit,BİT,afid
00319,Böcek,BÖCEK,afid
00313,Boğa,BOĞA,afid
00321,Çekirge,ÇEKİRGE,afid
00320,Civciv,CİVCİV,afid
00322,Davar,DAVAR,afid
00323,Deve,DEVE,afid
00324,Domuz,DOMUZ,afid
00325,Eşek,EŞEK,afid
00326,Fare,FARE,afid
00327,Fil,FİL,afid
00328,Fok,FOK,afid
00329,Geyik,GEYİK,afid
00330,Güvercin,GÜVERCİN,afid
00331,Hamsi,HAMSİ,afid
00304,Hayvanlar,HAYVANLAR,afid
00332,Hindi,HİNDİ,afid
00333,Horoz,HOROZ,afid
00334,Inek,İNEK,afid
00335,Kanguru,KANGURU,afid
00336,Kaplan,KAPLAN,afid
00337,Kaplumbağa,KAPLUMBAĞA,afid
00338,Karınca,KARINCA,afid
00339,Kartal,KARTAL,afid
00340,Keçi,KEÇİ,afid
00341,Kedi,KEDİ,afid
00342,Kelebek,KELEBEK,afid
00343,Kirpi,KİRPİ,afid
00344,Koç,KOÇ,afid
00346,Köpek,KÖPEK,afid
00345,Koyun,KOYUN,afid
00348,Kurbağa,KURBAĞA,afid
00354,Kurt,KURT,afid
00355,Kuş,KUŞ,afid
00356,Leylek,LEYLEK,afid
00357,Maymun,MAYMUN,afid
00358,Midye,MİDYE,afid
00359,Örümcek,ÖRÜMCEK,afid
00360,Papağan,PAPAĞAN,afid
00361,Sinek,SİNEK,afid
00362,Sivrisinek,SİVRİSİNEK,afid
00363,Solucan,SOLUCAN,afid
00364,Tavşan,TAVŞAN,afid
00365,Tavuk,TAVUK,afid
00366,Tilki,TİLKİ,afid
00367,Timsah,TİMSAH,afid
00368,Yarasa,YARASA,afid
00369,Yengeç,YENGEÇ,afid
00370,Yılan,YILAN,afid
00371,Zürafa,ZÜRAFA,afid
00861,Adana,ADANA,afid
00862,Adıyaman,ADIYAMAN,afid
00863,Afyonkarahisar,AFYONKARAHİSAR,afid
00864,Ağrı,AĞRI,afid
00865,Aksaray,AKSARAY,afid
00866,Amasya,AMASYA,afid
00867,Ankara,ANKARA,afid
00868,Antalya,ANTALYA,afid
00869,Ardahan,ARDAHAN,afid
00875,Artvin,ARTVİN,afid
00876,Aydın,AYDIN,afid
00877,Balıkesir,BALIKESİR,afid
00878,Bartın,BARTIN,afid
00879,Batman,BATMAN,afid
00885,Bayburt,BAYBURT,afid
00886,Bilecik,BİLECİK,afid
00887,Bingöl,BİNGÖL,afid
00888,Bitlis,BİTLİS,afid
00889,Bolu,BOLU,afid
00890,Burdur,BURDUR,afid
00891,Bursa,BURSA,afid
00892,Çanakkale,ÇANAKKALE,afid
00893,Çankırı,ÇANKIRI,afid
00894,Çorum,ÇORUM,afid
00900,Denizli,DENİZLİ,afid
00901,Diyarbakır,DİYARBAKIR,afid
00902,Düzce,DÜZCE,afid
00903,Edirne,EDİRNE,afid
00904,Elazığ,ELAZIĞ,afid
00905,Erzincan,ERZİNCAN,afid
00906,Erzurum,ERZURUM,afid
00907,Eskişehir,ESKİŞEHİR,afid
00908,Gaziantep,GAZİANTEP,afid
00909,Giresun,GİRESUN,afid
00915,Gümüşhane,GÜMÜŞHANE,afid
00916,Hakkari,HAKKARİ,afid
00917,Hatay,HATAY,afid
00918,Iğdır,IĞDIR,afid
00860,Iller,İLLER,afid
00919,Isparta,ISPARTA,afid
00920,Istanbul,İSTANBUL,afid
00921,Izmir,İZMİR,afid
00922,Kahramanmaraş,KAHRAMANMARAŞ,afid
00923,Karabük,KARABÜK,afid
00924,Karaman,KARAMAN,afid
00925,Kars,KARS,afid
00926,Kastamonu,KASTAMONU,afid
00927,Kayseri,KAYSERİ,afid
00931,Kilis,KİLİS,afid
00928,Kırıkkale,KIRIKKALE,afid
00929,Kırklareli,KIRKLARELİ,afid
00930,Kırşehir,KIRŞEHİR,afid
00932,Kocaeli,KOCAELİ,afid
00933,Konya,KONYA,afid
00934,Kütahya,KÜTAHYA,afid
00940,Malatya,MALATYA,afid
00941,Manisa,MANİSA,afid
00942,Mardin,MARDİN,afid
00943,Mersin,MERSİN,afid
00944,Muğla,MUĞLA,afid
00945,Muş,MUŞ,afid
00946,Nevşehir,NEVŞEHİR,afid
00947,Niğde,NİĞDE,afid
00948,Ordu,ORDU,afid
00949,Osmaniye,OSMANİYE,afid
00950,Rize,RİZE,afid
00951,Sakarya,SAKARYA,afid
00952,Samsun,SAMSUN,afid
00956,Şanlıurfa,ŞANLIURFA,afid
00953,Siirt,SİİRT,afid
00954,Sinop,SİNOP,afid
00957,Şırnak,ŞIRNAK,afid
00955,Sivas,SİVAS,afid
00958,Tekirdağ,TEKİRDAĞ,afid
00959,Tokat,TOKAT,afid
00960,Trabzon,TRABZON,afid
00961,Tunceli,TUNCELİ,afid
00962,Uşak,UŞAK,afid
00963,Van,VAN,afid
00964,Yalova,YALOVA,afid
00965,Yozgat,YOZGAT,afid
00966,Zonguldak,ZONGULDAK,afid
